coll_date,w_name,w_type,common_name,sex,f_length,t_length,weight,maturity,age,hg,year
2021-09-28,40 Mile Reservoir,Reservoir,Lake Whitefish,Female,383.0,439.0,0.61,Mature,,0.136,2021
2021-09-28,40 Mile Reservoir,Reservoir,Lake Whitefish,Female,370.0,425.0,0.647,Mature,9.0,0.104,2021
2021-09-28,40 Mile Reservoir,Reservoir,Lake Whitefish,Male,374.0,418.0,0.71,Mature,6.0,0.057,2021
2021-09-28,40 Mile Reservoir,Reservoir,Lake Whitefish,Female,355.0,409.0,0.591,Mature,,0.082,2021
2021-09-28,40 Mile Reservoir,Reservoir,Lake Whitefish,Female,347.0,398.0,0.6,Mature,9.0,0.143,2021
2021-09-28,40 Mile Reservoir,Reservoir,Lake Whitefish,Female,354.0,405.0,0.591,Mature,4.0,0.101,2021
2021-09-28,40 Mile Reservoir,Reservoir,Lake Whitefish,Male,348.0,394.0,0.558,Mature,,0.072,2021
2021-09-28,40 Mile Reservoir,Reservoir,Lake Whitefish,Female,359.0,412.0,0.621,Mature,8.0,0.064,2021
2021-09-28,40 Mile Reservoir,Reservoir,Lake Whitefish,Male,345.0,393.0,0.529,Mature,5.0,0.055,2021
2021-09-28,40 Mile Reservoir,Reservoir,Lake Whitefish,Female,358.0,412.0,0.588,Mature,10.0,0.102,2021
2021-09-28,40 Mile Reservoir,Reservoir,Lake Whitefish,Female,339.0,386.0,0.53,Mature,7.0,0.076,2021
2021-09-28,40 Mile Reservoir,Reservoir,Lake Whitefish,Male,325.0,363.0,0.474,Mature,4.0,0.06,2021
2021-09-28,40 Mile Reservoir,Reservoir,Lake Whitefish,Male,335.0,377.0,0.46,Mature,3.0,0.067,2021
2021-09-29,40 Mile Reservoir,Reservoir,Lake Whitefish,Female,358.0,411.0,0.622,Mature,9.0,0.075,2021
2021-09-29,40 Mile Reservoir,Reservoir,Lake Whitefish,Male,376.0,422.0,0.692,Mature,9.0,0.055,2021
2021-09-29,40 Mile Reservoir,Reservoir,Lake Whitefish,Male,349.0,399.0,0.54,Mature,9.0,0.06,2021
2021-09-29,40 Mile Reservoir,Reservoir,Lake Whitefish,Male,352.0,404.0,0.524,Mature,10.0,0.034,2021
2021-09-29,40 Mile Reservoir,Reservoir,Lake Whitefish,Male,317.0,365.0,0.402,Mature,5.0,0.053,2021
2021-09-29,40 Mile Reservoir,Reservoir,Lake Whitefish,Female,347.0,400.0,0.568,Mature,10.0,0.077,2021
2021-09-29,40 Mile Reservoir,Reservoir,Lake Whitefish,Male,380.0,437.0,0.756,Mature,16.0,0.011,2021
2021-09-29,40 Mile Reservoir,Reservoir,Lake Whitefish,Female,353.0,397.0,0.56,Mature,8.0,0.08,2021
2021-09-28,40 Mile Reservoir,Reservoir,Northern Pike,Female,682.0,728.0,2.306,Mature,7.0,0.556,2021
2021-09-28,40 Mile Reservoir,Reservoir,Northern Pike,Female,500.0,532.0,0.854,Immature,5.0,0.292,2021
2021-09-28,40 Mile Reservoir,Reservoir,Northern Pike,Female,544.0,578.0,1.256,Mature,5.0,0.28,2021
2021-09-28,40 Mile Reservoir,Reservoir,Northern Pike,Male,494.0,529.0,0.99,Mature,4.0,0.296,2021
2021-09-28,40 Mile Reservoir,Reservoir,Northern Pike,Female,387.0,412.0,0.402,Immature,3.0,0.166,2021
2021-09-28,40 Mile Reservoir,Reservoir,Northern Pike,Female,1030.0,1086.0,9.29,Mature,10.0,0.906,2021
2021-09-28,40 Mile Reservoir,Reservoir,Northern Pike,Female,820.0,866.0,4.588,Mature,8.0,0.383,2021
2021-09-28,40 Mile Reservoir,Reservoir,Northern Pike,Female,872.0,912.0,5.584,Mature,9.0,0.525,2021
2021-09-28,40 Mile Reservoir,Reservoir,Northern Pike,Female,885.0,914.0,6.27,Mature,8.0,0.504,2021
2021-09-28,40 Mile Reservoir,Reservoir,Northern Pike,Male,521.0,554.0,1.16,Mature,5.0,0.26,2021
2021-09-28,40 Mile Reservoir,Reservoir,Northern Pike,Male,453.0,484.0,0.702,Mature,4.0,0.218,2021
2021-09-28,40 Mile Reservoir,Reservoir,Northern Pike,Female,570.0,608.0,1.296,Immature,4.0,0.29,2021
2021-09-28,40 Mile Reservoir,Reservoir,Northern Pike,Female,585.0,622.0,1.682,Mature,6.0,0.251,2021
2021-09-28,40 Mile Reservoir,Reservoir,Northern Pike,Female,595.0,622.0,1.502,Mature,5.0,0.326,2021
2021-09-28,40 Mile Reservoir,Reservoir,Northern Pike,Male,730.0,771.0,4.108,Mature,8.0,0.643,2021
2021-09-28,40 Mile Reservoir,Reservoir,Northern Pike,Male,543.0,579.0,1.256,Mature,4.0,0.308,2021
2021-09-28,40 Mile Reservoir,Reservoir,Northern Pike,Male,672.0,715.0,2.286,Mature,6.0,0.701,2021
2021-09-28,40 Mile Reservoir,Reservoir,Walleye,Male,487.0,513.0,1.188,Mature,9.0,1.438,2021
2021-09-28,40 Mile Reservoir,Reservoir,Walleye,Male,562.0,591.0,2.024,Mature,8.0,1.078,2021
2021-09-28,40 Mile Reservoir,Reservoir,Walleye,Female,563.0,595.0,2.018,Mature,8.0,0.927,2021
2021-09-28,40 Mile Reservoir,Reservoir,Walleye,Female,525.0,555.0,1.624,Mature,7.0,0.638,2021
2021-09-28,40 Mile Reservoir,Reservoir,Walleye,Male,540.0,566.0,1.966,Mature,9.0,1.35,2021
2021-09-28,40 Mile Reservoir,Reservoir,Walleye,Female,689.0,721.0,4.002,Mature,16.0,1.387,2021
2021-09-28,40 Mile Reservoir,Reservoir,Walleye,Male,485.0,519.0,1.268,Mature,6.0,0.704,2021
2021-09-28,40 Mile Reservoir,Reservoir,Walleye,Male,572.0,608.0,1.796,Mature,12.0,1.523,2021
2021-09-28,40 Mile Reservoir,Reservoir,Walleye,Female,543.0,579.0,1.922,Mature,6.0,0.563,2021
2021-09-28,40 Mile Reservoir,Reservoir,Walleye,Male,542.0,577.0,2.054,Mature,10.0,1.087,2021
2021-09-28,40 Mile Reservoir,Reservoir,Walleye,Female,564.0,596.0,1.964,Mature,7.0,0.948,2021
2021-09-28,40 Mile Reservoir,Reservoir,Walleye,Male,550.0,582.0,1.952,Mature,10.0,1.179,2021
2021-09-28,40 Mile Reservoir,Reservoir,Walleye,Male,452.0,482.0,1.096,Mature,6.0,0.559,2021
2021-09-28,40 Mile Reservoir,Reservoir,Walleye,Male,453.0,482.0,0.998,Mature,5.0,0.672,2021
2021-09-28,40 Mile Reservoir,Reservoir,Walleye,Male,470.0,499.0,1.244,Mature,6.0,0.596,2021
2021-09-28,40 Mile Reservoir,Reservoir,Walleye,Male,471.0,500.0,1.054,Mature,6.0,0.579,2021
2021-09-28,40 Mile Reservoir,Reservoir,Walleye,Female,690.0,713.0,4.046,Mature,16.0,1.258,2021
2021-09-28,40 Mile Reservoir,Reservoir,Walleye,Unknown,618.0,651.0,2.362,Mature,10.0,1.128,2021
2021-09-28,40 Mile Reservoir,Reservoir,Walleye,Female,690.0,723.0,3.156,Mature,16.0,1.325,2021
2021-09-28,40 Mile Reservoir,Reservoir,Walleye,Female,587.0,620.0,2.578,Mature,18.0,1.297,2021
2021-09-28,40 Mile Reservoir,Reservoir,Walleye,Female,423.0,445.0,0.757,Immature,3.0,0.311,2021
2021-09-28,40 Mile Reservoir,Reservoir,Walleye,Female,718.0,750.0,5.036,Mature,16.0,1.047,2021
2021-09-28,40 Mile Reservoir,Reservoir,Walleye,Female,608.0,636.0,2.576,Mature,10.0,1.068,2021
2021-09-28,40 Mile Reservoir,Reservoir,Walleye,Male,529.0,556.0,1.689,Mature,9.0,1.687,2021
2021-09-28,40 Mile Reservoir,Reservoir,Walleye,Female,666.0,695.0,2.712,Mature,14.0,1.279,2021
2021-09-28,40 Mile Reservoir,Reservoir,Walleye,Male,537.0,565.0,1.732,Mature,9.0,1.118,2021
2013-09-18,Amisk Lake,Lake,Lake Whitefish,Male,509.0,560.0,1.99,Mature,23.0,0.083,2013
2013-09-19,Amisk Lake,Lake,Lake Whitefish,Male,520.0,570.0,2.0,Mature,16.0,0.072,2013
2010-09-16,Amisk Lake,Lake,Northern Pike,Female,455.0,484.0,0.51,Mature,4.0,0.456,2010
2010-09-16,Amisk Lake,Lake,Northern Pike,Female,498.0,528.0,0.8,Mature,3.0,0.497,2010
2010-09-16,Amisk Lake,Lake,Northern Pike,Female,574.0,605.0,0.95,Mature,5.0,0.651,2010
2010-09-16,Amisk Lake,Lake,Northern Pike,Female,523.0,561.0,0.8,Mature,6.0,0.846,2010
2010-09-16,Amisk Lake,Lake,Northern Pike,Female,530.0,571.0,0.725,Mature,6.0,0.792,2010
2010-09-16,Amisk Lake,Lake,Northern Pike,Female,521.0,559.0,0.865,Mature,2.0,0.265,2010
2010-09-16,Amisk Lake,Lake,Northern Pike,Female,635.0,675.0,1.725,Mature,3.0,0.318,2010
2010-09-16,Amisk Lake,Lake,Northern Pike,Male,411.0,440.0,0.79,Mature,,0.356,2010
2010-09-17,Amisk Lake,Lake,Northern Pike,Female,496.0,540.0,0.8,Mature,4.0,0.556,2010
2010-09-17,Amisk Lake,Lake,Northern Pike,Female,525.0,564.0,0.525,Mature,5.0,0.761,2010
2010-09-17,Amisk Lake,Lake,Northern Pike,Female,485.0,520.0,0.625,Mature,4.0,0.465,2010
2013-09-18,Amisk Lake,Lake,Northern Pike,Female,489.0,516.0,0.764,Mature,5.0,0.444,2013
2013-09-18,Amisk Lake,Lake,Northern Pike,Female,515.0,550.0,0.767,Mature,5.0,0.699,2013
2013-09-18,Amisk Lake,Lake,Northern Pike,Female,560.0,595.0,1.244,Mature,5.0,0.576,2013
2013-09-18,Amisk Lake,Lake,Northern Pike,Female,770.0,816.0,3.637,Mature,7.0,0.795,2013
2013-09-18,Amisk Lake,Lake,Northern Pike,Male,447.0,479.0,0.588,Mature,5.0,0.486,2013
2013-09-18,Amisk Lake,Lake,Northern Pike,Female,438.0,469.0,0.636,Mature,4.0,0.307,2013
2013-09-18,Amisk Lake,Lake,Northern Pike,Female,472.0,505.0,0.616,Mature,4.0,0.585,2013
2013-09-19,Amisk Lake,Lake,Northern Pike,Female,438.0,469.0,0.588,Mature,4.0,0.122,2013
2013-09-19,Amisk Lake,Lake,Northern Pike,Male,481.0,516.0,0.754,Mature,4.0,0.135,2013
2013-09-19,Amisk Lake,Lake,Northern Pike,Female,460.0,490.0,0.691,Mature,5.0,0.341,2013
2013-09-19,Amisk Lake,Lake,Northern Pike,Male,500.0,536.0,0.88,Mature,3.0,0.255,2013
2013-09-19,Amisk Lake,Lake,Northern Pike,Male,460.0,494.0,0.619,Mature,4.0,0.663,2013
2013-09-19,Amisk Lake,Lake,Northern Pike,Female,482.0,515.0,0.79,Mature,4.0,0.364,2013
2013-09-19,Amisk Lake,Lake,Northern Pike,Female,598.0,630.0,1.413,Mature,5.0,0.92,2013
2013-09-19,Amisk Lake,Lake,Northern Pike,Male,535.0,565.0,1.056,Mature,5.0,0.552,2013
2013-09-19,Amisk Lake,Lake,Northern Pike,Female,485.0,518.0,0.625,Immature,5.0,0.591,2013
2010-09-16,Amisk Lake,Lake,Walleye,Female,466.0,498.0,0.82,Immature,11.0,1.167,2010
2010-09-16,Amisk Lake,Lake,Walleye,Male,360.0,381.0,0.425,Mature,4.0,0.487,2010
2010-09-16,Amisk Lake,Lake,Walleye,Male,492.0,525.0,0.98,Mature,11.0,1.174,2010
2010-09-16,Amisk Lake,Lake,Walleye,Male,419.0,445.0,0.7,Mature,12.0,0.957,2010
2010-09-16,Amisk Lake,Lake,Walleye,Female,284.0,303.0,0.233,Immature,3.0,0.285,2010
2010-09-16,Amisk Lake,Lake,Walleye,Male,378.0,402.0,0.52,Immature,4.0,0.493,2010
2010-09-16,Amisk Lake,Lake,Walleye,Female,342.0,365.0,0.39,Immature,4.0,0.433,2010
2010-09-16,Amisk Lake,Lake,Walleye,Male,437.0,465.0,0.82,Mature,11.0,1.363,2010
2010-09-16,Amisk Lake,Lake,Walleye,Male,430.0,457.0,0.7,Mature,12.0,1.269,2010
2010-09-17,Amisk Lake,Lake,Walleye,Female,460.0,490.0,1.02,Mature,11.0,0.572,2010
2010-09-17,Amisk Lake,Lake,Walleye,Female,524.0,553.0,1.1,Mature,14.0,1.244,2010
2013-09-18,Amisk Lake,Lake,Walleye,Male,426.0,450.0,0.797,Mature,7.0,0.848,2013
2013-09-18,Amisk Lake,Lake,Walleye,Female,450.0,474.0,0.872,Mature,7.0,0.798,2013
2013-09-18,Amisk Lake,Lake,Walleye,Male,450.0,475.0,0.962,Mature,13.0,1.029,2013
2013-09-18,Amisk Lake,Lake,Walleye,Male,464.0,495.0,0.935,Mature,15.0,1.589,2013
2013-09-18,Amisk Lake,Lake,Walleye,Male,467.0,495.0,1.02,Mature,16.0,0.795,2013
2013-09-18,Amisk Lake,Lake,Walleye,Male,445.0,465.0,0.878,Mature,14.0,1.093,2013
2013-09-18,Amisk Lake,Lake,Walleye,Male,449.0,476.0,0.987,Mature,14.0,1.298,2013
2013-09-18,Amisk Lake,Lake,Walleye,Male,387.0,410.0,0.553,Mature,6.0,0.49,2013
2013-09-18,Amisk Lake,Lake,Walleye,Female,502.0,525.0,1.238,Mature,14.0,1.112,2013
2013-09-18,Amisk Lake,Lake,Walleye,Male,432.0,462.0,0.848,Mature,14.0,1.448,2013
2013-09-18,Amisk Lake,Lake,Walleye,Female,450.0,479.0,1.006,Mature,7.0,0.684,2013
2013-09-18,Amisk Lake,Lake,Walleye,Male,435.0,459.0,0.752,Mature,14.0,1.117,2013
2013-09-18,Amisk Lake,Lake,Walleye,Male,400.0,424.0,0.701,Mature,6.0,0.554,2013
2018-07-10,Angling Lake,Lake,Northern Pike,Female,602.0,639.0,1.35,Mature,,0.449,2018
2018-07-10,Angling Lake,Lake,Northern Pike,Female,631.0,669.0,1.8,Mature,,0.307,2018
2018-07-10,Angling Lake,Lake,Northern Pike,Male,593.0,631.0,1.15,Mature,,0.536,2018
2018-07-10,Angling Lake,Lake,Northern Pike,Female,648.0,690.0,1.95,Mature,,0.353,2018
2018-07-10,Angling Lake,Lake,Northern Pike,Female,658.0,694.0,1.8,Mature,,0.453,2018
2018-07-10,Angling Lake,Lake,Northern Pike,Female,614.0,653.0,1.4,Mature,,0.384,2018
2018-07-10,Angling Lake,Lake,Northern Pike,Female,608.0,647.0,1.6,Mature,,0.242,2018
2018-07-10,Angling Lake,Lake,Northern Pike,Female,596.0,636.0,1.5,Mature,,0.245,2018
2018-07-11,Angling Lake,Lake,Northern Pike,Female,608.0,649.0,1.3,Mature,,0.408,2018
2018-07-11,Angling Lake,Lake,Northern Pike,Female,592.0,632.0,1.55,Mature,,0.369,2018
2018-07-11,Angling Lake,Lake,Northern Pike,Female,654.0,696.0,1.4,Mature,,0.541,2018
2018-07-11,Angling Lake,Lake,Northern Pike,Female,608.0,649.0,1.5,Mature,,0.291,2018
2018-07-11,Angling Lake,Lake,Northern Pike,Female,594.0,634.0,1.2,Mature,,0.484,2018
2018-07-11,Angling Lake,Lake,Northern Pike,Female,603.0,640.0,1.6,Mature,,0.34,2018
2018-07-11,Angling Lake,Lake,Northern Pike,Female,614.0,656.0,1.5,Mature,,0.272,2018
2018-07-11,Angling Lake,Lake,Northern Pike,Female,591.0,633.0,1.4,Mature,,0.326,2018
2014-10-01,Arm Lake,Lake,Northern Pike,Female,505.0,537.0,0.889,Mature,6.0,0.426,2014
2014-10-01,Arm Lake,Lake,Northern Pike,Female,518.0,547.0,0.935,Mature,5.0,0.412,2014
2014-10-01,Arm Lake,Lake,Northern Pike,Male,475.0,507.0,0.623,Mature,5.0,0.456,2014
2014-10-01,Arm Lake,Lake,Northern Pike,Male,463.0,500.0,0.655,Mature,5.0,0.364,2014
2014-10-01,Arm Lake,Lake,Northern Pike,Male,463.0,489.0,0.6,Mature,5.0,0.444,2014
2014-10-01,Arm Lake,Lake,Northern Pike,Male,510.0,541.0,0.731,Mature,5.0,0.484,2014
2014-10-01,Arm Lake,Lake,Northern Pike,Male,505.0,536.0,0.685,Mature,5.0,0.687,2014
2014-10-01,Arm Lake,Lake,Northern Pike,Female,530.0,562.0,0.865,Mature,6.0,0.57,2014
2014-09-05,Athabasca River (between Hinton and Whitecourt),River,Mountain Whitefish,Female,347.0,,0.556,Mature,,0.043,2014
2014-09-05,Athabasca River (between Hinton and Whitecourt),River,Mountain Whitefish,Male,346.0,,0.472,Mature,,,2014
2014-09-05,Athabasca River (between Hinton and Whitecourt),River,Mountain Whitefish,Female,358.0,,0.67,Mature,,,2014
2014-09-05,Athabasca River (between Hinton and Whitecourt),River,Mountain Whitefish,Female,449.0,,0.988,Mature,,,2014
2014-09-17,Athabasca River (between Hinton and Whitecourt),River,Mountain Whitefish,Unknown,403.0,,0.776,Unknown,,0.125,2014
2014-09-17,Athabasca River (between Hinton and Whitecourt),River,Mountain Whitefish,Male,373.0,,0.538,Unknown,,0.03,2014
2014-09-17,Athabasca River (between Hinton and Whitecourt),River,Mountain Whitefish,Male,372.0,,0.664,Unknown,,0.106,2014
2014-09-17,Athabasca River (between Hinton and Whitecourt),River,Mountain Whitefish,Female,339.0,,0.402,Unknown,,0.033,2014
2014-09-17,Athabasca River (between Hinton and Whitecourt),River,Mountain Whitefish,Female,416.0,,0.906,Unknown,,0.065,2014
2014-09-17,Athabasca River (between Hinton and Whitecourt),River,Mountain Whitefish,Female,308.0,,0.322,Unknown,,0.048,2014
2014-09-17,Athabasca River (between Hinton and Whitecourt),River,Mountain Whitefish,Unknown,359.0,,0.456,Unknown,,0.016,2014
2014-09-17,Athabasca River (between Hinton and Whitecourt),River,Mountain Whitefish,Unknown,372.0,,0.608,Unknown,,0.058,2014
2014-09-17,Athabasca River (between Hinton and Whitecourt),River,Mountain Whitefish,Female,340.0,,0.466,Unknown,,0.043,2014
2014-09-17,Athabasca River (between Hinton and Whitecourt),River,Mountain Whitefish,Unknown,373.0,,0.586,Unknown,,0.056,2014
2014-09-17,Athabasca River (between Hinton and Whitecourt),River,Mountain Whitefish,Female,376.0,,0.71,Unknown,,0.056,2014
2014-09-17,Athabasca River (between Hinton and Whitecourt),River,Mountain Whitefish,Male,342.0,,0.38,Unknown,,0.046,2014
2014-09-17,Athabasca River (between Hinton and Whitecourt),River,Mountain Whitefish,Male,351.0,,0.408,Unknown,,0.043,2014
2014-09-17,Athabasca River (between Hinton and Whitecourt),River,Mountain Whitefish,Female,366.0,,0.596,Unknown,,0.058,2014
2014-09-17,Athabasca River (between Hinton and Whitecourt),River,Mountain Whitefish,Female,453.0,,1.42,Unknown,,0.114,2014
2014-09-17,Athabasca River (between Hinton and Whitecourt),River,Mountain Whitefish,Female,388.0,,0.622,Unknown,,0.035,2014
2014-09-17,Athabasca River (between Hinton and Whitecourt),River,Mountain Whitefish,Male,372.0,,0.624,Unknown,,0.063,2014
2014-09-17,Athabasca River (between Hinton and Whitecourt),River,Mountain Whitefish,Female,404.0,,0.872,Unknown,,0.059,2014
2014-09-17,Athabasca River (between Hinton and Whitecourt),River,Mountain Whitefish,Male,405.0,,0.694,Unknown,,0.046,2014
2014-09-17,Athabasca River (between Hinton and Whitecourt),River,Mountain Whitefish,Unknown,411.0,,0.716,Unknown,,0.083,2014
2014-09-17,Athabasca River (between Hinton and Whitecourt),River,Mountain Whitefish,Female,405.0,,0.764,Unknown,,0.063,2014
2014-09-17,Athabasca River (between Hinton and Whitecourt),River,Mountain Whitefish,Female,422.0,,0.854,Unknown,,0.051,2014
2014-09-17,Athabasca River (between Hinton and Whitecourt),River,Mountain Whitefish,Unknown,381.0,,0.596,Unknown,,0.057,2014
2014-09-17,Athabasca River (between Hinton and Whitecourt),River,Mountain Whitefish,Female,389.0,,0.71,Unknown,,0.048,2014
2014-09-17,Athabasca River (between Hinton and Whitecourt),River,Mountain Whitefish,Unknown,434.0,,1.25,Unknown,,0.057,2014
2014-09-17,Athabasca River (between Hinton and Whitecourt),River,Mountain Whitefish,Female,325.0,,0.342,Unknown,,0.034,2014
2014-09-17,Athabasca River (between Hinton and Whitecourt),River,Mountain Whitefish,Female,370.0,,0.552,Unknown,,0.044,2014
2014-09-17,Athabasca River (between Hinton and Whitecourt),River,Mountain Whitefish,Female,415.0,,0.964,Unknown,,0.054,2014
2014-09-17,Athabasca River (between Hinton and Whitecourt),River,Mountain Whitefish,Unknown,333.0,,0.424,Unknown,,0.022,2014
2014-09-17,Athabasca River (between Hinton and Whitecourt),River,Mountain Whitefish,Female,382.0,,0.618,Unknown,,0.044,2014
2014-09-17,Athabasca River (between Hinton and Whitecourt),River,Mountain Whitefish,Male,336.0,,0.392,Unknown,,0.037,2014
2014-09-22,Athabasca River (between Hinton and Whitecourt),River,Mountain Whitefish,Male,430.0,,0.974,Unknown,,0.068,2014
2014-09-22,Athabasca River (between Hinton and Whitecourt),River,Mountain Whitefish,Female,445.0,,0.972,Unknown,,0.078,2014
2014-09-22,Athabasca River (between Hinton and Whitecourt),River,Mountain Whitefish,Male,424.0,,1.135,Unknown,,0.109,2014
2014-09-22,Athabasca River (between Hinton and Whitecourt),River,Mountain Whitefish,Male,339.0,,0.442,Unknown,,0.05,2014
2014-09-22,Athabasca River (between Hinton and Whitecourt),River,Mountain Whitefish,Male,407.0,,0.95,Unknown,,0.052,2014
2014-09-22,Athabasca River (between Hinton and Whitecourt),River,Mountain Whitefish,Female,375.0,,0.686,Unknown,,0.097,2014
2014-09-22,Athabasca River (between Hinton and Whitecourt),River,Mountain Whitefish,Female,351.0,,0.486,Unknown,,0.063,2014
2014-09-22,Athabasca River (between Hinton and Whitecourt),River,Mountain Whitefish,Female,445.0,,1.035,Unknown,,0.077,2014
2014-09-22,Athabasca River (between Hinton and Whitecourt),River,Mountain Whitefish,Male,410.0,,0.974,Unknown,,0.058,2014
2014-09-22,Athabasca River (between Hinton and Whitecourt),River,Mountain Whitefish,Female,371.0,,0.7,Unknown,,0.055,2014
2014-09-22,Athabasca River (between Hinton and Whitecourt),River,Mountain Whitefish,Male,345.0,,0.496,Unknown,,0.06,2014
2014-09-22,Athabasca River (between Hinton and Whitecourt),River,Mountain Whitefish,Female,421.0,,0.85,Unknown,,0.087,2014
2014-09-22,Athabasca River (between Hinton and Whitecourt),River,Mountain Whitefish,Female,428.0,,0.96,Unknown,,0.118,2014
2014-09-22,Athabasca River (between Hinton and Whitecourt),River,Mountain Whitefish,Female,398.0,,0.878,Unknown,,0.094,2014
2014-09-22,Athabasca River (between Hinton and Whitecourt),River,Mountain Whitefish,Male,405.0,,0.798,Unknown,,0.062,2014
2014-09-22,Athabasca River (between Hinton and Whitecourt),River,Mountain Whitefish,Male,349.0,,0.456,Unknown,,0.066,2014
2014-09-22,Athabasca River (between Hinton and Whitecourt),River,Mountain Whitefish,Male,360.0,,0.628,Unknown,,0.076,2014
2014-09-22,Athabasca River (between Hinton and Whitecourt),River,Mountain Whitefish,Female,395.0,,0.768,Unknown,,0.092,2014
2014-09-24,Athabasca River (between Hinton and Whitecourt),River,Mountain Whitefish,Female,365.0,,0.524,Mature,,0.052,2014
2014-09-24,Athabasca River (between Hinton and Whitecourt),River,Mountain Whitefish,Female,432.0,,1.03,Unknown,,0.029,2014
2014-09-24,Athabasca River (between Hinton and Whitecourt),River,Mountain Whitefish,Female,320.0,,0.402,Unknown,,0.024,2014
2014-09-24,Athabasca River (between Hinton and Whitecourt),River,Mountain Whitefish,Male,403.0,,0.98,Unknown,,0.069,2014
2014-09-24,Athabasca River (between Hinton and Whitecourt),River,Mountain Whitefish,Male,356.0,,0.502,Unknown,,0.019,2014
2014-09-24,Athabasca River (between Hinton and Whitecourt),River,Mountain Whitefish,Female,341.0,,0.462,Unknown,,0.099,2014
2014-09-24,Athabasca River (between Hinton and Whitecourt),River,Mountain Whitefish,Female,322.0,,0.38,Unknown,,0.024,2014
2014-09-24,Athabasca River (between Hinton and Whitecourt),River,Mountain Whitefish,Male,371.0,,0.614,Unknown,,0.023,2014
2014-09-24,Athabasca River (between Hinton and Whitecourt),River,Mountain Whitefish,Unknown,381.0,,0.636,Unknown,,0.053,2014
2014-09-24,Athabasca River (between Hinton and Whitecourt),River,Mountain Whitefish,Female,349.0,,0.524,Unknown,,0.024,2014
2014-09-24,Athabasca River (between Hinton and Whitecourt),River,Mountain Whitefish,Male,330.0,,0.4,Unknown,,0.03,2014
2014-09-24,Athabasca River (between Hinton and Whitecourt),River,Mountain Whitefish,Female,395.0,,0.752,Unknown,,0.021,2014
2014-09-24,Athabasca River (between Hinton and Whitecourt),River,Mountain Whitefish,Female,364.0,,0.666,Unknown,,0.063,2014
2014-09-24,Athabasca River (between Hinton and Whitecourt),River,Mountain Whitefish,Female,313.0,,0.386,Unknown,,0.026,2014
2014-09-24,Athabasca River (between Hinton and Whitecourt),River,Mountain Whitefish,Female,335.0,,0.42,Unknown,,0.037,2014
2014-09-24,Athabasca River (between Hinton and Whitecourt),River,Mountain Whitefish,Female,424.0,,0.878,Unknown,,0.072,2014
2014-09-24,Athabasca River (between Hinton and Whitecourt),River,Mountain Whitefish,Female,415.0,,0.816,Unknown,,0.026,2014
2014-09-24,Athabasca River (between Hinton and Whitecourt),River,Mountain Whitefish,Female,362.0,,0.502,Unknown,,0.026,2014
2014-09-24,Athabasca River (between Hinton and Whitecourt),River,Mountain Whitefish,Female,441.0,,1.14,Mature,,0.043,2014
2014-09-24,Athabasca River (between Hinton and Whitecourt),River,Mountain Whitefish,Female,414.0,,0.812,Unknown,,0.033,2014
2014-09-24,Athabasca River (between Hinton and Whitecourt),River,Mountain Whitefish,Male,316.0,,0.354,Unknown,,0.023,2014
2014-09-24,Athabasca River (between Hinton and Whitecourt),River,Mountain Whitefish,Female,404.0,,0.73,Unknown,,0.026,2014
2014-09-24,Athabasca River (between Hinton and Whitecourt),River,Mountain Whitefish,Male,333.0,,0.402,Unknown,,0.035,2014
2014-09-24,Athabasca River (between Hinton and Whitecourt),River,Mountain Whitefish,Female,380.0,,0.752,Unknown,,0.062,2014
2014-09-24,Athabasca River (between Hinton and Whitecourt),River,Mountain Whitefish,Male,350.0,,0.424,Unknown,,0.046,2014
2014-09-24,Athabasca River (between Hinton and Whitecourt),River,Mountain Whitefish,Female,416.0,,0.894,Unknown,,0.078,2014
2014-09-24,Athabasca River (between Hinton and Whitecourt),River,Mountain Whitefish,Female,361.0,,0.506,Unknown,,0.046,2014
2014-09-24,Athabasca River (between Hinton and Whitecourt),River,Mountain Whitefish,Female,326.0,,0.458,Unknown,,0.047,2014
2014-09-24,Athabasca River (between Hinton and Whitecourt),River,Mountain Whitefish,Female,373.0,,0.568,Unknown,,0.022,2014
2014-09-24,Athabasca River (between Hinton and Whitecourt),River,Mountain Whitefish,Female,425.0,,0.84,Unknown,,0.027,2014
2014-09-05,Athabasca River (between Hinton and Whitecourt),River,Walleye,Male,386.0,,0.656,Mature,,0.3,2014
2014-09-05,Athabasca River (between Hinton and Whitecourt),River,Walleye,Female,430.0,,0.908,Mature,,0.326,2014
2014-09-05,Athabasca River (between Hinton and Whitecourt),River,Walleye,Male,365.0,,0.612,Mature,,0.315,2014
2014-09-05,Athabasca River (between Hinton and Whitecourt),River,Walleye,Female,446.0,,0.964,Mature,,,2014
2014-09-05,Athabasca River (between Hinton and Whitecourt),River,Walleye,Female,461.0,,1.16,Mature,,0.37,2014
2012-08-10,Baptiste Lake,Lake,Lake Whitefish,Unknown,,270.0,0.25,Unknown,,0.12,2012
2012-08-10,Baptiste Lake,Lake,Lake Whitefish,Unknown,,450.0,0.972,Unknown,,0.228,2012
2012-08-10,Baptiste Lake,Lake,Lake Whitefish,Unknown,,450.0,1.196,Unknown,,0.214,2012
2012-08-10,Baptiste Lake,Lake,Lake Whitefish,Unknown,,400.0,0.966,Unknown,,0.167,2012
2012-08-10,Baptiste Lake,Lake,Lake Whitefish,Unknown,,430.0,1.154,Unknown,,0.205,2012
2011-09-19,Baptiste Lake,Lake,Northern Pike,Male,626.0,662.0,1.48,Mature,7.0,0.451,2011
2011-09-19,Baptiste Lake,Lake,Northern Pike,Female,801.0,838.0,3.682,Mature,10.0,0.506,2011
2011-09-19,Baptiste Lake,Lake,Northern Pike,Female,755.0,798.0,3.034,Mature,12.0,0.637,2011
2011-09-19,Baptiste Lake,Lake,Northern Pike,Female,523.0,554.0,0.92,Mature,5.0,0.185,2011
2011-09-20,Baptiste Lake,Lake,Northern Pike,Female,746.0,783.0,2.694,Mature,11.0,0.499,2011
2011-09-20,Baptiste Lake,Lake,Northern Pike,Female,589.0,635.0,1.424,Mature,5.0,0.314,2011
2011-09-20,Baptiste Lake,Lake,Northern Pike,Female,560.0,597.0,1.106,Mature,5.0,0.276,2011
2011-09-21,Baptiste Lake,Lake,Northern Pike,Female,779.0,807.0,2.182,Mature,10.0,0.72,2011
2011-09-21,Baptiste Lake,Lake,Northern Pike,Female,545.0,578.0,1.144,Mature,6.0,0.144,2011
2011-09-21,Baptiste Lake,Lake,Northern Pike,Female,549.0,579.0,1.178,Mature,4.0,0.219,2011
2012-07-23,Baptiste Lake,Lake,Northern Pike,Male,,545.0,0.946,Unknown,,0.314,2012
2012-07-23,Baptiste Lake,Lake,Northern Pike,Male,,604.0,1.044,Unknown,,0.438,2012
2012-07-23,Baptiste Lake,Lake,Northern Pike,Male,,654.0,0.998,Unknown,,0.283,2012
2012-07-23,Baptiste Lake,Lake,Northern Pike,Male,,494.0,0.75,Unknown,,0.272,2012
2012-07-23,Baptiste Lake,Lake,Northern Pike,Female,,505.0,0.948,Unknown,,0.23,2012
2012-09-24,Baptiste Lake,Lake,Northern Pike,Female,563.0,598.0,1.1,Unknown,,0.367,2012
2012-09-24,Baptiste Lake,Lake,Northern Pike,Female,523.0,558.0,0.8,Unknown,,0.379,2012
2012-09-24,Baptiste Lake,Lake,Northern Pike,Male,545.0,581.0,1.1,Unknown,,0.338,2012
2012-09-24,Baptiste Lake,Lake,Northern Pike,Unknown,510.0,546.0,0.9,Unknown,,0.286,2012
2012-09-24,Baptiste Lake,Lake,Northern Pike,Female,861.0,876.0,4.55,Unknown,,0.64,2012
2011-09-19,Baptiste Lake,Lake,Walleye,Female,381.0,409.0,0.578,Immature,5.0,0.192,2011
2011-09-19,Baptiste Lake,Lake,Walleye,Female,406.0,429.0,0.668,Immature,5.0,0.171,2011
2011-09-19,Baptiste Lake,Lake,Walleye,Male,328.0,350.0,0.378,Mature,5.0,0.108,2011
2011-09-19,Baptiste Lake,Lake,Walleye,Male,397.0,422.0,0.706,Mature,5.0,0.182,2011
2011-09-19,Baptiste Lake,Lake,Walleye,Male,388.0,412.0,0.666,Mature,6.0,0.172,2011
2011-09-19,Baptiste Lake,Lake,Walleye,Male,419.0,438.0,0.784,Mature,7.0,0.216,2011
2011-09-19,Baptiste Lake,Lake,Walleye,Male,363.0,387.0,0.514,Mature,5.0,0.179,2011
2011-09-19,Baptiste Lake,Lake,Walleye,Female,532.0,561.0,1.512,Mature,14.0,0.535,2011
2011-09-19,Baptiste Lake,Lake,Walleye,Male,433.0,462.0,0.918,Mature,9.0,0.356,2011
2011-09-19,Baptiste Lake,Lake,Walleye,Female,407.0,432.0,0.764,Mature,6.0,0.19,2011
2012-07-23,Baptiste Lake,Lake,Walleye,Male,,489.0,0.993,Unknown,,0.688,2012
2012-07-23,Baptiste Lake,Lake,Walleye,Male,,513.0,1.12,Unknown,,0.7,2012
2012-07-23,Baptiste Lake,Lake,Walleye,Male,,521.0,1.263,Unknown,,0.8,2012
2012-07-23,Baptiste Lake,Lake,Walleye,Male,,416.0,0.664,Unknown,,0.252,2012
2012-07-23,Baptiste Lake,Lake,Walleye,Female,,494.0,1.076,Unknown,,0.47,2012
2012-07-23,Baptiste Lake,Lake,Walleye,Male,,563.0,1.397,Unknown,,0.831,2012
2012-07-23,Baptiste Lake,Lake,Walleye,Male,,487.0,0.845,Unknown,,0.663,2012
2012-07-23,Baptiste Lake,Lake,Walleye,Male,,575.0,0.821,Unknown,,0.664,2012
2012-07-23,Baptiste Lake,Lake,Walleye,Male,,516.0,1.153,Unknown,,0.613,2012
2012-07-23,Baptiste Lake,Lake,Walleye,Male,,491.0,0.971,Unknown,,0.61,2012
2012-07-23,Baptiste Lake,Lake,Walleye,Female,,514.0,1.158,Unknown,,0.699,2012
2012-07-23,Baptiste Lake,Lake,Walleye,Male,,551.0,1.305,Unknown,,0.956,2012
2012-07-23,Baptiste Lake,Lake,Walleye,Female,,481.0,0.966,Unknown,,0.373,2012
2012-07-23,Baptiste Lake,Lake,Walleye,Female,,532.0,1.318,Unknown,,0.735,2012
2012-07-23,Baptiste Lake,Lake,Walleye,Female,,479.0,1.02,Unknown,,0.696,2012
2012-07-23,Baptiste Lake,Lake,Walleye,Male,,459.0,0.785,Unknown,,0.63,2012
2012-07-23,Baptiste Lake,Lake,Walleye,Male,,478.0,0.931,Unknown,,0.686,2012
2012-07-23,Baptiste Lake,Lake,Walleye,Male,,431.0,0.688,Unknown,,0.379,2012
2012-09-24,Baptiste Lake,Lake,Walleye,Unknown,430.0,456.0,0.9,Unknown,,0.345,2012
2012-09-24,Baptiste Lake,Lake,Walleye,Male,408.0,431.0,0.8,Unknown,,0.332,2012
2012-09-24,Baptiste Lake,Lake,Walleye,Male,432.0,456.0,0.85,Unknown,,0.338,2012
2012-09-24,Baptiste Lake,Lake,Walleye,Male,449.0,475.0,1.0,Unknown,,0.374,2012
2012-09-24,Baptiste Lake,Lake,Walleye,Male,446.0,472.0,0.9,Unknown,,0.373,2012
2012-09-24,Baptiste Lake,Lake,Walleye,Male,416.0,440.0,0.75,Unknown,,0.348,2012
2012-09-24,Baptiste Lake,Lake,Walleye,Unknown,488.0,515.0,1.275,Unknown,,0.545,2012
2012-09-24,Baptiste Lake,Lake,Walleye,Female,547.0,575.0,1.1,Unknown,,0.824,2012
2012-09-24,Baptiste Lake,Lake,Walleye,Female,400.0,427.0,0.75,Unknown,,0.375,2012
2012-09-24,Baptiste Lake,Lake,Walleye,Male,462.0,495.0,1.15,Unknown,,0.46,2012
2012-09-24,Baptiste Lake,Lake,Walleye,Male,452.0,479.0,1.05,Unknown,,0.472,2012
2012-09-24,Baptiste Lake,Lake,Walleye,Male,446.0,475.0,1.05,Unknown,,0.524,2012
2012-09-24,Baptiste Lake,Lake,Walleye,Female,424.0,450.0,0.85,Unknown,,0.246,2012
2012-09-24,Baptiste Lake,Lake,Walleye,Male,422.0,470.0,0.95,Unknown,,0.323,2012
2012-09-24,Baptiste Lake,Lake,Walleye,Male,453.0,478.0,1.0,Unknown,,0.275,2012
2012-07-23,Baptiste Lake,Lake,Yellow Perch,Unknown,,144.0,0.688,Unknown,,0.071,2012
2018-09-25,Battle Lake,Lake,Lake Whitefish,Male,501.0,559.0,2.43,Mature,7.0,0.078,2018
2018-09-25,Battle Lake,Lake,Lake Whitefish,Female,482.0,546.0,1.976,Mature,9.0,0.079,2018
2018-09-25,Battle Lake,Lake,Lake Whitefish,Male,522.0,572.0,2.756,Mature,7.0,0.052,2018
2018-09-25,Battle Lake,Lake,Lake Whitefish,Male,513.0,577.0,2.782,Mature,8.0,0.099,2018
2018-09-25,Battle Lake,Lake,Lake Whitefish,Female,531.0,593.0,2.738,Mature,8.0,0.122,2018
2018-09-25,Battle Lake,Lake,Lake Whitefish,Female,547.0,611.0,3.462,Mature,11.0,0.134,2018
2018-09-26,Battle Lake,Lake,Lake Whitefish,Male,550.0,600.0,2.792,Mature,20.0,0.098,2018
2018-09-24,Battle Lake,Lake,Northern Pike,Female,567.0,602.0,1.16,Mature,6.0,0.437,2018
2018-09-24,Battle Lake,Lake,Northern Pike,Female,568.0,601.0,1.102,Mature,6.0,0.469,2018
2018-09-24,Battle Lake,Lake,Northern Pike,Female,534.0,568.0,1.038,Mature,5.0,0.299,2018
2018-09-25,Battle Lake,Lake,Northern Pike,Female,552.0,589.0,1.292,Mature,7.0,0.465,2018
2018-09-25,Battle Lake,Lake,Northern Pike,Female,538.0,570.0,0.908,Mature,6.0,0.326,2018
2018-09-25,Battle Lake,Lake,Northern Pike,Male,504.0,540.0,0.916,Mature,6.0,0.395,2018
2018-09-25,Battle Lake,Lake,Northern Pike,Female,527.0,563.0,0.902,Mature,5.0,0.357,2018
2018-09-25,Battle Lake,Lake,Northern Pike,Female,576.0,613.0,1.262,Mature,6.0,0.47,2018
2018-09-25,Battle Lake,Lake,Northern Pike,Male,514.0,547.0,0.94,Mature,5.0,0.287,2018
2018-09-25,Battle Lake,Lake,Northern Pike,Female,497.0,529.0,0.906,Mature,5.0,0.257,2018
2018-09-25,Battle Lake,Lake,Northern Pike,Female,580.0,610.0,1.4,Mature,7.0,0.331,2018
2018-09-25,Battle Lake,Lake,Northern Pike,Female,518.0,547.0,1.026,Mature,6.0,0.337,2018
2018-09-25,Battle Lake,Lake,Northern Pike,Female,578.0,613.0,1.472,Mature,7.0,0.359,2018
2018-09-25,Battle Lake,Lake,Northern Pike,Female,559.0,595.0,1.176,Mature,6.0,0.34,2018
2018-09-25,Battle Lake,Lake,Northern Pike,Female,530.0,567.0,1.006,Mature,5.0,0.333,2018
2018-09-24,Battle Lake,Lake,Walleye,Male,587.0,613.0,2.506,Mature,11.0,0.795,2018
2018-09-24,Battle Lake,Lake,Walleye,Female,543.0,571.0,1.964,Mature,7.0,0.464,2018
2018-09-24,Battle Lake,Lake,Walleye,Male,525.0,554.0,1.68,Mature,11.0,0.806,2018
2018-09-24,Battle Lake,Lake,Walleye,Male,501.0,531.0,1.612,Mature,7.0,0.497,2018
2018-09-24,Battle Lake,Lake,Walleye,Male,493.0,517.0,1.466,Mature,7.0,0.481,2018
2018-09-24,Battle Lake,Lake,Walleye,Female,582.0,610.0,2.068,Mature,11.0,0.918,2018
2018-09-24,Battle Lake,Lake,Walleye,Female,537.0,565.0,2.058,Mature,10.0,0.936,2018
2018-09-24,Battle Lake,Lake,Walleye,Male,531.0,554.0,1.524,Mature,11.0,0.974,2018
2018-09-24,Battle Lake,Lake,Walleye,Female,522.0,554.0,1.794,Mature,7.0,0.529,2018
2018-09-24,Battle Lake,Lake,Walleye,Female,525.0,558.0,1.836,Mature,7.0,0.543,2018
2018-09-24,Battle Lake,Lake,Walleye,Female,595.0,625.0,2.396,Mature,11.0,0.97,2018
2018-09-24,Battle Lake,Lake,Walleye,Female,556.0,589.0,1.978,Mature,11.0,1.036,2018
2018-09-24,Battle Lake,Lake,Walleye,Male,539.0,563.0,1.974,Mature,11.0,0.787,2018
2018-09-24,Battle Lake,Lake,Walleye,Male,512.0,536.0,1.638,Mature,7.0,0.53,2018
2018-09-24,Battle Lake,Lake,Walleye,Male,561.0,589.0,2.138,Mature,11.0,0.759,2018
2017-08-15,Beartrap Lake,Lake,Northern Pike,Female,645.0,690.0,2.0,Mature,5.0,0.367,2017
2017-08-15,Beartrap Lake,Lake,Northern Pike,Female,715.0,763.0,2.3,Mature,6.0,0.465,2017
2017-08-15,Beartrap Lake,Lake,Northern Pike,Female,681.0,734.0,2.4,Mature,5.0,0.427,2017
2017-08-15,Beartrap Lake,Lake,Northern Pike,Female,700.0,751.0,2.6,Mature,6.0,0.788,2017
2017-08-15,Beartrap Lake,Lake,Northern Pike,Male,610.0,658.0,1.7,Mature,4.0,0.38,2017
2017-08-15,Beartrap Lake,Lake,Northern Pike,Male,592.0,634.0,1.6,Mature,5.0,0.265,2017
2017-08-15,Beartrap Lake,Lake,Northern Pike,Female,715.0,754.0,2.5,Mature,6.0,0.467,2017
2017-08-15,Beartrap Lake,Lake,Northern Pike,Male,594.0,641.0,1.7,Immature,5.0,0.027,2017
2017-08-15,Beartrap Lake,Lake,Northern Pike,Male,613.0,654.0,1.6,Immature,6.0,0.504,2017
2017-08-15,Beartrap Lake,Lake,Northern Pike,Male,700.0,731.0,2.25,Mature,12.0,0.547,2017
2017-08-15,Beartrap Lake,Lake,Northern Pike,Female,629.0,669.0,1.75,Mature,4.0,0.213,2017
2017-08-16,Beartrap Lake,Lake,Northern Pike,Female,711.0,751.0,2.35,Mature,7.0,0.479,2017
2017-08-16,Beartrap Lake,Lake,Northern Pike,Female,685.0,704.0,1.95,Mature,5.0,0.307,2017
2017-08-16,Beartrap Lake,Lake,Northern Pike,Male,590.0,632.0,1.5,Mature,5.0,0.476,2017
2017-08-16,Beartrap Lake,Lake,Northern Pike,Female,606.0,648.0,1.5,Mature,4.0,0.19,2017
2017-08-16,Beartrap Lake,Lake,Northern Pike,Female,667.0,713.0,2.25,Mature,4.0,0.241,2017
2017-08-16,Beartrap Lake,Lake,Northern Pike,Male,642.0,682.0,2.1,Mature,7.0,0.486,2017
2017-08-16,Beartrap Lake,Lake,Northern Pike,Male,606.0,645.0,1.55,Mature,4.0,0.257,2017
2017-08-16,Beartrap Lake,Lake,Northern Pike,Female,630.0,674.0,1.95,Mature,5.0,0.202,2017
2011-10-06,Beaver Lake,Lake,Lake Whitefish,Female,404.0,458.0,0.93,Immature,5.0,0.072,2011
2011-10-06,Beaver Lake,Lake,Lake Whitefish,Male,503.0,558.0,1.887,Mature,14.0,0.147,2011
2011-10-06,Beaver Lake,Lake,Lake Whitefish,Female,533.0,607.0,2.289,Mature,12.0,0.144,2011
2011-10-06,Beaver Lake,Lake,Lake Whitefish,Male,498.0,550.0,2.691,Mature,14.0,0.072,2011
2011-10-06,Beaver Lake,Lake,Lake Whitefish,Male,422.0,481.0,1.078,Mature,5.0,0.098,2011
2011-10-06,Beaver Lake,Lake,Lake Whitefish,Male,523.0,580.0,1.831,Mature,18.0,0.128,2011
2011-10-07,Beaver Lake,Lake,Lake Whitefish,Female,394.0,445.0,0.726,Mature,3.0,0.062,2011
2011-10-07,Beaver Lake,Lake,Lake Whitefish,Male,437.0,493.0,1.15,Mature,4.0,0.099,2011
2016-09-28,Beaver Lake,Lake,Lake Whitefish,Female,462.0,522.0,1.423,Mature,6.0,0.058,2016
2016-09-28,Beaver Lake,Lake,Lake Whitefish,Female,459.0,524.0,1.255,Mature,8.0,0.17,2016
2016-09-28,Beaver Lake,Lake,Lake Whitefish,Female,436.0,494.0,1.286,Mature,8.0,0.093,2016
2016-09-28,Beaver Lake,Lake,Lake Whitefish,Female,465.0,526.0,1.616,Mature,8.0,0.126,2016
2016-09-29,Beaver Lake,Lake,Lake Whitefish,Male,421.0,469.0,0.891,Mature,5.0,0.103,2016
2011-10-06,Beaver Lake,Lake,Northern Pike,Female,530.0,566.0,0.917,Mature,6.0,0.404,2011
2011-10-06,Beaver Lake,Lake,Northern Pike,Female,675.0,710.0,2.166,Mature,8.0,0.567,2011
2011-10-06,Beaver Lake,Lake,Northern Pike,Male,562.0,587.0,1.294,Mature,9.0,0.338,2011
2011-10-06,Beaver Lake,Lake,Northern Pike,Female,630.0,660.0,1.874,Mature,,0.349,2011
2011-10-06,Beaver Lake,Lake,Northern Pike,Female,590.0,628.0,1.476,Mature,3.0,0.214,2011
2011-10-06,Beaver Lake,Lake,Northern Pike,Female,540.0,571.0,1.127,Mature,5.0,0.315,2011
2011-10-06,Beaver Lake,Lake,Northern Pike,Female,970.0,1016.0,7.825,Mature,11.0,1.106,2011
2011-10-07,Beaver Lake,Lake,Northern Pike,Female,597.0,640.0,1.574,Mature,6.0,0.301,2011
2011-10-07,Beaver Lake,Lake,Northern Pike,Female,679.0,722.0,2.3,Mature,7.0,0.458,2011
2011-10-07,Beaver Lake,Lake,Northern Pike,Female,562.0,599.0,1.523,Mature,6.0,0.513,2011
2011-10-07,Beaver Lake,Lake,Northern Pike,Female,664.0,709.0,2.436,Mature,6.0,0.421,2011
2016-09-28,Beaver Lake,Lake,Northern Pike,Female,640.0,677.0,1.55,Mature,7.0,0.405,2016
2016-09-28,Beaver Lake,Lake,Northern Pike,Female,629.0,670.0,1.562,Mature,6.0,0.443,2016
2016-09-28,Beaver Lake,Lake,Northern Pike,Female,639.0,682.0,1.478,Mature,6.0,0.425,2016
2016-09-28,Beaver Lake,Lake,Northern Pike,Female,623.0,655.0,1.626,Mature,5.0,0.219,2016
2016-09-28,Beaver Lake,Lake,Northern Pike,Female,614.0,660.0,1.75,Mature,6.0,0.223,2016
2016-09-29,Beaver Lake,Lake,Northern Pike,Female,655.0,699.0,1.926,Mature,6.0,0.476,2016
2016-09-29,Beaver Lake,Lake,Northern Pike,Female,581.0,616.0,1.528,Mature,5.0,0.176,2016
2011-10-06,Beaver Lake,Lake,Walleye,Male,399.0,421.0,0.647,Mature,3.0,0.175,2011
2011-10-06,Beaver Lake,Lake,Walleye,Male,408.0,431.0,0.792,Mature,5.0,0.249,2011
2011-10-06,Beaver Lake,Lake,Walleye,Male,456.0,485.0,1.038,Mature,7.0,0.382,2011
2011-10-06,Beaver Lake,Lake,Walleye,Male,500.0,534.0,1.444,Mature,13.0,0.43,2011
2011-10-06,Beaver Lake,Lake,Walleye,Female,487.0,520.0,1.378,Mature,6.0,0.336,2011
2011-10-06,Beaver Lake,Lake,Walleye,Female,546.0,573.0,1.998,Mature,11.0,0.558,2011
2011-10-06,Beaver Lake,Lake,Walleye,Female,427.0,455.0,0.902,Immature,4.0,0.133,2011
2011-10-07,Beaver Lake,Lake,Walleye,Female,526.0,562.0,1.653,Mature,9.0,0.281,2011
2011-10-07,Beaver Lake,Lake,Walleye,Female,554.0,585.0,1.76,Mature,17.0,0.515,2011
2011-10-07,Beaver Lake,Lake,Walleye,Male,380.0,402.0,0.583,Mature,3.0,0.183,2011
2011-10-07,Beaver Lake,Lake,Walleye,Male,479.0,505.0,1.287,Mature,17.0,0.686,2011
2011-10-07,Beaver Lake,Lake,Walleye,Female,511.0,541.0,1.583,Mature,10.0,0.384,2011
2011-10-07,Beaver Lake,Lake,Walleye,Male,437.0,466.0,0.96,Mature,6.0,0.243,2011
2011-10-07,Beaver Lake,Lake,Walleye,Male,445.0,476.0,1.065,Mature,7.0,0.39,2011
2011-10-07,Beaver Lake,Lake,Walleye,Female,576.0,613.0,2.51,Mature,13.0,0.538,2011
2016-09-28,Beaver Lake,Lake,Walleye,Female,518.0,545.0,1.557,Mature,1.0,0.239,2016
2016-09-28,Beaver Lake,Lake,Walleye,Male,425.0,455.0,0.905,Mature,5.0,0.207,2016
2016-09-28,Beaver Lake,Lake,Walleye,Female,512.0,542.0,1.461,Mature,6.0,0.231,2016
2016-09-28,Beaver Lake,Lake,Walleye,Female,524.0,552.0,1.64,Mature,8.0,0.327,2016
2016-09-28,Beaver Lake,Lake,Walleye,Male,456.0,486.0,1.052,Mature,5.0,0.29,2016
2016-09-28,Beaver Lake,Lake,Walleye,Male,440.0,467.0,0.953,Mature,5.0,0.219,2016
2016-09-28,Beaver Lake,Lake,Walleye,Female,488.0,517.0,1.165,Mature,7.0,0.328,2016
2016-09-28,Beaver Lake,Lake,Walleye,Male,503.0,532.0,1.252,Mature,5.0,0.329,2016
2016-09-28,Beaver Lake,Lake,Walleye,Female,561.0,592.0,1.614,Mature,12.0,0.702,2016
2016-09-28,Beaver Lake,Lake,Walleye,Female,568.0,599.0,1.822,Mature,9.0,0.284,2016
2016-09-28,Beaver Lake,Lake,Walleye,Male,496.0,526.0,1.274,Mature,14.0,0.513,2016
2016-09-28,Beaver Lake,Lake,Walleye,Female,465.0,498.0,1.109,Mature,5.0,0.268,2016
2016-09-29,Beaver Lake,Lake,Walleye,Male,462.0,490.0,1.281,Mature,10.0,0.291,2016
2016-09-29,Beaver Lake,Lake,Walleye,Male,495.0,522.0,1.341,Mature,18.0,0.456,2016
2016-09-29,Beaver Lake,Lake,Walleye,Female,446.0,477.0,0.942,Mature,5.0,0.321,2016
2016-09-29,Beaver Lake,Lake,Walleye,Male,473.0,504.0,1.085,Mature,14.0,0.606,2016
2016-09-29,Beaver Lake,Lake,Walleye,Male,494.0,527.0,1.383,Mature,15.0,0.603,2016
2016-09-29,Beaver Lake,Lake,Walleye,Female,509.0,538.0,1.365,Mature,7.0,0.335,2016
2016-09-29,Beaver Lake,Lake,Walleye,Male,499.0,536.0,1.499,Mature,9.0,0.461,2016
2016-09-29,Beaver Lake,Lake,Walleye,Male,529.0,559.0,1.627,Mature,17.0,0.678,2016
2015-09-29,Berry Creek Reservoir (Carolside Reservoir),Reservoir,Northern Pike,Male,547.0,580.0,1.295,Mature,5.0,0.283,2015
2015-09-29,Berry Creek Reservoir (Carolside Reservoir),Reservoir,Northern Pike,Male,537.0,570.0,1.252,Mature,5.0,0.228,2015
2015-09-29,Berry Creek Reservoir (Carolside Reservoir),Reservoir,Northern Pike,Female,568.0,600.0,1.431,Mature,5.0,0.194,2015
2015-09-29,Berry Creek Reservoir (Carolside Reservoir),Reservoir,Northern Pike,Female,576.0,602.0,1.656,Mature,5.0,0.156,2015
2015-09-29,Berry Creek Reservoir (Carolside Reservoir),Reservoir,Northern Pike,Male,527.0,560.0,1.106,Mature,5.0,0.253,2015
2015-09-29,Berry Creek Reservoir (Carolside Reservoir),Reservoir,Northern Pike,Male,557.0,588.0,1.376,Mature,5.0,0.242,2015
2015-09-29,Berry Creek Reservoir (Carolside Reservoir),Reservoir,Northern Pike,Female,740.0,777.0,3.434,Mature,7.0,0.289,2015
2015-09-29,Berry Creek Reservoir (Carolside Reservoir),Reservoir,Northern Pike,Female,543.0,576.0,1.322,Mature,4.0,0.242,2015
2015-09-29,Berry Creek Reservoir (Carolside Reservoir),Reservoir,Northern Pike,Female,594.0,627.0,1.568,Mature,5.0,0.267,2015
2015-09-29,Berry Creek Reservoir (Carolside Reservoir),Reservoir,Northern Pike,Male,501.0,531.0,1.084,Mature,3.0,0.188,2015
2015-09-29,Berry Creek Reservoir (Carolside Reservoir),Reservoir,Northern Pike,Female,586.0,622.0,1.856,Mature,5.0,0.235,2015
2015-09-29,Berry Creek Reservoir (Carolside Reservoir),Reservoir,Northern Pike,Male,587.0,623.0,1.724,Mature,5.0,0.342,2015
2015-09-29,Berry Creek Reservoir (Carolside Reservoir),Reservoir,Northern Pike,Female,562.0,597.0,1.449,Mature,4.0,0.202,2015
2015-09-29,Berry Creek Reservoir (Carolside Reservoir),Reservoir,Northern Pike,Female,572.0,605.0,1.559,Mature,5.0,0.241,2015
2015-09-29,Berry Creek Reservoir (Carolside Reservoir),Reservoir,Northern Pike,Male,578.0,611.0,1.564,Mature,4.0,0.398,2015
2018-08-15,Berry Creek Reservoir (Carolside Reservoir),Reservoir,Northern Pike,Male,764.0,811.0,3.325,Mature,,0.386,2018
2018-08-15,Berry Creek Reservoir (Carolside Reservoir),Reservoir,Northern Pike,Female,620.0,664.0,1.89,Mature,,0.379,2018
2018-08-15,Berry Creek Reservoir (Carolside Reservoir),Reservoir,Northern Pike,Female,837.0,879.0,4.1,Mature,,0.404,2018
2018-08-15,Berry Creek Reservoir (Carolside Reservoir),Reservoir,Northern Pike,Female,763.0,805.0,3.225,Mature,,0.401,2018
2018-08-15,Berry Creek Reservoir (Carolside Reservoir),Reservoir,Northern Pike,Female,700.0,744.0,2.45,Mature,,0.399,2018
2018-08-15,Berry Creek Reservoir (Carolside Reservoir),Reservoir,Northern Pike,Female,661.0,698.0,2.155,Mature,,0.362,2018
2018-08-15,Berry Creek Reservoir (Carolside Reservoir),Reservoir,Northern Pike,Female,833.0,876.0,3.675,Mature,,0.389,2018
2018-08-15,Berry Creek Reservoir (Carolside Reservoir),Reservoir,Northern Pike,Male,766.0,804.0,2.719,Mature,,0.398,2018
2018-08-15,Berry Creek Reservoir (Carolside Reservoir),Reservoir,Northern Pike,Female,700.0,741.0,2.372,Mature,,0.368,2018
2018-08-15,Berry Creek Reservoir (Carolside Reservoir),Reservoir,Northern Pike,Female,695.0,734.0,2.222,Mature,,0.433,2018
2018-08-15,Berry Creek Reservoir (Carolside Reservoir),Reservoir,Northern Pike,Female,724.0,763.0,2.467,Mature,,0.452,2018
2018-08-15,Berry Creek Reservoir (Carolside Reservoir),Reservoir,Northern Pike,Female,627.0,667.0,1.958,Mature,,0.374,2018
2018-08-15,Berry Creek Reservoir (Carolside Reservoir),Reservoir,Northern Pike,Female,602.0,640.0,1.621,Mature,,0.395,2018
2018-08-15,Berry Creek Reservoir (Carolside Reservoir),Reservoir,Northern Pike,Male,627.0,665.0,1.75,Mature,,0.369,2018
2018-08-15,Berry Creek Reservoir (Carolside Reservoir),Reservoir,Northern Pike,Female,743.0,785.0,2.652,Mature,,0.455,2018
2018-08-15,Berry Creek Reservoir (Carolside Reservoir),Reservoir,Northern Pike,Female,705.0,745.0,2.47,Mature,,0.394,2018
2018-08-15,Berry Creek Reservoir (Carolside Reservoir),Reservoir,Northern Pike,Female,680.0,721.0,2.325,Mature,,0.328,2018
2010-12-08,Bistcho Lake,Lake,Northern Pike,Female,,885.0,6.43,Unknown,,0.246,2010
2010-12-08,Bistcho Lake,Lake,Northern Pike,Female,,875.0,4.8,Unknown,,0.079,2010
2010-12-08,Bistcho Lake,Lake,Northern Pike,Male,,639.0,1.58,Unknown,,0.072,2010
2010-12-08,Bistcho Lake,Lake,Northern Pike,Female,,759.0,2.98,Unknown,,0.058,2010
2010-12-08,Bistcho Lake,Lake,Northern Pike,Female,,773.0,3.35,Unknown,,0.089,2010
2010-12-08,Bistcho Lake,Lake,Northern Pike,Female,,825.0,4.44,Unknown,,0.098,2010
2010-12-08,Bistcho Lake,Lake,Northern Pike,Male,,605.0,1.42,Unknown,,0.045,2010
2010-12-08,Bistcho Lake,Lake,Northern Pike,Male,,612.0,1.42,Unknown,,0.041,2010
2010-12-08,Bistcho Lake,Lake,Northern Pike,Unknown,,735.0,2.39,Unknown,,0.055,2010
2010-12-08,Bistcho Lake,Lake,Northern Pike,Female,,793.0,3.45,Unknown,,0.059,2010
2010-12-08,Bistcho Lake,Lake,Walleye,Female,,50.0,1.336,Unknown,,0.108,2010
2010-12-08,Bistcho Lake,Lake,Walleye,Female,,540.0,1.764,Unknown,,0.138,2010
2010-12-08,Bistcho Lake,Lake,Walleye,Female,,420.0,0.815,Unknown,,0.038,2010
2010-12-08,Bistcho Lake,Lake,Walleye,Female,,530.0,1.88,Unknown,,0.099,2010
2010-12-08,Bistcho Lake,Lake,Walleye,Male,,450.0,1.064,Unknown,,0.102,2010
2010-12-08,Bistcho Lake,Lake,Walleye,Female,,535.0,1.965,Unknown,,0.114,2010
2010-12-08,Bistcho Lake,Lake,Walleye,Female,,460.0,1.11,Unknown,,0.245,2010
2010-12-08,Bistcho Lake,Lake,Walleye,Female,,530.0,1.608,Unknown,,0.131,2010
2010-12-08,Bistcho Lake,Lake,Walleye,Female,,550.0,1.967,Unknown,,0.104,2010
2010-12-08,Bistcho Lake,Lake,Walleye,Female,,545.0,1.973,Unknown,,0.081,2010
2017-07-27,Bluet Lake (South Garnier Lake),Lake,Northern Pike,Male,619.0,671.0,1.6,Mature,6.0,0.341,2017
2017-07-27,Bluet Lake (South Garnier Lake),Lake,Northern Pike,Female,626.0,666.0,1.85,Mature,4.0,0.229,2017
2017-07-27,Bluet Lake (South Garnier Lake),Lake,Northern Pike,Male,600.0,642.0,1.65,Mature,5.0,0.183,2017
2017-07-27,Bluet Lake (South Garnier Lake),Lake,Northern Pike,Female,649.0,686.0,1.8,Mature,4.0,0.23,2017
2017-07-27,Bluet Lake (South Garnier Lake),Lake,Northern Pike,Male,650.0,700.0,1.9,Mature,6.0,0.409,2017
2017-07-27,Bluet Lake (South Garnier Lake),Lake,Northern Pike,Male,630.0,669.0,1.7,Mature,6.0,0.239,2017
2017-07-27,Bluet Lake (South Garnier Lake),Lake,Northern Pike,Male,672.0,720.0,2.05,Mature,7.0,0.307,2017
2017-07-27,Bluet Lake (South Garnier Lake),Lake,Northern Pike,Male,615.0,655.0,1.75,Mature,5.0,0.203,2017
2017-07-27,Bluet Lake (South Garnier Lake),Lake,Northern Pike,Male,649.0,689.0,1.95,Mature,5.0,0.226,2017
2017-07-27,Bluet Lake (South Garnier Lake),Lake,Northern Pike,Male,631.0,665.0,1.6,Mature,5.0,0.326,2017
2017-07-27,Bluet Lake (South Garnier Lake),Lake,Northern Pike,Female,645.0,691.0,1.95,Mature,6.0,0.287,2017
2011-09-27,Bourque Lake,Lake,Lake Whitefish,Male,339.0,376.0,0.55,Mature,,0.169,2011
2011-09-27,Bourque Lake,Lake,Lake Whitefish,Female,357.0,404.0,0.625,Mature,,0.063,2011
2011-09-27,Bourque Lake,Lake,Lake Whitefish,Female,,,,Unknown,,0.191,2011
2011-09-27,Bourque Lake,Lake,Lake Whitefish,Male,427.0,478.0,1.15,Unknown,,0.024,2011
2011-09-27,Bourque Lake,Lake,Lake Whitefish,Male,356.0,405.0,0.675,Immature,,0.03,2011
2011-09-27,Bourque Lake,Lake,Lake Whitefish,Female,,,0.61,Immature,,0.06,2011
2011-09-27,Bourque Lake,Lake,Lake Whitefish,Female,439.0,498.0,1.25,Mature,,0.056,2011
2011-09-27,Bourque Lake,Lake,Lake Whitefish,Female,423.0,479.0,1.175,Mature,,0.053,2011
2011-09-27,Bourque Lake,Lake,Lake Whitefish,Female,,,0.61,Immature,,0.044,2011
2011-09-27,Bourque Lake,Lake,Lake Whitefish,Female,,,1.0,Mature,,0.045,2011
2011-09-27,Bourque Lake,Lake,Northern Pike,Female,800.0,843.0,3.7,Mature,10.0,0.458,2011
2011-09-27,Bourque Lake,Lake,Northern Pike,Female,643.0,681.0,1.925,Mature,4.0,0.321,2011
2011-09-27,Bourque Lake,Lake,Northern Pike,Male,534.0,571.0,1.15,Mature,6.0,0.507,2011
2011-09-27,Bourque Lake,Lake,Northern Pike,Male,465.0,497.0,0.75,Mature,3.0,0.122,2011
2011-09-27,Bourque Lake,Lake,Northern Pike,Male,550.0,586.0,1.39,Mature,6.0,0.347,2011
2011-09-27,Bourque Lake,Lake,Northern Pike,Male,493.0,527.0,0.875,Mature,4.0,0.158,2011
2011-09-27,Bourque Lake,Lake,Northern Pike,Male,531.0,565.0,1.075,Unknown,6.0,0.314,2011
2011-09-27,Bourque Lake,Lake,Northern Pike,Female,555.0,589.0,1.15,Mature,5.0,0.303,2011
2011-09-27,Bourque Lake,Lake,Walleye,Male,434.0,464.0,1.025,Mature,8.0,0.336,2011
2011-09-27,Bourque Lake,Lake,Walleye,Female,425.0,455.0,0.825,Immature,7.0,0.293,2011
2011-09-27,Bourque Lake,Lake,Walleye,Female,509.0,541.0,1.5,Mature,7.0,0.292,2011
2011-09-27,Bourque Lake,Lake,Walleye,Male,451.0,481.0,1.15,Mature,8.0,0.296,2011
2011-09-27,Bourque Lake,Lake,Walleye,Female,658.0,691.0,3.148,Mature,13.0,0.538,2011
2011-09-27,Bourque Lake,Lake,Walleye,Female,553.0,585.0,2.075,Mature,10.0,0.4,2011
2011-09-27,Bourque Lake,Lake,Walleye,Male,503.0,536.0,1.6,Mature,10.0,0.493,2011
2011-09-27,Bourque Lake,Lake,Walleye,Female,,,1.9,Unknown,,0.337,2011
2011-09-27,Bourque Lake,Lake,Walleye,Female,563.0,596.0,1.89,Mature,9.0,0.346,2011
2011-09-27,Bourque Lake,Lake,Walleye,Female,,,1.9,Unknown,,0.28,2011
2006-10-19,Bow River (Downstream from Bearspaw Dam),River,Brown Trout,Unknown,,332.0,0.39,Unknown,,0.031,2006
2006-10-19,Bow River (Downstream from Bearspaw Dam),River,Brown Trout,Unknown,,315.0,0.32,Unknown,,0.03,2006
2006-10-19,Bow River (Downstream from Bearspaw Dam),River,Brown Trout,Unknown,,425.0,0.795,Unknown,,0.036,2006
2006-10-19,Bow River (Downstream from Bearspaw Dam),River,Brown Trout,Unknown,,350.0,0.445,Unknown,,0.032,2006
2006-10-19,Bow River (Downstream from Bearspaw Dam),River,Brown Trout,Unknown,,305.0,0.315,Unknown,,0.038,2006
2006-10-19,Bow River (Downstream from Bearspaw Dam),River,Brown Trout,Unknown,,313.0,0.775,Unknown,,0.029,2006
2006-10-19,Bow River (Downstream from Bearspaw Dam),River,Brown Trout,Unknown,,318.0,0.31,Unknown,,0.031,2006
2006-10-19,Bow River (Downstream from Bearspaw Dam),River,Brown Trout,Unknown,,306.0,0.275,Unknown,,0.03,2006
2006-10-19,Bow River (Downstream from Bearspaw Dam),River,Brown Trout,Unknown,,302.0,0.28,Unknown,,0.029,2006
2006-10-19,Bow River (Downstream from Bearspaw Dam),River,Brown Trout,Unknown,,285.0,0.225,Unknown,,0.026,2006
2006-10-19,Bow River (Downstream from Bearspaw Dam),River,Longnose Sucker,Unknown,,585.0,2.795,Unknown,,0.329,2006
2006-10-19,Bow River (Downstream from Bearspaw Dam),River,Longnose Sucker,Unknown,,601.0,2.535,Unknown,,0.302,2006
2006-10-19,Bow River (Downstream from Bearspaw Dam),River,Longnose Sucker,Unknown,,501.0,1.61,Unknown,,0.182,2006
2006-10-19,Bow River (Downstream from Bearspaw Dam),River,Longnose Sucker,Unknown,,526.0,2.045,Unknown,,0.234,2006
2006-10-19,Bow River (Downstream from Bearspaw Dam),River,Longnose Sucker,Unknown,,512.0,1.735,Unknown,,0.146,2006
2006-10-19,Bow River (Downstream from Bearspaw Dam),River,Longnose Sucker,Unknown,,580.0,2.34,Unknown,,0.268,2006
2006-10-19,Bow River (Downstream from Bearspaw Dam),River,Longnose Sucker,Unknown,,536.0,1.97,Unknown,,0.111,2006
2006-10-19,Bow River (Downstream from Bearspaw Dam),River,Longnose Sucker,Unknown,,546.0,2.23,Unknown,,0.318,2006
2006-10-19,Bow River (Downstream from Bearspaw Dam),River,Longnose Sucker,Unknown,,508.0,1.565,Unknown,,0.14,2006
2006-10-19,Bow River (Downstream from Bearspaw Dam),River,Mountain Whitefish,Unknown,,405.0,0.817,Unknown,,0.052,2006
2006-10-19,Bow River (Downstream from Bearspaw Dam),River,Mountain Whitefish,Unknown,,428.0,0.775,Unknown,,0.07,2006
2006-10-19,Bow River (Downstream from Bearspaw Dam),River,Mountain Whitefish,Unknown,,368.0,0.505,Unknown,,0.054,2006
2006-10-19,Bow River (Downstream from Bearspaw Dam),River,Mountain Whitefish,Unknown,,384.0,0.62,Unknown,,0.071,2006
2006-10-19,Bow River (Downstream from Bearspaw Dam),River,Mountain Whitefish,Unknown,,408.0,0.74,Unknown,,0.057,2006
2006-10-19,Bow River (Downstream from Bearspaw Dam),River,Mountain Whitefish,Unknown,,368.0,0.505,Unknown,,0.045,2006
2006-10-19,Bow River (Downstream from Bearspaw Dam),River,Mountain Whitefish,Unknown,,328.0,0.295,Unknown,,0.08,2006
2006-10-19,Bow River (Downstream from Bearspaw Dam),River,Mountain Whitefish,Unknown,,369.0,0.41,Unknown,,0.038,2006
2006-10-19,Bow River (Downstream from Bearspaw Dam),River,Mountain Whitefish,Unknown,,377.0,0.435,Unknown,,0.081,2006
2006-10-19,Bow River (Downstream from Bearspaw Dam),River,Mountain Whitefish,Unknown,,346.0,0.5,Unknown,,0.03,2006
2006-10-19,Bow River (Downstream from Bearspaw Dam),River,Rainbow Trout,Unknown,,313.0,0.38,Unknown,,0.036,2006
2006-10-19,Bow River (Downstream from Bearspaw Dam),River,Rainbow Trout,Unknown,,351.0,0.46,Unknown,,0.04,2006
2006-10-19,Bow River (Downstream from Bearspaw Dam),River,Rainbow Trout,Unknown,,352.0,0.43,Unknown,,0.072,2006
2006-10-19,Bow River (Downstream from Bearspaw Dam),River,Rainbow Trout,Unknown,,325.0,0.315,Unknown,,0.088,2006
2006-10-19,Bow River (Downstream from Bearspaw Dam),River,Rainbow Trout,Unknown,,295.0,0.14,Unknown,,0.053,2006
2006-10-19,Bow River (Downstream from Bearspaw Dam),River,Rainbow Trout,Unknown,,246.0,0.16,Unknown,,0.051,2006
2006-10-19,Bow River (Downstream from Bearspaw Dam),River,Rainbow Trout,Unknown,,328.0,0.42,Unknown,,0.035,2006
2006-10-19,Bow River (Downstream from Bearspaw Dam),River,Rainbow Trout,Unknown,,465.0,1.095,Unknown,,0.096,2006
2006-10-19,Bow River (Downstream from Bearspaw Dam),River,Rainbow Trout,Unknown,,489.0,1.155,Unknown,,0.186,2006
2006-10-19,Bow River (Downstream from Bearspaw Dam),River,Rainbow Trout,Unknown,,542.0,1.36,Unknown,,0.198,2006
2006-10-19,Bow River (Downstream from Bearspaw Dam),River,Rainbow Trout,Unknown,,518.0,1.435,Unknown,,0.122,2006
2006-10-19,Bow River (Downstream from Bearspaw Dam),River,Rainbow Trout,Unknown,,500.0,1.24,Unknown,,0.097,2006
2006-10-19,Bow River (Downstream from Bearspaw Dam),River,Rainbow Trout,Unknown,,358.0,0.534,Unknown,,0.033,2006
2006-10-19,Bow River (Downstream from Bearspaw Dam),River,Rainbow Trout,Unknown,,428.0,0.875,Unknown,,0.052,2006
2006-10-19,Bow River (Downstream from Bearspaw Dam),River,White Sucker,Unknown,479.0,,1.3,Unknown,,0.187,2006
2015-09-09,Brazeau Canal,Canal,Northern Pike,Female,469.0,499.0,0.828,Mature,3.0,0.05,2015
2015-09-09,Brazeau Canal,Canal,Northern Pike,Female,460.0,490.0,0.722,Mature,4.0,0.076,2015
2015-09-09,Brazeau Canal,Canal,Northern Pike,Female,468.0,499.0,0.756,Mature,5.0,0.109,2015
2015-09-09,Brazeau Canal,Canal,Northern Pike,Male,519.0,547.0,0.936,Mature,8.0,0.375,2015
2015-09-09,Brazeau Canal,Canal,Northern Pike,Male,670.0,702.0,2.525,Mature,8.0,0.238,2015
2015-09-09,Brazeau Canal,Canal,Northern Pike,Male,480.0,511.0,0.73,Mature,4.0,0.161,2015
2015-09-09,Brazeau Canal,Canal,Northern Pike,Male,395.0,419.0,0.478,Mature,2.0,0.044,2015
2015-09-09,Brazeau Canal,Canal,Northern Pike,Male,384.0,405.0,0.406,Mature,2.0,0.06,2015
2015-09-09,Brazeau Canal,Canal,Northern Pike,Male,398.0,423.0,0.522,Mature,3.0,0.073,2015
2015-09-09,Brazeau Canal,Canal,Northern Pike,Male,496.0,530.0,0.96,Mature,5.0,0.086,2015
2015-09-09,Brazeau Canal,Canal,Northern Pike,Male,490.0,520.0,0.99,Mature,4.0,0.074,2015
2015-09-09,Brazeau Canal,Canal,Northern Pike,Female,500.0,525.0,0.922,Mature,5.0,0.103,2015
2015-09-09,Brazeau Canal,Canal,Northern Pike,Female,495.0,525.0,0.768,Mature,4.0,0.148,2015
2015-09-09,Brazeau Canal,Canal,Northern Pike,Male,492.0,520.0,0.99,Mature,4.0,0.041,2015
2015-09-09,Brazeau Canal,Canal,Northern Pike,Male,580.0,612.0,1.49,Mature,5.0,0.167,2015
2015-09-09,Brazeau Reservoir,Reservoir,Northern Pike,Female,660.0,698.0,2.145,Mature,5.0,0.214,2015
2015-09-09,Brazeau Reservoir,Reservoir,Northern Pike,Male,568.0,605.0,1.53,Mature,5.0,0.202,2015
2015-09-09,Brazeau Reservoir,Reservoir,Northern Pike,Female,579.0,613.0,1.506,Mature,6.0,0.175,2015
2015-09-09,Brazeau Reservoir,Reservoir,Northern Pike,Male,665.0,707.0,2.14,Mature,6.0,0.319,2015
2015-09-09,Brazeau Reservoir,Reservoir,Northern Pike,Male,637.0,672.0,1.9,Mature,6.0,0.511,2015
2015-09-09,Brazeau Reservoir,Reservoir,Northern Pike,Female,687.0,729.0,2.399,Mature,6.0,0.188,2015
2015-09-09,Brazeau Reservoir,Reservoir,Northern Pike,Male,665.0,707.0,2.225,Mature,6.0,0.324,2015
2015-09-09,Brazeau Reservoir,Reservoir,Northern Pike,Male,626.0,667.0,1.79,Mature,6.0,0.347,2015
2015-09-09,Brazeau Reservoir,Reservoir,Northern Pike,Female,509.0,545.0,1.014,Mature,4.0,0.106,2015
2015-09-09,Brazeau Reservoir,Reservoir,Northern Pike,Female,552.0,586.0,1.357,Mature,4.0,0.137,2015
2015-09-09,Brazeau Reservoir,Reservoir,Northern Pike,Male,588.0,625.0,1.555,Mature,5.0,0.238,2015
2015-09-09,Brazeau Reservoir,Reservoir,Northern Pike,Male,662.0,706.0,2.176,Mature,7.0,0.502,2015
2015-09-09,Brazeau Reservoir,Reservoir,Northern Pike,Female,653.0,695.0,2.022,Mature,6.0,0.196,2015
2015-09-09,Brazeau Reservoir,Reservoir,Northern Pike,Female,735.0,779.0,3.4,Mature,7.0,0.217,2015
2015-09-10,Brazeau Reservoir,Reservoir,Northern Pike,Female,992.0,1042.0,6.915,Mature,13.0,0.985,2015
2020-09-22,Buck Lake,Lake,Lake Whitefish,Male,571.0,630.0,2.82,Mature,11.0,0.059,2020
2020-09-22,Buck Lake,Lake,Lake Whitefish,Male,555.0,626.0,2.936,Mature,10.0,0.078,2020
2020-09-22,Buck Lake,Lake,Lake Whitefish,Male,542.0,601.0,2.326,Mature,8.0,0.049,2020
2020-09-23,Buck Lake,Lake,Lake Whitefish,Male,572.0,624.0,3.004,Mature,15.0,0.114,2020
2020-09-23,Buck Lake,Lake,Lake Whitefish,Male,545.0,603.0,2.524,Mature,8.0,0.065,2020
2020-09-23,Buck Lake,Lake,Lake Whitefish,Female,350.0,398.0,0.618,Mature,2.0,0.028,2020
2020-09-23,Buck Lake,Lake,Lake Whitefish,Female,568.0,630.0,3.432,Mature,9.0,0.103,2020
2020-09-23,Buck Lake,Lake,Lake Whitefish,Female,553.0,614.0,3.282,Mature,9.0,0.095,2020
2020-09-22,Buck Lake,Lake,Northern Pike,Female,534.0,563.0,0.964,Mature,5.0,0.208,2020
2020-09-22,Buck Lake,Lake,Northern Pike,Male,533.0,565.0,0.83,Mature,6.0,0.33,2020
2020-09-22,Buck Lake,Lake,Northern Pike,Female,521.0,554.0,0.908,Mature,6.0,0.203,2020
2020-09-22,Buck Lake,Lake,Northern Pike,Female,449.0,479.0,0.632,Mature,3.0,0.087,2020
2020-09-22,Buck Lake,Lake,Northern Pike,Female,493.0,526.0,0.758,Mature,4.0,0.113,2020
2020-09-22,Buck Lake,Lake,Northern Pike,Female,553.0,585.0,1.008,Mature,6.0,0.291,2020
2020-09-22,Buck Lake,Lake,Northern Pike,Male,501.0,537.0,0.827,Mature,6.0,0.297,2020
2020-09-22,Buck Lake,Lake,Northern Pike,Female,571.0,603.0,0.898,Mature,6.0,0.458,2020
2020-09-22,Buck Lake,Lake,Northern Pike,Female,539.0,575.0,0.9,Mature,6.0,0.267,2020
2020-09-22,Buck Lake,Lake,Northern Pike,Female,540.0,574.0,1.027,Mature,6.0,0.226,2020
2020-09-23,Buck Lake,Lake,Northern Pike,Female,475.0,503.0,0.744,Mature,6.0,0.298,2020
2020-09-23,Buck Lake,Lake,Northern Pike,Female,553.0,593.0,0.865,Mature,5.0,0.519,2020
2020-09-23,Buck Lake,Lake,Northern Pike,Female,556.0,595.0,0.816,Mature,6.0,0.428,2020
2020-09-24,Buck Lake,Lake,Northern Pike,Female,532.0,570.0,0.778,Mature,6.0,0.446,2020
2020-09-24,Buck Lake,Lake,Northern Pike,Male,512.0,544.0,0.75,Mature,6.0,0.465,2020
2020-09-24,Buck Lake,Lake,Northern Pike,Female,512.0,544.0,0.874,Mature,6.0,0.298,2020
2020-09-24,Buck Lake,Lake,Northern Pike,Female,550.0,586.0,0.958,Mature,5.0,0.315,2020
2020-09-24,Buck Lake,Lake,Northern Pike,Female,548.0,598.0,0.975,Mature,4.0,0.333,2020
2020-09-24,Buck Lake,Lake,Northern Pike,Male,462.0,491.0,0.63,Mature,4.0,0.305,2020
2020-09-22,Buck Lake,Lake,Walleye,Female,419.0,449.0,0.782,Mature,8.0,0.171,2020
2020-09-22,Buck Lake,Lake,Walleye,Male,413.0,439.0,0.714,Mature,9.0,0.263,2020
2020-09-22,Buck Lake,Lake,Walleye,Female,425.0,452.0,0.85,Mature,8.0,0.166,2020
2020-09-22,Buck Lake,Lake,Walleye,Male,393.0,416.0,0.612,Mature,8.0,0.155,2020
2020-09-22,Buck Lake,Lake,Walleye,Male,416.0,442.0,0.746,Mature,8.0,0.153,2020
2020-09-22,Buck Lake,Lake,Walleye,Female,443.0,473.0,0.91,Mature,10.0,0.196,2020
2020-09-22,Buck Lake,Lake,Walleye,Male,411.0,435.0,0.762,Mature,8.0,0.312,2020
2020-09-22,Buck Lake,Lake,Walleye,Female,419.0,445.0,0.714,Mature,8.0,0.32,2020
2020-09-22,Buck Lake,Lake,Walleye,Female,406.0,436.0,0.778,Mature,7.0,0.198,2020
2020-09-22,Buck Lake,Lake,Walleye,Female,438.0,463.0,0.84,Mature,8.0,0.19,2020
2020-09-22,Buck Lake,Lake,Walleye,Male,398.0,424.0,0.646,Mature,8.0,0.167,2020
2020-09-22,Buck Lake,Lake,Walleye,Male,417.0,446.0,0.744,Mature,8.0,0.144,2020
2020-09-22,Buck Lake,Lake,Walleye,Female,405.0,435.0,0.738,Mature,8.0,0.224,2020
2020-09-22,Buck Lake,Lake,Walleye,Male,403.0,428.0,0.752,Mature,9.0,0.142,2020
2020-09-22,Buck Lake,Lake,Walleye,Male,430.0,457.0,0.862,Mature,12.0,0.293,2020
2020-09-22,Buck Lake,Lake,Walleye,Male,475.0,496.0,1.013,Mature,17.0,0.348,2020
2020-09-22,Buck Lake,Lake,Walleye,Male,447.0,471.0,0.958,Mature,15.0,0.405,2020
2020-09-22,Buck Lake,Lake,Walleye,Male,453.0,483.0,1.001,Mature,17.0,0.329,2020
2020-09-22,Buck Lake,Lake,Walleye,Male,445.0,470.0,0.844,Mature,9.0,0.219,2020
2020-09-22,Buck Lake,Lake,Walleye,Female,441.0,472.0,0.886,Mature,8.0,0.162,2020
2020-09-22,Buck Lake,Lake,Walleye,Female,437.0,464.0,0.838,Mature,8.0,0.155,2020
2020-09-22,Buck Lake,Lake,Walleye,Male,422.0,447.0,0.811,Mature,11.0,0.281,2020
2020-09-22,Buck Lake,Lake,Walleye,Male,421.0,446.0,0.783,Mature,13.0,0.225,2020
2020-09-22,Buck Lake,Lake,Walleye,Male,441.0,470.0,0.932,Mature,14.0,0.27,2020
2020-09-22,Buck Lake,Lake,Walleye,Female,400.0,426.0,0.705,Mature,9.0,0.178,2020
2015-09-17,Burnstick Lake,Lake,Northern Pike,Male,553.0,590.0,1.248,Mature,4.0,0.528,2015
2015-09-17,Burnstick Lake,Lake,Northern Pike,Female,640.0,680.0,1.605,Mature,6.0,0.731,2015
2015-09-17,Burnstick Lake,Lake,Northern Pike,Female,590.0,630.0,1.436,Mature,5.0,0.683,2015
2015-09-17,Burnstick Lake,Lake,Northern Pike,Female,584.0,622.0,1.564,Mature,5.0,0.36,2015
2015-09-17,Burnstick Lake,Lake,Northern Pike,Female,553.0,581.0,1.283,Mature,5.0,0.466,2015
2015-09-17,Burnstick Lake,Lake,Northern Pike,Male,535.0,566.0,1.078,Mature,5.0,0.5,2015
2015-09-17,Burnstick Lake,Lake,Northern Pike,Female,620.0,660.0,1.816,Mature,8.0,0.609,2015
2015-09-17,Burnstick Lake,Lake,Northern Pike,Female,609.0,650.0,1.576,Mature,6.0,0.726,2015
2015-09-17,Burnstick Lake,Lake,Northern Pike,Female,561.0,599.0,1.416,Mature,4.0,0.379,2015
2015-09-17,Burnstick Lake,Lake,Northern Pike,Female,670.0,708.0,2.035,Mature,7.0,0.759,2015
2015-09-17,Burnstick Lake,Lake,Northern Pike,Female,612.0,650.0,1.683,Mature,6.0,0.616,2015
2015-09-17,Burnstick Lake,Lake,Northern Pike,Female,600.0,640.0,1.307,Mature,7.0,0.852,2015
2015-09-17,Burnstick Lake,Lake,Northern Pike,Male,541.0,575.0,1.055,Mature,6.0,0.497,2015
2015-09-17,Burnstick Lake,Lake,Northern Pike,Female,562.0,595.0,1.238,Mature,5.0,0.642,2015
2015-09-17,Burnstick Lake,Lake,Northern Pike,Male,515.0,550.0,1.09,Mature,5.0,0.592,2015
2015-09-17,Burnstick Lake,Lake,Walleye,Female,578.0,606.0,2.675,Mature,10.0,1.067,2015
2015-09-17,Burnstick Lake,Lake,Walleye,Female,620.0,646.0,2.665,Mature,10.0,1.01,2015
2015-09-17,Burnstick Lake,Lake,Walleye,Female,575.0,604.0,2.155,Mature,10.0,1.093,2015
2015-09-17,Burnstick Lake,Lake,Walleye,Male,560.0,590.0,2.19,Mature,9.0,1.056,2015
2015-09-17,Burnstick Lake,Lake,Walleye,Female,662.0,691.0,2.945,Mature,14.0,1.411,2015
2015-09-17,Burnstick Lake,Lake,Walleye,Female,640.0,675.0,3.0,Mature,13.0,1.136,2015
2015-09-17,Burnstick Lake,Lake,Walleye,Male,503.0,533.0,1.6,Mature,6.0,0.612,2015
2015-09-17,Burnstick Lake,Lake,Walleye,Female,490.0,508.0,1.25,Immature,5.0,0.396,2015
2015-09-17,Burnstick Lake,Lake,Walleye,Female,522.0,552.0,1.688,Mature,6.0,0.708,2015
2015-09-17,Burnstick Lake,Lake,Walleye,Male,565.0,594.0,2.39,Mature,10.0,1.005,2015
2015-09-17,Burnstick Lake,Lake,Walleye,Female,617.0,646.0,2.96,Mature,,1.355,2015
2015-09-17,Burnstick Lake,Lake,Walleye,Female,608.0,635.0,2.8,Mature,9.0,1.004,2015
2015-09-17,Burnstick Lake,Lake,Walleye,Female,572.0,602.0,2.26,Mature,8.0,0.821,2015
2015-09-17,Burnstick Lake,Lake,Walleye,Female,638.0,666.0,3.17,Mature,13.0,1.357,2015
2015-09-17,Burnstick Lake,Lake,Walleye,Male,583.0,609.0,1.99,Mature,18.0,1.568,2015
2009-10-01,Calling Lake,Lake,Northern Pike,Female,716.0,763.0,3.1,Mature,6.0,0.11,2009
2009-10-01,Calling Lake,Lake,Northern Pike,Male,540.0,576.0,1.25,Mature,4.0,0.057,2009
2009-10-01,Calling Lake,Lake,Northern Pike,Male,564.0,599.0,1.75,Mature,3.0,0.049,2009
2009-10-01,Calling Lake,Lake,Northern Pike,Female,622.0,657.0,2.1,Mature,3.0,0.072,2009
2009-10-01,Calling Lake,Lake,Northern Pike,Female,735.0,776.0,2.25,Mature,7.0,0.148,2009
2009-10-01,Calling Lake,Lake,Northern Pike,Female,655.0,694.0,1.75,Mature,5.0,0.107,2009
2009-10-01,Calling Lake,Lake,Northern Pike,Female,652.0,692.0,1.546,Mature,4.0,0.176,2009
2011-09-27,Calling Lake,Lake,Northern Pike,Female,550.0,584.0,0.948,Mature,3.0,0.079,2011
2011-09-27,Calling Lake,Lake,Northern Pike,Female,573.0,605.0,1.21,Mature,4.0,0.094,2011
2011-09-27,Calling Lake,Lake,Northern Pike,Female,503.0,533.0,0.854,Mature,3.0,0.082,2011
2011-09-28,Calling Lake,Lake,Northern Pike,Male,531.0,567.0,0.72,Mature,5.0,0.151,2011
2011-09-28,Calling Lake,Lake,Northern Pike,Female,668.0,702.0,1.686,Mature,6.0,0.229,2011
2011-09-28,Calling Lake,Lake,Northern Pike,Male,540.0,575.0,0.95,Mature,3.0,0.096,2011
2011-09-28,Calling Lake,Lake,Northern Pike,Female,614.0,654.0,1.266,Mature,6.0,0.249,2011
2011-09-28,Calling Lake,Lake,Northern Pike,Female,896.0,935.0,3.612,Mature,15.0,0.493,2011
2011-09-28,Calling Lake,Lake,Northern Pike,Male,550.0,586.0,0.844,Mature,3.0,0.139,2011
2011-09-28,Calling Lake,Lake,Northern Pike,Female,617.0,656.0,1.63,Mature,5.0,0.12,2011
2009-10-01,Calling Lake,Lake,Walleye,Female,427.0,455.0,0.88,Immature,7.0,0.061,2009
2009-10-01,Calling Lake,Lake,Walleye,Female,490.0,522.0,1.55,Mature,8.0,0.083,2009
2009-10-01,Calling Lake,Lake,Walleye,Unknown,,,,Unknown,,0.165,2009
2009-10-01,Calling Lake,Lake,Walleye,Male,445.0,478.0,1.125,Mature,7.0,0.07,2009
2009-10-01,Calling Lake,Lake,Walleye,Male,652.0,683.0,2.575,Mature,18.0,0.407,2009
2009-10-01,Calling Lake,Lake,Walleye,Male,550.0,577.0,1.575,Mature,11.0,0.182,2009
2009-10-01,Calling Lake,Lake,Walleye,Male,430.0,460.0,0.775,Mature,7.0,0.08,2009
2009-10-01,Calling Lake,Lake,Walleye,Male,529.0,559.0,1.83,Mature,11.0,0.15,2009
2009-10-01,Calling Lake,Lake,Walleye,Male,545.0,571.0,1.55,Mature,11.0,0.146,2009
2009-10-01,Calling Lake,Lake,Walleye,Male,489.0,519.0,1.24,Mature,7.0,0.111,2009
2011-09-27,Calling Lake,Lake,Walleye,Female,572.0,606.0,1.352,Mature,13.0,0.293,2011
2011-09-27,Calling Lake,Lake,Walleye,Female,411.0,439.0,0.716,Immature,9.0,0.098,2011
2011-09-27,Calling Lake,Lake,Walleye,Female,510.0,539.0,1.06,Mature,11.0,0.103,2011
2011-09-27,Calling Lake,Lake,Walleye,Female,644.0,676.0,2.212,Mature,13.0,0.315,2011
2011-09-27,Calling Lake,Lake,Walleye,Male,457.0,482.0,0.884,Mature,9.0,0.123,2011
2011-09-27,Calling Lake,Lake,Walleye,Male,415.0,441.0,0.75,Mature,7.0,0.065,2011
2011-09-27,Calling Lake,Lake,Walleye,Female,365.0,389.0,0.548,Immature,7.0,0.069,2011
2011-09-27,Calling Lake,Lake,Walleye,Male,570.0,593.0,1.576,Mature,13.0,0.191,2011
2011-09-27,Calling Lake,Lake,Walleye,Male,455.0,482.0,0.888,Mature,10.0,0.133,2011
2011-09-27,Calling Lake,Lake,Walleye,Female,491.0,514.0,1.088,Immature,9.0,0.101,2011
2011-09-27,Calling Lake,Lake,Walleye,Female,463.0,493.0,0.98,Mature,10.0,0.08,2011
2011-09-27,Calling Lake,Lake,Walleye,Male,435.0,466.0,0.862,Mature,11.0,0.109,2011
2014-09-17,Chain Lakes (Middle Chain Lake),Lake,Northern Pike,Male,401.0,426.0,0.48,Mature,2.0,0.159,2014
2014-09-17,Chain Lakes (Middle Chain Lake),Lake,Northern Pike,Male,448.0,474.0,0.691,Mature,3.0,0.293,2014
2014-09-17,Chain Lakes (Middle Chain Lake),Lake,Northern Pike,Male,355.0,378.0,0.327,Mature,2.0,0.128,2014
2014-09-17,Chain Lakes (Middle Chain Lake),Lake,Northern Pike,Female,370.0,395.0,0.401,Mature,2.0,0.19,2014
2014-09-17,Chain Lakes (Middle Chain Lake),Lake,Northern Pike,Female,475.0,504.0,0.826,Mature,4.0,0.203,2014
2014-09-17,Chain Lakes (Middle Chain Lake),Lake,Northern Pike,Male,485.0,513.0,0.869,Mature,3.0,0.362,2014
2014-09-18,Chain Lakes (Middle Chain Lake),Lake,Northern Pike,Male,395.0,422.0,0.42,Mature,2.0,0.251,2014
2014-09-18,Chain Lakes (Middle Chain Lake),Lake,Northern Pike,Female,449.0,474.0,0.712,Mature,3.0,0.317,2014
2014-09-18,Chain Lakes (Middle Chain Lake),Lake,Northern Pike,Female,645.0,680.0,1.907,Mature,5.0,0.398,2014
2014-09-18,Chain Lakes (Middle Chain Lake),Lake,Northern Pike,Female,622.0,663.0,2.028,Mature,5.0,0.563,2014
2014-09-18,Chain Lakes (Middle Chain Lake),Lake,Northern Pike,Male,523.0,552.0,1.242,Mature,4.0,0.337,2014
2014-09-18,Chain Lakes (Middle Chain Lake),Lake,Northern Pike,Female,556.0,590.0,1.358,Mature,4.0,0.348,2014
2014-09-18,Chain Lakes (Middle Chain Lake),Lake,Northern Pike,Male,482.0,510.0,0.885,Mature,3.0,0.273,2014
2014-09-18,Chain Lakes (Middle Chain Lake),Lake,Northern Pike,Male,480.0,503.0,0.928,Mature,3.0,0.162,2014
2014-09-18,Chain Lakes (Middle Chain Lake),Lake,Northern Pike,Female,491.0,521.0,0.95,Mature,3.0,0.264,2014
2014-09-18,Chain Lakes (Middle Chain Lake),Lake,Northern Pike,Female,504.0,541.0,1.069,Mature,3.0,0.27,2014
2014-09-18,Chain Lakes (Middle Chain Lake),Lake,Northern Pike,Male,536.0,567.0,1.257,Mature,5.0,0.389,2014
2014-09-18,Chain Lakes (Middle Chain Lake),Lake,Northern Pike,Female,562.0,591.0,1.662,Mature,5.0,0.153,2014
2014-09-18,Chain Lakes (Middle Chain Lake),Lake,Northern Pike,Male,568.0,598.0,1.529,Mature,5.0,0.182,2014
2014-09-18,Chain Lakes (Middle Chain Lake),Lake,Northern Pike,Female,612.0,645.0,1.902,Mature,5.0,0.418,2014
2014-09-18,Chain Lakes (Upper Chain Lake),Lake,Northern Pike,Male,483.0,510.0,0.805,Unknown,4.0,0.272,2014
2014-09-18,Chain Lakes (Upper Chain Lake),Lake,Northern Pike,Female,526.0,563.0,0.97,Unknown,5.0,0.428,2014
2014-09-18,Chain Lakes (Upper Chain Lake),Lake,Northern Pike,Female,511.0,538.0,1.001,Unknown,4.0,0.246,2014
2014-09-18,Chain Lakes (Upper Chain Lake),Lake,Northern Pike,Female,540.0,571.0,1.13,Unknown,6.0,0.313,2014
2014-09-18,Chain Lakes (Upper Chain Lake),Lake,Northern Pike,Male,362.0,383.0,0.369,Unknown,2.0,0.094,2014
2014-09-18,Chain Lakes (Upper Chain Lake),Lake,Northern Pike,Male,534.0,562.0,1.068,Unknown,5.0,0.45,2014
2014-09-18,Chain Lakes (Upper Chain Lake),Lake,Northern Pike,Female,496.0,526.0,0.952,Unknown,4.0,0.241,2014
1997-07-30,Chain Lakes Reservoir (Chain Lakes Provincial Park),Reservoir,Mountain Whitefish,Unknown,230.0,,0.149,Unknown,,0.052,1997
1997-07-30,Chain Lakes Reservoir (Chain Lakes Provincial Park),Reservoir,Mountain Whitefish,Unknown,240.0,,0.172,Unknown,,0.046,1997
1997-07-30,Chain Lakes Reservoir (Chain Lakes Provincial Park),Reservoir,Mountain Whitefish,Unknown,246.0,,0.189,Unknown,,0.05,1997
1997-07-30,Chain Lakes Reservoir (Chain Lakes Provincial Park),Reservoir,Mountain Whitefish,Unknown,258.0,,0.24,Unknown,,0.027,1997
1997-07-30,Chain Lakes Reservoir (Chain Lakes Provincial Park),Reservoir,Mountain Whitefish,Unknown,258.0,,0.227,Unknown,,0.031,1997
1997-07-30,Chain Lakes Reservoir (Chain Lakes Provincial Park),Reservoir,Mountain Whitefish,Unknown,263.0,,0.228,Unknown,,0.098,1997
1997-07-30,Chain Lakes Reservoir (Chain Lakes Provincial Park),Reservoir,Mountain Whitefish,Unknown,315.0,,0.426,Unknown,,0.036,1997
1997-07-29,Chain Lakes Reservoir (Chain Lakes Provincial Park),Reservoir,Rainbow Trout,Unknown,,169.0,0.062,Unknown,,0.46,1997
1997-07-30,Chain Lakes Reservoir (Chain Lakes Provincial Park),Reservoir,Rainbow Trout,Unknown,159.0,,0.05,Unknown,,0.033,1997
1997-07-30,Chain Lakes Reservoir (Chain Lakes Provincial Park),Reservoir,Rainbow Trout,Unknown,166.0,,0.053,Unknown,,0.036,1997
1997-07-30,Chain Lakes Reservoir (Chain Lakes Provincial Park),Reservoir,Rainbow Trout,Unknown,169.0,,0.062,Unknown,,0.035,1997
1997-07-30,Chain Lakes Reservoir (Chain Lakes Provincial Park),Reservoir,Rainbow Trout,Unknown,174.0,,0.061,Unknown,,0.037,1997
1997-07-30,Chain Lakes Reservoir (Chain Lakes Provincial Park),Reservoir,Rainbow Trout,Unknown,245.0,,0.191,Unknown,,0.072,1997
1997-07-30,Chain Lakes Reservoir (Chain Lakes Provincial Park),Reservoir,Rainbow Trout,Unknown,259.0,,0.238,Unknown,,0.074,1997
1997-07-30,Chain Lakes Reservoir (Chain Lakes Provincial Park),Reservoir,Rainbow Trout,Unknown,272.0,,0.26,Unknown,,0.07,1997
1997-07-30,Chain Lakes Reservoir (Chain Lakes Provincial Park),Reservoir,Rainbow Trout,Unknown,279.0,,0.321,Unknown,,0.047,1997
1997-07-30,Chain Lakes Reservoir (Chain Lakes Provincial Park),Reservoir,Rainbow Trout,Unknown,284.0,,0.266,Unknown,,0.079,1997
1997-07-30,Chain Lakes Reservoir (Chain Lakes Provincial Park),Reservoir,Rainbow Trout,Unknown,284.0,,0.26,Unknown,,0.109,1997
1997-07-30,Chain Lakes Reservoir (Chain Lakes Provincial Park),Reservoir,Rainbow Trout,Unknown,,284.0,0.26,Unknown,,0.112,1997
1997-07-29,Chain Lakes Reservoir (Chain Lakes Provincial Park),Reservoir,White Sucker,Unknown,,265.0,0.221,Unknown,,0.087,1997
1997-07-30,Chain Lakes Reservoir (Chain Lakes Provincial Park),Reservoir,White Sucker,Unknown,210.0,,0.094,Unknown,,0.073,1997
1997-07-30,Chain Lakes Reservoir (Chain Lakes Provincial Park),Reservoir,White Sucker,Unknown,223.0,,0.127,Unknown,,0.053,1997
1997-07-30,Chain Lakes Reservoir (Chain Lakes Provincial Park),Reservoir,White Sucker,Unknown,255.0,,0.206,Unknown,,0.117,1997
1997-07-30,Chain Lakes Reservoir (Chain Lakes Provincial Park),Reservoir,White Sucker,Unknown,265.0,,0.221,Unknown,,0.072,1997
1997-07-30,Chain Lakes Reservoir (Chain Lakes Provincial Park),Reservoir,White Sucker,Unknown,302.0,,0.312,Unknown,,0.11,1997
1997-07-30,Chain Lakes Reservoir (Chain Lakes Provincial Park),Reservoir,White Sucker,Unknown,323.0,,0.348,Unknown,,0.102,1997
2010-06-23,Chinchaga River,River,Walleye,Unknown,,430.0,0.69,Unknown,,0.685,2010
2010-06-24,Chinchaga River,River,Walleye,Unknown,421.0,447.0,0.789,Unknown,,0.322,2010
2010-06-24,Chinchaga River,River,Walleye,Unknown,411.0,435.0,0.736,Unknown,,0.585,2010
2010-06-24,Chinchaga River,River,Walleye,Unknown,408.0,430.0,0.705,Unknown,,0.283,2010
2010-06-24,Chinchaga River,River,Walleye,Unknown,395.0,418.0,0.712,Unknown,,0.318,2010
2013-10-02,Christina Lake,Lake,Burbot,Female,,620.0,2.071,Mature,11.0,0.194,2013
2013-10-03,Christina Lake,Lake,Burbot,Male,,652.0,1.742,Mature,10.0,0.29,2013
2019-09-10,Christina Lake,Lake,Burbot,Male,,637.0,1.351,Mature,,0.28,2019
2013-10-01,Christina Lake,Lake,Lake Whitefish,Male,406.0,453.0,0.91,Mature,12.0,0.08,2013
2013-10-01,Christina Lake,Lake,Lake Whitefish,Male,440.0,485.0,1.105,Mature,17.0,0.087,2013
2013-10-01,Christina Lake,Lake,Lake Whitefish,Male,432.0,475.0,1.075,Mature,16.0,0.068,2013
2013-10-02,Christina Lake,Lake,Lake Whitefish,Male,584.0,656.0,3.535,Mature,28.0,0.159,2013
2019-09-10,Christina Lake,Lake,Lake Whitefish,Female,417.0,471.0,1.006,Mature,,0.147,2019
2019-09-10,Christina Lake,Lake,Lake Whitefish,Female,465.0,521.0,1.29,Mature,,0.07,2019
2019-09-10,Christina Lake,Lake,Lake Whitefish,Female,472.0,532.0,1.371,Mature,,0.275,2019
2019-09-11,Christina Lake,Lake,Lake Whitefish,Male,445.0,497.0,1.178,Mature,,0.104,2019
2019-09-11,Christina Lake,Lake,Lake Whitefish,Male,486.0,542.0,1.115,Mature,,0.328,2019
2019-09-13,Christina Lake,Lake,Lake Whitefish,Female,462.0,524.0,1.153,Mature,,0.133,2019
2019-09-13,Christina Lake,Lake,Lake Whitefish,Male,440.0,494.0,1.135,Mature,,0.101,2019
2019-09-13,Christina Lake,Lake,Lake Whitefish,Female,487.0,542.0,1.516,Mature,,0.09,2019
2013-10-01,Christina Lake,Lake,Northern Pike,Female,597.0,631.0,1.446,Mature,8.0,0.322,2013
2013-10-01,Christina Lake,Lake,Northern Pike,Female,601.0,646.0,1.525,Mature,6.0,0.203,2013
2013-10-01,Christina Lake,Lake,Northern Pike,Male,630.0,668.0,2.01,Mature,8.0,0.287,2013
2013-10-01,Christina Lake,Lake,Northern Pike,Female,627.0,662.0,1.541,Mature,7.0,0.493,2013
2013-10-01,Christina Lake,Lake,Northern Pike,Male,710.0,745.0,2.708,Mature,12.0,0.579,2013
2013-10-01,Christina Lake,Lake,Northern Pike,Female,760.0,800.0,2.941,Mature,12.0,0.746,2013
2013-10-01,Christina Lake,Lake,Northern Pike,Female,585.0,633.0,1.451,Mature,7.0,0.369,2013
2013-10-02,Christina Lake,Lake,Northern Pike,Female,923.0,969.0,7.0,Mature,12.0,0.533,2013
2019-09-10,Christina Lake,Lake,Northern Pike,Female,590.0,625.0,1.478,Mature,,0.451,2019
2019-09-10,Christina Lake,Lake,Northern Pike,Female,691.0,728.0,2.513,Mature,,0.349,2019
2019-09-10,Christina Lake,Lake,Northern Pike,Female,570.0,600.0,1.262,Mature,,0.568,2019
2019-09-10,Christina Lake,Lake,Northern Pike,Female,615.0,652.0,1.537,Mature,,0.277,2019
2019-09-10,Christina Lake,Lake,Northern Pike,Female,651.0,689.0,1.81,Mature,,0.367,2019
2019-09-10,Christina Lake,Lake,Northern Pike,Female,674.0,714.0,2.113,Mature,,0.394,2019
2019-09-11,Christina Lake,Lake,Northern Pike,Male,530.0,556.0,0.444,Mature,,0.423,2019
2019-09-11,Christina Lake,Lake,Northern Pike,Female,875.0,922.0,5.575,Mature,,0.5,2019
2019-09-11,Christina Lake,Lake,Northern Pike,Female,719.0,763.0,2.847,Mature,,0.681,2019
2019-09-11,Christina Lake,Lake,Northern Pike,Female,1002.0,1063.0,10.55,Mature,,0.492,2019
2013-10-01,Christina Lake,Lake,Walleye,Female,448.0,504.0,1.104,Mature,,0.091,2013
2013-10-01,Christina Lake,Lake,Walleye,Female,560.0,589.0,1.812,Mature,15.0,0.603,2013
2013-10-01,Christina Lake,Lake,Walleye,Female,636.0,676.0,2.806,Mature,15.0,0.722,2013
2013-10-01,Christina Lake,Lake,Walleye,Female,586.0,618.0,1.901,Immature,15.0,0.734,2013
2013-10-01,Christina Lake,Lake,Walleye,Female,600.0,639.0,2.607,Mature,17.0,0.506,2013
2013-10-01,Christina Lake,Lake,Walleye,Male,467.0,500.0,1.065,Mature,15.0,0.537,2013
2013-10-01,Christina Lake,Lake,Walleye,Female,545.0,574.0,1.78,Mature,7.0,0.26,2013
2013-10-01,Christina Lake,Lake,Walleye,Male,482.0,515.0,1.04,Mature,10.0,0.365,2013
2013-10-02,Christina Lake,Lake,Walleye,Female,582.0,618.0,2.201,Mature,17.0,0.477,2013
2013-10-02,Christina Lake,Lake,Walleye,Male,439.0,469.0,0.98,Mature,7.0,0.194,2013
2019-09-10,Christina Lake,Lake,Walleye,Male,470.0,499.0,1.027,Mature,,0.709,2019
2019-09-10,Christina Lake,Lake,Walleye,Male,469.0,502.0,1.081,Mature,,0.34,2019
2019-09-10,Christina Lake,Lake,Walleye,Female,454.0,484.0,0.919,Immature,,0.163,2019
2019-09-10,Christina Lake,Lake,Walleye,Female,468.0,497.0,1.123,Immature,,0.193,2019
2019-09-10,Christina Lake,Lake,Walleye,Female,580.0,609.0,1.808,Mature,,0.573,2019
2019-09-11,Christina Lake,Lake,Walleye,Female,506.0,537.0,1.512,Mature,,0.377,2019
2019-09-11,Christina Lake,Lake,Walleye,Female,543.0,575.0,1.835,Mature,,0.423,2019
2019-09-13,Christina Lake,Lake,Walleye,Female,493.0,520.0,1.375,Immature,,0.362,2019
2019-09-13,Christina Lake,Lake,Walleye,Male,581.0,615.0,2.249,Mature,,1.25,2019
2019-09-13,Christina Lake,Lake,Walleye,Male,567.0,602.0,2.337,Mature,,0.777,2019
2019-09-13,Christina Lake,Lake,Walleye,Female,631.0,663.0,3.069,Mature,,1.118,2019
2019-09-13,Christina Lake,Lake,Walleye,Female,440.0,465.0,0.938,Immature,,0.244,2019
2019-09-13,Christina Lake,Lake,Walleye,Female,603.0,639.0,2.655,Mature,,0.943,2019
2019-09-13,Christina Lake,Lake,Walleye,Female,728.0,763.0,3.675,Mature,,1.17,2019
2013-10-01,Christina Lake,Lake,White Sucker,Female,484.0,517.0,1.66,Mature,,0.117,2013
2013-10-02,Christina Lake,Lake,White Sucker,Male,444.0,475.0,1.325,Mature,,0.129,2013
2013-10-02,Christina Lake,Lake,White Sucker,Female,438.0,470.0,1.17,Mature,,0.054,2013
2013-10-02,Christina Lake,Lake,White Sucker,Male,483.0,519.0,1.603,Mature,,0.145,2013
2013-10-02,Christina Lake,Lake,White Sucker,Female,420.0,457.0,1.073,Mature,,0.066,2013
2013-10-02,Christina Lake,Lake,White Sucker,Male,455.0,493.0,1.637,Mature,,0.092,2013
2019-09-10,Christina Lake,Lake,White Sucker,Female,538.0,577.0,2.378,Mature,,0.147,2019
2019-09-10,Christina Lake,Lake,White Sucker,Female,532.0,573.0,2.166,Mature,,0.132,2019
2019-09-10,Christina Lake,Lake,White Sucker,Male,443.0,484.0,1.364,Mature,,0.149,2019
2019-09-10,Christina Lake,Lake,White Sucker,Female,498.0,536.0,2.146,Mature,,0.074,2019
2019-09-11,Christina Lake,Lake,White Sucker,Female,426.0,460.0,1.195,Mature,,0.086,2019
2019-09-11,Christina Lake,Lake,White Sucker,Female,474.0,507.0,1.602,Mature,,0.032,2019
2009-12-27,Chrystina Lake,Lake,Brook Trout,Unknown,305.0,320.0,0.324,Unknown,,0.161,2009
2009-12-27,Chrystina Lake,Lake,Brook Trout,Unknown,310.0,326.0,0.314,Unknown,,0.14,2009
2009-12-27,Chrystina Lake,Lake,Brook Trout,Unknown,333.0,351.0,0.391,Unknown,,0.181,2009
2009-12-27,Chrystina Lake,Lake,Brook Trout,Unknown,331.0,340.0,0.367,Unknown,,0.244,2009
2009-12-27,Chrystina Lake,Lake,Brook Trout,Unknown,361.0,376.0,0.555,Unknown,,0.236,2009
2010-01-16,Chrystina Lake,Lake,Brook Trout,Unknown,268.0,275.0,0.178,Unknown,,0.103,2010
2010-02-14,Chrystina Lake,Lake,Brook Trout,Unknown,322.0,331.0,0.29,Unknown,,0.598,2010
2010-02-17,Chrystina Lake,Lake,Brook Trout,Unknown,294.0,310.0,0.25,Unknown,,0.113,2010
2010-02-17,Chrystina Lake,Lake,Brook Trout,Unknown,308.0,324.0,0.266,Unknown,,0.17,2010
2010-02-17,Chrystina Lake,Lake,Brook Trout,Unknown,324.0,340.0,0.331,Unknown,,0.234,2010
2010-03-01,Chrystina Lake,Lake,Brook Trout,Unknown,328.0,342.0,0.35,Unknown,,0.143,2010
2010-03-01,Chrystina Lake,Lake,Brook Trout,Unknown,372.0,388.0,0.62,Unknown,,0.255,2010
2010-03-04,Chrystina Lake,Lake,Brook Trout,Unknown,289.0,306.0,0.251,Unknown,,0.157,2010
2010-03-04,Chrystina Lake,Lake,Brook Trout,Unknown,304.0,319.0,0.25,Unknown,,0.135,2010
2010-03-04,Chrystina Lake,Lake,Brook Trout,Unknown,335.0,352.0,0.36,Unknown,,0.203,2010
2014-09-30,Clear Lake (Barnes Lake),Lake,Northern Pike,Female,569.0,610.0,1.433,Mature,3.0,0.494,2014
2014-09-30,Clear Lake (Barnes Lake),Lake,Northern Pike,Female,637.0,682.0,1.762,Mature,5.0,0.813,2014
2014-09-30,Clear Lake (Barnes Lake),Lake,Northern Pike,Male,597.0,635.0,1.088,Mature,4.0,1.091,2014
2014-09-30,Clear Lake (Barnes Lake),Lake,Northern Pike,Male,540.0,577.0,1.077,Mature,2.0,0.5,2014
2014-09-30,Clear Lake (Barnes Lake),Lake,Northern Pike,Female,622.0,665.0,1.839,Mature,4.0,0.527,2014
2014-09-30,Clear Lake (Barnes Lake),Lake,Northern Pike,Female,637.0,677.0,1.81,Mature,4.0,0.699,2014
2014-09-30,Clear Lake (Barnes Lake),Lake,Northern Pike,Female,623.0,667.0,1.746,Mature,4.0,0.688,2014
2014-09-30,Clear Lake (Barnes Lake),Lake,Northern Pike,Male,579.0,622.0,1.298,Mature,3.0,0.816,2014
2014-09-30,Clear Lake (Barnes Lake),Lake,Northern Pike,Female,652.0,692.0,1.831,Mature,4.0,0.885,2014
2014-09-30,Clear Lake (Barnes Lake),Lake,Walleye,Male,444.0,474.0,0.865,Mature,13.0,0.837,2014
2014-09-30,Clear Lake (Barnes Lake),Lake,Walleye,Female,459.0,481.0,0.875,Mature,11.0,0.728,2014
2014-09-30,Clear Lake (Barnes Lake),Lake,Walleye,Male,439.0,467.0,0.856,Mature,11.0,1.078,2014
2014-09-30,Clear Lake (Barnes Lake),Lake,Walleye,Female,440.0,465.0,0.904,Mature,5.0,0.413,2014
2014-09-30,Clear Lake (Barnes Lake),Lake,Walleye,Male,505.0,535.0,1.116,Mature,11.0,1.219,2014
2014-09-30,Clear Lake (Barnes Lake),Lake,Walleye,Female,437.0,466.0,0.893,Mature,5.0,0.379,2014
2014-09-30,Clear Lake (Barnes Lake),Lake,Walleye,Female,491.0,516.0,1.206,Mature,11.0,1.054,2014
2014-09-30,Clear Lake (Barnes Lake),Lake,Walleye,Male,459.0,481.0,0.966,Mature,13.0,1.274,2014
2014-09-30,Clear Lake (Barnes Lake),Lake,Walleye,Female,440.0,465.0,0.87,Mature,10.0,1.068,2014
2014-09-30,Clear Lake (Barnes Lake),Lake,Walleye,Male,481.0,507.0,1.355,Mature,13.0,1.078,2014
2014-09-30,Clear Lake (Barnes Lake),Lake,Walleye,Female,472.0,506.0,1.13,Mature,13.0,0.952,2014
2014-09-30,Clear Lake (Barnes Lake),Lake,Walleye,Male,453.0,483.0,0.961,Mature,11.0,1.018,2014
2014-09-30,Clear Lake (Barnes Lake),Lake,Walleye,Male,503.0,533.0,1.207,Mature,16.0,1.39,2014
2014-09-30,Clear Lake (Barnes Lake),Lake,Walleye,Male,485.0,513.0,1.089,Mature,13.0,1.148,2014
2014-09-30,Clear Lake (Barnes Lake),Lake,Walleye,Female,486.0,511.0,1.115,Mature,10.0,1.13,2014
2016-07-22,Cold Lake,Lake,Lake Trout,Female,372.0,409.0,0.75,Immature,5.0,0.056,2016
2016-07-22,Cold Lake,Lake,Lake Trout,Male,572.0,634.0,2.75,Mature,12.0,0.233,2016
2016-07-22,Cold Lake,Lake,Lake Trout,Male,490.0,536.0,1.75,Mature,10.0,0.066,2016
2016-07-22,Cold Lake,Lake,Lake Trout,Male,499.0,549.0,1.9,Mature,10.0,0.084,2016
2016-07-22,Cold Lake,Lake,Lake Trout,Female,586.0,641.0,3.1,Mature,11.0,0.182,2016
2016-07-22,Cold Lake,Lake,Lake Trout,Female,384.0,417.0,0.7,Immature,6.0,0.03,2016
2016-07-22,Cold Lake,Lake,Lake Trout,Male,424.0,461.0,1.0,Immature,6.0,0.036,2016
2016-07-22,Cold Lake,Lake,Lake Trout,Male,488.0,538.0,1.55,Mature,8.0,0.059,2016
2016-07-22,Cold Lake,Lake,Lake Trout,Male,575.0,631.0,2.65,Mature,11.0,0.19,2016
2016-07-22,Cold Lake,Lake,Lake Trout,Male,536.0,595.0,1.8,Mature,8.0,0.22,2016
2016-07-22,Cold Lake,Lake,Lake Trout,Male,540.0,592.0,2.2,Mature,8.0,0.181,2016
2016-07-22,Cold Lake,Lake,Lake Trout,Female,543.0,593.0,2.25,Mature,12.0,0.186,2016
2016-07-22,Cold Lake,Lake,Lake Trout,Female,469.0,516.0,1.4,Mature,9.0,0.105,2016
2016-07-22,Cold Lake,Lake,Lake Trout,Female,482.0,527.0,1.3,Immature,9.0,0.087,2016
2019-07-29,Cold Lake,Lake,Lake Trout,Male,645.0,719.0,3.15,Mature,17.0,0.257,2019
2019-07-30,Cold Lake,Lake,Lake Trout,Male,597.0,650.0,2.95,Mature,14.0,0.322,2019
2019-07-30,Cold Lake,Lake,Lake Trout,Male,508.0,554.0,1.8,Mature,9.0,0.051,2019
2019-07-30,Cold Lake,Lake,Lake Trout,Male,495.0,540.0,2.0,Mature,6.0,0.063,2019
2019-07-30,Cold Lake,Lake,Lake Trout,Female,514.0,562.0,1.95,Mature,10.0,0.073,2019
2019-07-30,Cold Lake,Lake,Lake Trout,Female,504.0,555.0,1.8,Mature,8.0,0.115,2019
2019-07-30,Cold Lake,Lake,Lake Trout,Male,480.0,532.0,1.4,Mature,,0.135,2019
2019-07-30,Cold Lake,Lake,Lake Trout,Female,555.0,604.0,2.6,Mature,16.0,0.112,2019
2019-07-30,Cold Lake,Lake,Lake Trout,Female,570.0,628.0,2.85,Mature,12.0,0.207,2019
2019-07-30,Cold Lake,Lake,Lake Trout,Female,545.0,599.0,1.95,Mature,10.0,0.188,2019
2019-07-31,Cold Lake,Lake,Lake Trout,Female,468.0,515.0,1.35,Immature,7.0,0.064,2019
2019-07-31,Cold Lake,Lake,Lake Trout,Male,514.0,570.0,1.95,Mature,7.0,0.07,2019
2019-07-31,Cold Lake,Lake,Lake Trout,Male,498.0,545.0,1.8,Mature,9.0,0.112,2019
2019-07-31,Cold Lake,Lake,Lake Trout,Male,505.0,555.0,1.8,Immature,11.0,0.098,2019
2019-07-31,Cold Lake,Lake,Lake Trout,Male,525.0,589.0,2.1,Mature,11.0,0.109,2019
2019-07-31,Cold Lake,Lake,Lake Trout,Male,461.0,503.0,1.55,Mature,7.0,0.056,2019
2019-07-31,Cold Lake,Lake,Lake Trout,Female,605.0,667.0,2.95,Mature,14.0,0.279,2019
2019-07-31,Cold Lake,Lake,Lake Trout,Male,623.0,683.0,2.85,Mature,11.0,0.169,2019
2019-07-31,Cold Lake,Lake,Lake Trout,Female,595.0,650.0,3.0,Mature,,0.304,2019
2019-07-31,Cold Lake,Lake,Lake Trout,Male,555.0,601.0,2.65,Mature,11.0,0.129,2019
2016-07-22,Cold Lake,Lake,Lake Whitefish,Unknown,462.0,507.0,1.4,Unknown,,0.058,2016
2016-07-22,Cold Lake,Lake,Lake Whitefish,Unknown,471.0,521.0,1.35,Unknown,,0.053,2016
2016-07-22,Cold Lake,Lake,Lake Whitefish,Unknown,482.0,519.0,1.5,Unknown,,0.049,2016
2016-07-22,Cold Lake,Lake,Lake Whitefish,Unknown,430.0,476.0,1.1,Unknown,,0.037,2016
2016-07-22,Cold Lake,Lake,Lake Whitefish,Unknown,453.0,496.0,1.3,Unknown,,0.049,2016
2016-07-22,Cold Lake,Lake,Lake Whitefish,Unknown,457.0,504.0,1.2,Unknown,,0.054,2016
2016-07-26,Cold Lake,Lake,Lake Whitefish,Unknown,445.0,489.0,1.1,Unknown,,0.041,2016
2016-07-26,Cold Lake,Lake,Lake Whitefish,Unknown,,534.0,1.65,Unknown,,0.055,2016
2016-07-26,Cold Lake,Lake,Lake Whitefish,Unknown,478.0,526.0,1.5,Unknown,,0.052,2016
2016-07-26,Cold Lake,Lake,Lake Whitefish,Unknown,425.0,460.0,1.05,Unknown,,0.042,2016
2016-07-26,Cold Lake,Lake,Lake Whitefish,Unknown,,487.0,1.2,Unknown,,0.03,2016
2016-07-27,Cold Lake,Lake,Lake Whitefish,Unknown,437.0,481.0,1.1,Unknown,,0.053,2016
2016-07-27,Cold Lake,Lake,Lake Whitefish,Unknown,471.0,514.0,1.55,Unknown,,0.041,2016
2016-07-28,Cold Lake,Lake,Lake Whitefish,Unknown,414.0,459.0,0.95,Unknown,,0.029,2016
2016-07-28,Cold Lake,Lake,Lake Whitefish,Unknown,455.0,501.0,1.25,Unknown,,0.039,2016
2019-07-29,Cold Lake,Lake,Lake Whitefish,Female,479.0,525.0,1.55,Mature,,0.073,2019
2019-07-29,Cold Lake,Lake,Lake Whitefish,Male,466.0,515.0,1.6,Mature,,0.073,2019
2019-07-29,Cold Lake,Lake,Lake Whitefish,Female,470.0,514.0,1.5,Mature,,0.065,2019
2019-07-29,Cold Lake,Lake,Lake Whitefish,Female,471.0,520.0,1.5,Mature,,0.05,2019
2019-07-30,Cold Lake,Lake,Lake Whitefish,Unknown,454.0,501.0,1.9,Unknown,,0.048,2019
2019-07-30,Cold Lake,Lake,Lake Whitefish,Male,470.0,515.0,1.5,Mature,,0.034,2019
2019-07-30,Cold Lake,Lake,Lake Whitefish,Unknown,441.0,486.0,1.25,Unknown,,0.038,2019
2019-07-30,Cold Lake,Lake,Lake Whitefish,Unknown,454.0,505.0,1.35,Unknown,,0.037,2019
2019-07-30,Cold Lake,Lake,Lake Whitefish,Unknown,484.0,538.0,1.65,Unknown,,0.064,2019
2019-07-30,Cold Lake,Lake,Lake Whitefish,Unknown,433.0,476.0,1.15,Unknown,,0.026,2019
2019-07-30,Cold Lake,Lake,Lake Whitefish,Unknown,442.0,492.0,1.6,Unknown,,0.043,2019
2019-07-30,Cold Lake,Lake,Lake Whitefish,Unknown,460.0,501.0,1.8,Unknown,,0.036,2019
2019-09-09,County Sportsplex Pond,Stormwater Pond,Rainbow Trout,Female,262.0,278.0,0.25,Triploid,1.0,0.054,2019
2019-09-09,County Sportsplex Pond,Stormwater Pond,Rainbow Trout,Female,328.0,343.0,0.365,Triploid,2.0,0.086,2019
2019-09-09,County Sportsplex Pond,Stormwater Pond,Rainbow Trout,Female,275.0,285.0,0.24,Triploid,1.0,0.039,2019
2019-09-09,County Sportsplex Pond,Stormwater Pond,Rainbow Trout,Female,289.0,304.0,0.255,Triploid,1.0,0.067,2019
2019-09-09,County Sportsplex Pond,Stormwater Pond,Rainbow Trout,Female,280.0,293.0,0.26,Triploid,1.0,0.05,2019
2019-09-09,County Sportsplex Pond,Stormwater Pond,Rainbow Trout,Female,260.0,271.0,0.205,Triploid,1.0,0.045,2019
2019-09-09,County Sportsplex Pond,Stormwater Pond,Rainbow Trout,Female,265.0,278.0,0.22,Triploid,1.0,0.053,2019
2019-09-09,County Sportsplex Pond,Stormwater Pond,Rainbow Trout,Female,275.0,285.0,0.25,Triploid,1.0,0.054,2019
2019-09-09,County Sportsplex Pond,Stormwater Pond,Rainbow Trout,Female,229.0,241.0,0.165,Triploid,1.0,0.062,2019
2019-09-09,County Sportsplex Pond,Stormwater Pond,Rainbow Trout,Female,265.0,276.0,0.235,Triploid,1.0,0.049,2019
2019-09-09,County Sportsplex Pond,Stormwater Pond,Rainbow Trout,Female,268.0,279.0,0.21,Triploid,1.0,0.056,2019
2019-09-09,County Sportsplex Pond,Stormwater Pond,Rainbow Trout,Female,265.0,279.0,0.23,Triploid,1.0,0.051,2019
2019-09-09,County Sportsplex Pond,Stormwater Pond,Rainbow Trout,Female,275.0,286.0,0.24,Triploid,1.0,0.047,2019
2019-09-09,County Sportsplex Pond,Stormwater Pond,Rainbow Trout,Female,260.0,271.0,0.21,Triploid,1.0,0.058,2019
2019-09-09,County Sportsplex Pond,Stormwater Pond,Rainbow Trout,Female,335.0,350.0,0.435,Triploid,2.0,0.085,2019
2019-09-09,County Sportsplex Pond,Stormwater Pond,Rainbow Trout,Female,339.0,351.0,0.42,Triploid,2.0,0.077,2019
2019-09-09,County Sportsplex Pond,Stormwater Pond,Rainbow Trout,Female,335.0,348.0,0.4,Triploid,2.0,0.092,2019
2019-09-09,County Sportsplex Pond,Stormwater Pond,Rainbow Trout,Female,320.0,334.0,0.315,Triploid,2.0,0.097,2019
2010-01-19,Cowoki Lake (Cowoki Reservoir),Lake,Northern Pike,Unknown,650.0,682.0,2.216,Unknown,,0.682,2010
2010-01-19,Cowoki Lake (Cowoki Reservoir),Lake,Northern Pike,Unknown,619.0,659.0,1.854,Unknown,,0.582,2010
2010-01-19,Cowoki Lake (Cowoki Reservoir),Lake,Northern Pike,Unknown,646.0,680.0,2.311,Unknown,,0.374,2010
2010-01-19,Cowoki Lake (Cowoki Reservoir),Lake,Northern Pike,Unknown,668.0,710.0,2.154,Unknown,,0.536,2010
2010-01-19,Cowoki Lake (Cowoki Reservoir),Lake,Northern Pike,Unknown,630.0,668.0,1.821,Unknown,,0.5,2010
2010-01-19,Cowoki Lake (Cowoki Reservoir),Lake,Northern Pike,Unknown,,1080.0,10.7,Unknown,,0.877,2010
2009-09-15,Cowoki Lake (Cowoki Reservoir),Lake,Walleye,Unknown,574.0,603.0,2.68,Unknown,,0.48,2009
2009-09-15,Cowoki Lake (Cowoki Reservoir),Lake,Walleye,Unknown,565.0,595.0,2.504,Unknown,,0.491,2009
2009-09-15,Cowoki Lake (Cowoki Reservoir),Lake,Walleye,Unknown,550.0,577.0,2.288,Unknown,,0.491,2009
2009-09-15,Cowoki Lake (Cowoki Reservoir),Lake,Walleye,Unknown,561.0,601.0,2.782,Unknown,,0.411,2009
2018-09-19,Crane Lake (Moore Lake),Lake,Northern Pike,Female,605.0,646.0,1.45,Mature,4.0,0.45,2018
2018-09-19,Crane Lake (Moore Lake),Lake,Northern Pike,Female,593.0,630.0,1.275,Mature,5.0,0.543,2018
2018-09-19,Crane Lake (Moore Lake),Lake,Northern Pike,Female,608.0,643.0,1.445,Mature,5.0,0.543,2018
2018-09-19,Crane Lake (Moore Lake),Lake,Northern Pike,Female,611.0,648.0,1.375,Mature,5.0,0.581,2018
2018-09-20,Crane Lake (Moore Lake),Lake,Northern Pike,Female,613.0,654.0,1.625,Mature,4.0,0.523,2018
2018-09-19,Crane Lake (Moore Lake),Lake,Walleye,Female,645.0,675.0,3.52,Mature,13.0,0.666,2018
2018-09-20,Crane Lake (Moore Lake),Lake,Walleye,Female,522.0,550.0,1.75,Mature,14.0,0.73,2018
2018-09-20,Crane Lake (Moore Lake),Lake,Walleye,Female,544.0,568.0,2.025,Mature,6.0,0.386,2018
2018-09-20,Crane Lake (Moore Lake),Lake,Walleye,Female,512.0,540.0,1.575,Mature,20.0,0.653,2018
2018-09-20,Crane Lake (Moore Lake),Lake,Walleye,Female,490.0,515.0,1.09,Mature,17.0,0.77,2018
2018-09-20,Crane Lake (Moore Lake),Lake,Walleye,Female,565.0,592.0,2.135,Mature,6.0,0.387,2018
2018-09-20,Crane Lake (Moore Lake),Lake,Walleye,Female,471.0,498.0,1.22,Mature,11.0,0.538,2018
2009-10-22,Crawling Valley Reservoir,Reservoir,Northern Pike,Unknown,670.0,700.0,2.139,Unknown,,0.468,2009
2009-10-22,Crawling Valley Reservoir,Reservoir,Northern Pike,Unknown,580.0,612.0,1.441,Unknown,,0.319,2009
2009-10-22,Crawling Valley Reservoir,Reservoir,Northern Pike,Unknown,613.0,635.0,1.712,Unknown,,0.362,2009
2009-10-22,Crawling Valley Reservoir,Reservoir,Northern Pike,Unknown,565.0,597.0,1.306,Unknown,,0.539,2009
2009-10-22,Crawling Valley Reservoir,Reservoir,Northern Pike,Unknown,598.0,620.0,1.67,Unknown,,0.39,2009
2009-10-22,Crawling Valley Reservoir,Reservoir,Northern Pike,Unknown,621.0,656.0,1.87,Unknown,,0.423,2009
2009-10-22,Crawling Valley Reservoir,Reservoir,Northern Pike,Unknown,585.0,615.0,1.561,Unknown,,0.339,2009
2009-10-22,Crawling Valley Reservoir,Reservoir,Northern Pike,Unknown,540.0,570.0,1.001,Unknown,,0.204,2009
2009-10-22,Crawling Valley Reservoir,Reservoir,Walleye,Unknown,590.0,615.0,2.404,Unknown,,1.391,2009
2009-10-22,Crawling Valley Reservoir,Reservoir,Walleye,Unknown,461.0,485.0,1.114,Unknown,,0.428,2009
2009-10-22,Crawling Valley Reservoir,Reservoir,Walleye,Unknown,435.0,453.0,1.033,Unknown,,0.336,2009
2009-10-22,Crawling Valley Reservoir,Reservoir,Walleye,Unknown,515.0,540.0,1.45,Unknown,,0.489,2009
2009-10-22,Crawling Valley Reservoir,Reservoir,Walleye,Unknown,458.0,480.0,0.981,Unknown,,0.403,2009
2009-10-22,Crawling Valley Reservoir,Reservoir,Walleye,Unknown,500.0,525.0,1.385,Unknown,,0.497,2009
2009-10-22,Crawling Valley Reservoir,Reservoir,Walleye,Unknown,400.0,425.0,0.691,Unknown,,0.522,2009
2009-10-22,Crawling Valley Reservoir,Reservoir,Walleye,Unknown,425.0,448.0,0.944,Unknown,,0.349,2009
2009-10-22,Crawling Valley Reservoir,Reservoir,Walleye,Unknown,430.0,456.0,0.842,Unknown,,0.448,2009
2009-10-22,Crawling Valley Reservoir,Reservoir,Walleye,Unknown,390.0,405.0,0.681,Unknown,,0.254,2009
2009-10-22,Crawling Valley Reservoir,Reservoir,Walleye,Unknown,515.0,540.0,1.481,Unknown,,0.783,2009
2021-09-23,Crawling Valley Reservoir (Barkenhouse Lake),Reservoir,Lake Whitefish,Female,577.0,660.0,3.66,Mature,8.0,0.279,2021
2021-09-23,Crawling Valley Reservoir (Barkenhouse Lake),Reservoir,Lake Whitefish,Female,567.0,638.0,3.182,Mature,9.0,0.228,2021
2021-09-23,Crawling Valley Reservoir (Barkenhouse Lake),Reservoir,Lake Whitefish,Male,518.0,587.0,2.354,Mature,6.0,0.146,2021
2021-09-23,Crawling Valley Reservoir (Barkenhouse Lake),Reservoir,Lake Whitefish,Male,585.0,660.0,3.574,Mature,9.0,0.178,2021
2021-09-23,Crawling Valley Reservoir (Barkenhouse Lake),Reservoir,Lake Whitefish,Female,520.0,585.0,2.542,Mature,5.0,0.16,2021
2021-09-23,Crawling Valley Reservoir (Barkenhouse Lake),Reservoir,Northern Pike,Female,635.0,680.0,1.663,Mature,5.0,0.553,2021
2021-09-23,Crawling Valley Reservoir (Barkenhouse Lake),Reservoir,Northern Pike,Female,656.0,694.0,2.021,Mature,5.0,0.501,2021
2021-09-23,Crawling Valley Reservoir (Barkenhouse Lake),Reservoir,Northern Pike,Male,595.0,622.0,1.47,Mature,7.0,0.467,2021
2021-09-23,Crawling Valley Reservoir (Barkenhouse Lake),Reservoir,Northern Pike,Male,624.0,650.0,1.84,Mature,7.0,0.489,2021
2021-09-23,Crawling Valley Reservoir (Barkenhouse Lake),Reservoir,Northern Pike,Female,660.0,700.0,1.956,Mature,5.0,0.598,2021
2021-09-23,Crawling Valley Reservoir (Barkenhouse Lake),Reservoir,Northern Pike,Male,611.0,640.0,1.53,Mature,6.0,0.601,2021
2021-09-23,Crawling Valley Reservoir (Barkenhouse Lake),Reservoir,Northern Pike,Male,638.0,660.0,1.682,Mature,5.0,0.372,2021
2021-09-23,Crawling Valley Reservoir (Barkenhouse Lake),Reservoir,Northern Pike,Female,658.0,702.0,2.074,Mature,6.0,0.37,2021
2021-09-23,Crawling Valley Reservoir (Barkenhouse Lake),Reservoir,Northern Pike,Female,705.0,739.0,2.226,Mature,6.0,0.42,2021
2021-09-23,Crawling Valley Reservoir (Barkenhouse Lake),Reservoir,Northern Pike,Male,630.0,671.0,1.732,Mature,6.0,0.471,2021
2021-09-23,Crawling Valley Reservoir (Barkenhouse Lake),Reservoir,Northern Pike,Female,705.0,742.0,2.236,Mature,7.0,0.525,2021
2021-09-23,Crawling Valley Reservoir (Barkenhouse Lake),Reservoir,Northern Pike,Female,680.0,718.0,2.058,Mature,4.0,0.396,2021
2021-09-23,Crawling Valley Reservoir (Barkenhouse Lake),Reservoir,Northern Pike,Female,655.0,692.0,1.836,Mature,5.0,0.488,2021
2021-09-23,Crawling Valley Reservoir (Barkenhouse Lake),Reservoir,Northern Pike,Female,668.0,705.0,1.954,Mature,7.0,0.537,2021
2021-09-23,Crawling Valley Reservoir (Barkenhouse Lake),Reservoir,Northern Pike,Female,638.0,675.0,1.684,Mature,6.0,0.565,2021
2021-09-23,Crawling Valley Reservoir (Barkenhouse Lake),Reservoir,Northern Pike,Male,620.0,651.0,0.978,Mature,5.0,0.851,2021
2021-09-23,Crawling Valley Reservoir (Barkenhouse Lake),Reservoir,Northern Pike,Male,635.0,665.0,1.674,Mature,6.0,0.501,2021
2021-09-23,Crawling Valley Reservoir (Barkenhouse Lake),Reservoir,Northern Pike,Female,600.0,630.0,0.974,Mature,4.0,0.68,2021
2021-09-23,Crawling Valley Reservoir (Barkenhouse Lake),Reservoir,Northern Pike,Female,625.0,660.0,1.424,Mature,4.0,0.559,2021
2021-09-23,Crawling Valley Reservoir (Barkenhouse Lake),Reservoir,Northern Pike,Male,620.0,652.0,1.844,Mature,9.0,0.579,2021
2021-09-23,Crawling Valley Reservoir (Barkenhouse Lake),Reservoir,Northern Pike,Male,570.0,602.0,1.198,Mature,4.0,0.406,2021
2021-09-23,Crawling Valley Reservoir (Barkenhouse Lake),Reservoir,Northern Pike,Female,670.0,715.0,2.07,Mature,7.0,0.424,2021
2021-09-23,Crawling Valley Reservoir (Barkenhouse Lake),Reservoir,Northern Pike,Female,660.0,694.0,1.976,Mature,6.0,0.511,2021
2021-09-23,Crawling Valley Reservoir (Barkenhouse Lake),Reservoir,Northern Pike,Male,620.0,656.0,1.618,Mature,6.0,0.498,2021
2021-09-23,Crawling Valley Reservoir (Barkenhouse Lake),Reservoir,Northern Pike,Female,640.0,675.0,1.67,Mature,6.0,0.714,2021
2021-09-23,Crawling Valley Reservoir (Barkenhouse Lake),Reservoir,Northern Pike,Female,665.0,702.0,1.988,Mature,5.0,0.507,2021
2021-09-23,Crawling Valley Reservoir (Barkenhouse Lake),Reservoir,Northern Pike,Female,645.0,678.0,1.766,Mature,5.0,0.455,2021
2021-09-23,Crawling Valley Reservoir (Barkenhouse Lake),Reservoir,Northern Pike,Female,655.0,690.0,2.1,Mature,7.0,0.378,2021
2021-09-23,Crawling Valley Reservoir (Barkenhouse Lake),Reservoir,Northern Pike,Male,611.0,643.0,1.436,Mature,5.0,0.538,2021
2021-09-23,Crawling Valley Reservoir (Barkenhouse Lake),Reservoir,Northern Pike,Male,607.0,642.0,1.434,Mature,4.0,0.437,2021
2021-09-23,Crawling Valley Reservoir (Barkenhouse Lake),Reservoir,Northern Pike,Female,665.0,700.0,2.068,Mature,4.0,0.561,2021
2021-09-23,Crawling Valley Reservoir (Barkenhouse Lake),Reservoir,Northern Pike,Female,513.0,546.0,0.972,Mature,3.0,0.154,2021
2021-09-23,Crawling Valley Reservoir (Barkenhouse Lake),Reservoir,Northern Pike,Male,630.0,663.0,1.53,Mature,6.0,0.616,2021
2021-09-23,Crawling Valley Reservoir (Barkenhouse Lake),Reservoir,Walleye,Female,458.0,487.0,1.076,Mature,7.0,0.326,2021
2021-09-23,Crawling Valley Reservoir (Barkenhouse Lake),Reservoir,Walleye,Male,509.0,532.0,1.307,Mature,14.0,0.806,2021
2021-09-23,Crawling Valley Reservoir (Barkenhouse Lake),Reservoir,Walleye,Male,470.0,501.0,1.132,Mature,12.0,0.593,2021
2021-09-23,Crawling Valley Reservoir (Barkenhouse Lake),Reservoir,Walleye,Male,490.0,517.0,1.22,Mature,12.0,0.502,2021
2021-09-23,Crawling Valley Reservoir (Barkenhouse Lake),Reservoir,Walleye,Female,515.0,545.0,1.558,Mature,9.0,0.526,2021
2021-09-23,Crawling Valley Reservoir (Barkenhouse Lake),Reservoir,Walleye,Female,499.0,525.0,1.16,Mature,8.0,0.399,2021
2021-09-23,Crawling Valley Reservoir (Barkenhouse Lake),Reservoir,Walleye,Male,505.0,525.0,1.888,Mature,16.0,0.738,2021
2021-09-23,Crawling Valley Reservoir (Barkenhouse Lake),Reservoir,Walleye,Male,520.0,545.0,1.555,Mature,14.0,0.726,2021
2021-09-23,Crawling Valley Reservoir (Barkenhouse Lake),Reservoir,Walleye,Female,512.0,536.0,1.244,Mature,11.0,0.545,2021
2021-09-23,Crawling Valley Reservoir (Barkenhouse Lake),Reservoir,Walleye,Male,485.0,510.0,1.18,Mature,15.0,0.743,2021
2021-09-23,Crawling Valley Reservoir (Barkenhouse Lake),Reservoir,Walleye,Female,490.0,520.0,1.37,Mature,8.0,0.384,2021
2021-09-23,Crawling Valley Reservoir (Barkenhouse Lake),Reservoir,Walleye,Male,465.0,492.0,1.13,Mature,11.0,0.5,2021
2021-09-23,Crawling Valley Reservoir (Barkenhouse Lake),Reservoir,Walleye,Male,435.0,458.0,0.94,Mature,9.0,0.469,2021
2021-09-23,Crawling Valley Reservoir (Barkenhouse Lake),Reservoir,Walleye,Male,430.0,458.0,0.928,Mature,12.0,0.581,2021
2021-09-23,Crawling Valley Reservoir (Barkenhouse Lake),Reservoir,Walleye,Male,480.0,502.0,1.276,Mature,15.0,0.86,2021
2021-09-23,Crawling Valley Reservoir (Barkenhouse Lake),Reservoir,Walleye,Male,440.0,470.0,1.036,Mature,7.0,0.313,2021
2021-09-23,Crawling Valley Reservoir (Barkenhouse Lake),Reservoir,Walleye,Male,470.0,485.0,1.107,Mature,6.0,0.315,2021
2021-09-23,Crawling Valley Reservoir (Barkenhouse Lake),Reservoir,Walleye,Male,525.0,551.0,1.354,Mature,15.0,0.751,2021
2021-09-23,Crawling Valley Reservoir (Barkenhouse Lake),Reservoir,Walleye,Male,505.0,530.0,1.394,Mature,15.0,0.686,2021
2021-09-23,Crawling Valley Reservoir (Barkenhouse Lake),Reservoir,Walleye,Male,483.0,510.0,1.322,Mature,11.0,0.694,2021
2021-09-23,Crawling Valley Reservoir (Barkenhouse Lake),Reservoir,Walleye,Male,320.0,341.0,0.346,Immature,3.0,0.216,2021
2021-09-23,Crawling Valley Reservoir (Barkenhouse Lake),Reservoir,Walleye,Female,482.0,509.0,1.168,Mature,,0.644,2021
2021-09-23,Crawling Valley Reservoir (Barkenhouse Lake),Reservoir,Walleye,Male,473.0,500.0,1.128,Mature,11.0,0.406,2021
2021-09-23,Crawling Valley Reservoir (Barkenhouse Lake),Reservoir,Walleye,Female,545.0,571.0,1.694,Mature,11.0,0.529,2021
2021-09-23,Crawling Valley Reservoir (Barkenhouse Lake),Reservoir,Walleye,Male,432.0,458.0,0.914,Mature,12.0,0.586,2021
2021-09-23,Crawling Valley Reservoir (Barkenhouse Lake),Reservoir,Walleye,Female,445.0,472.0,0.934,Mature,12.0,0.58,2021
2021-09-23,Crawling Valley Reservoir (Barkenhouse Lake),Reservoir,Walleye,Female,386.0,412.0,0.642,Immature,4.0,0.269,2021
2021-09-23,Crawling Valley Reservoir (Barkenhouse Lake),Reservoir,Walleye,Male,494.0,520.0,1.3,Mature,10.0,0.67,2021
2021-09-23,Crawling Valley Reservoir (Barkenhouse Lake),Reservoir,Walleye,Female,472.0,499.0,1.126,Mature,11.0,0.448,2021
2021-09-23,Crawling Valley Reservoir (Barkenhouse Lake),Reservoir,Walleye,Male,489.0,517.0,1.36,Mature,8.0,0.491,2021
2021-09-23,Crawling Valley Reservoir (Barkenhouse Lake),Reservoir,Walleye,Female,450.0,477.0,0.964,Mature,9.0,0.538,2021
2021-09-23,Crawling Valley Reservoir (Barkenhouse Lake),Reservoir,Walleye,Male,497.0,524.0,1.398,Mature,11.0,0.539,2021
2021-09-23,Crawling Valley Reservoir (Barkenhouse Lake),Reservoir,Walleye,Female,497.0,520.0,1.362,Mature,9.0,0.432,2021
2011-09-22,Cross (Steele) Lake,Lake,Northern Pike,Male,587.0,621.0,1.242,Mature,,0.255,2011
2011-09-22,Cross (Steele) Lake,Lake,Northern Pike,Male,491.0,522.0,0.92,Mature,,0.073,2011
2011-09-22,Cross (Steele) Lake,Lake,Northern Pike,Male,675.0,714.0,2.428,Mature,,0.285,2011
2011-09-22,Cross (Steele) Lake,Lake,Northern Pike,Male,717.0,759.0,2.642,Mature,,0.221,2011
2011-09-22,Cross (Steele) Lake,Lake,Northern Pike,Female,540.0,577.0,1.088,Mature,,0.202,2011
2011-09-22,Cross (Steele) Lake,Lake,Northern Pike,Female,611.0,645.0,1.854,Mature,,0.304,2011
2011-09-22,Cross (Steele) Lake,Lake,Northern Pike,Female,722.0,762.0,2.894,Mature,,0.222,2011
2011-09-22,Cross (Steele) Lake,Lake,Northern Pike,Male,546.0,579.0,1.27,Mature,,0.171,2011
2011-09-22,Cross (Steele) Lake,Lake,Northern Pike,Female,703.0,740.0,2.276,Mature,,0.199,2011
2011-09-22,Cross (Steele) Lake,Lake,Northern Pike,Male,641.0,677.0,1.988,Mature,,0.186,2011
2012-08-14,Eagle Lake,Lake,Northern Pike,Female,,500.0,0.64,Unknown,,0.068,2012
2012-08-14,Eagle Lake,Lake,Northern Pike,Female,,490.0,0.85,Unknown,,0.066,2012
2012-08-14,Eagle Lake,Lake,Northern Pike,Female,,510.0,0.91,Unknown,,0.065,2012
2012-08-14,Eagle Lake,Lake,Northern Pike,Female,,510.0,0.94,Unknown,,0.056,2012
2012-08-14,Eagle Lake,Lake,Northern Pike,Male,,500.0,0.74,Unknown,,0.061,2012
2012-08-14,Eagle Lake,Lake,Northern Pike,Female,,490.0,0.81,Unknown,,0.055,2012
2012-08-14,Eagle Lake,Lake,Northern Pike,Female,,470.0,0.62,Unknown,,0.052,2012
2012-08-14,Eagle Lake,Lake,Northern Pike,Male,,480.0,0.71,Unknown,,0.063,2012
2012-09-17,Eagle Lake,Lake,Northern Pike,Female,,490.0,0.766,Unknown,,0.063,2012
2012-09-17,Eagle Lake,Lake,Northern Pike,Unknown,,460.0,0.594,Unknown,,0.082,2012
2012-09-17,Eagle Lake,Lake,Northern Pike,Female,,460.0,0.728,Unknown,,0.072,2012
2012-09-17,Eagle Lake,Lake,Northern Pike,Unknown,,500.0,0.826,Unknown,,0.065,2012
2012-09-17,Eagle Lake,Lake,Northern Pike,Unknown,,550.0,0.97,Unknown,,0.091,2012
2012-08-14,Eagle Lake,Lake,Walleye,Female,,420.0,0.77,Unknown,,0.073,2012
2012-08-14,Eagle Lake,Lake,Walleye,Female,,510.0,1.55,Unknown,,0.114,2012
2012-08-14,Eagle Lake,Lake,Walleye,Female,,500.0,1.38,Unknown,,0.101,2012
2012-08-14,Eagle Lake,Lake,Walleye,Male,,500.0,1.37,Unknown,,0.418,2012
2012-08-14,Eagle Lake,Lake,Walleye,Female,,540.0,1.55,Unknown,,0.148,2012
2012-08-14,Eagle Lake,Lake,Walleye,Female,,480.0,1.24,Unknown,,0.165,2012
2012-08-14,Eagle Lake,Lake,Walleye,Female,,470.0,1.26,Unknown,,0.095,2012
2012-08-14,Eagle Lake,Lake,Walleye,Female,,490.0,1.64,Unknown,,0.255,2012
2012-08-14,Eagle Lake,Lake,Walleye,Female,,470.0,1.24,Unknown,,0.506,2012
2012-08-14,Eagle Lake,Lake,Walleye,Male,,460.0,1.24,Unknown,,0.129,2012
2012-08-14,Eagle Lake,Lake,Walleye,Female,,490.0,1.8,Unknown,,0.189,2012
2012-08-14,Eagle Lake,Lake,Walleye,Female,,510.0,1.25,Unknown,,0.301,2012
2012-08-14,Eagle Lake,Lake,Walleye,Female,,490.0,1.08,Unknown,,0.118,2012
2012-08-14,Eagle Lake,Lake,Walleye,Male,,510.0,1.41,Unknown,,0.302,2012
2012-08-14,Eagle Lake,Lake,Walleye,Female,,470.0,1.25,Unknown,,0.196,2012
2012-09-17,Eagle Lake,Lake,Walleye,Unknown,,440.0,1.13,Unknown,,0.158,2012
2012-09-17,Eagle Lake,Lake,Walleye,Male,,430.0,0.9,Unknown,,0.171,2012
2012-09-17,Eagle Lake,Lake,Walleye,Unknown,,430.0,0.93,Unknown,,0.092,2012
2012-09-17,Eagle Lake,Lake,Walleye,Female,,510.0,1.45,Unknown,,0.169,2012
2012-09-17,Eagle Lake,Lake,Walleye,Female,,540.0,2.08,Unknown,,0.335,2012
2012-09-17,Eagle Lake,Lake,Walleye,Female,,460.0,1.24,Unknown,,0.115,2012
2012-09-17,Eagle Lake,Lake,Walleye,Female,,510.0,1.388,Unknown,,0.329,2012
2012-09-17,Eagle Lake,Lake,Walleye,Female,,500.0,1.284,Unknown,,0.12,2012
2009-10-30,Edith Lake,Lake,Brook Trout,Unknown,266.0,276.0,0.216,Unknown,,0.132,2009
2009-10-30,Edith Lake,Lake,Brook Trout,Unknown,235.0,247.0,0.147,Unknown,,0.05,2009
2009-10-30,Edith Lake,Lake,Brook Trout,Unknown,236.0,245.0,0.147,Unknown,,0.057,2009
2009-10-30,Edith Lake,Lake,Brook Trout,Unknown,140.0,149.0,0.032,Unknown,,0.139,2009
2009-10-30,Edith Lake,Lake,Brook Trout,Unknown,130.0,139.0,0.026,Unknown,,0.201,2009
2009-10-30,Edith Lake,Lake,Brook Trout,Unknown,213.0,220.0,0.114,Unknown,,0.051,2009
2009-10-30,Edith Lake,Lake,Brook Trout,Unknown,287.0,300.0,0.324,Unknown,,0.108,2009
2009-10-30,Edith Lake,Lake,Brook Trout,Unknown,245.0,252.0,0.175,Unknown,,0.05,2009
2009-10-30,Edith Lake,Lake,Brook Trout,Unknown,206.0,215.0,0.103,Unknown,,0.058,2009
2009-10-30,Edith Lake,Lake,Brook Trout,Unknown,221.0,229.0,0.122,Unknown,,0.053,2009
2009-10-30,Edith Lake,Lake,Brook Trout,Unknown,279.0,290.0,0.297,Unknown,,0.129,2009
2009-10-30,Edith Lake,Lake,Brook Trout,Unknown,248.0,256.0,0.175,Unknown,,0.078,2009
2009-10-30,Edith Lake,Lake,Brook Trout,Unknown,315.0,330.0,0.455,Unknown,,0.217,2009
2009-10-30,Edith Lake,Lake,Brook Trout,Unknown,227.0,238.0,0.138,Unknown,,0.065,2009
2009-10-30,Edith Lake,Lake,Brook Trout,Unknown,243.0,255.0,0.187,Unknown,,0.086,2009
2009-10-30,Edith Lake,Lake,Brook Trout,Unknown,323.0,337.0,0.436,Unknown,,0.184,2009
2009-10-30,Edith Lake,Lake,Brook Trout,Unknown,260.0,270.0,0.189,Unknown,,0.028,2009
2009-10-30,Edith Lake,Lake,Brook Trout,Unknown,341.0,357.0,0.461,Unknown,,0.237,2009
2009-10-30,Edith Lake,Lake,Brook Trout,Unknown,237.0,241.0,0.134,Unknown,,0.059,2009
2009-10-30,Edith Lake,Lake,Brook Trout,Unknown,206.0,217.0,0.11,Unknown,,0.055,2009
2009-10-30,Edith Lake,Lake,Brook Trout,Unknown,244.0,255.0,0.182,Unknown,,0.062,2009
2009-10-30,Edith Lake,Lake,Brook Trout,Unknown,252.0,262.0,0.179,Unknown,,0.056,2009
2009-10-30,Edith Lake,Lake,Brook Trout,Unknown,262.0,285.0,0.28,Unknown,,0.113,2009
2009-10-30,Edith Lake,Lake,Brook Trout,Unknown,239.0,243.0,0.166,Unknown,,0.072,2009
2009-10-30,Edith Lake,Lake,Brook Trout,Unknown,316.0,328.0,0.38,Unknown,,0.132,2009
2009-10-30,Edith Lake,Lake,Brook Trout,Unknown,297.0,310.0,0.281,Unknown,,0.088,2009
2009-10-30,Edith Lake,Lake,Brook Trout,Unknown,240.0,250.0,0.169,Unknown,,0.116,2009
2009-10-30,Edith Lake,Lake,Brook Trout,Unknown,330.0,346.0,0.487,Unknown,,0.185,2009
2009-10-30,Edith Lake,Lake,Brook Trout,Unknown,289.0,298.0,0.306,Unknown,,0.224,2009
2009-10-30,Edith Lake,Lake,Brook Trout,Unknown,275.0,285.0,0.241,Unknown,,0.167,2009
2009-10-30,Edith Lake,Lake,Brook Trout,Unknown,270.0,287.0,0.268,Unknown,,0.109,2009
2009-10-30,Edith Lake,Lake,Brook Trout,Unknown,199.0,210.0,0.092,Unknown,,0.05,2009
2009-10-30,Edith Lake,Lake,Brook Trout,Unknown,276.0,292.0,0.257,Unknown,,0.108,2009
2009-10-30,Edith Lake,Lake,Brook Trout,Unknown,299.0,312.0,0.328,Unknown,,0.485,2009
2009-10-30,Edith Lake,Lake,Brook Trout,Unknown,295.0,306.0,0.326,Unknown,,0.137,2009
2009-10-30,Edith Lake,Lake,Brook Trout,Unknown,216.0,223.0,0.118,Unknown,,0.072,2009
2009-10-30,Edith Lake,Lake,Brook Trout,Unknown,156.0,165.0,0.042,Unknown,,0.164,2009
2009-10-30,Edith Lake,Lake,Brook Trout,Unknown,235.0,246.0,0.156,Unknown,,0.059,2009
2009-10-30,Edith Lake,Lake,Brook Trout,Unknown,133.0,140.0,0.031,Unknown,,0.162,2009
2009-10-30,Edith Lake,Lake,Brook Trout,Unknown,308.0,321.0,0.33,Unknown,,0.153,2009
2009-10-30,Edith Lake,Lake,Brook Trout,Unknown,225.0,240.0,0.147,Unknown,,0.077,2009
2009-10-30,Edith Lake,Lake,Brook Trout,Unknown,203.0,211.0,0.098,Unknown,,0.045,2009
2009-10-30,Edith Lake,Lake,Brook Trout,Unknown,225.0,236.0,0.113,Unknown,,0.069,2009
2009-10-30,Edith Lake,Lake,Brook Trout,Unknown,338.0,354.0,0.503,Unknown,,0.235,2009
2009-10-30,Edith Lake,Lake,Brook Trout,Unknown,215.0,225.0,0.101,Unknown,,0.046,2009
2009-10-30,Edith Lake,Lake,Brook Trout,Unknown,303.0,313.0,0.336,Unknown,,0.214,2009
2009-10-30,Edith Lake,Lake,Brook Trout,Unknown,288.0,305.0,0.289,Unknown,,0.112,2009
2009-10-30,Edith Lake,Lake,Brook Trout,Unknown,315.0,327.0,0.459,Unknown,,0.114,2009
2009-10-30,Edith Lake,Lake,Brook Trout,Unknown,245.0,258.0,0.189,Unknown,,0.064,2009
2012-09-27,Elinor Lake,Lake,Lake Whitefish,Male,442.0,484.0,1.122,Mature,13.0,0.149,2012
2012-09-27,Elinor Lake,Lake,Lake Whitefish,Male,459.0,508.0,1.17,Mature,25.0,0.024,2012
2012-09-27,Elinor Lake,Lake,Lake Whitefish,Female,486.0,541.0,1.784,Mature,19.0,0.124,2012
2012-09-27,Elinor Lake,Lake,Lake Whitefish,Male,482.0,542.0,1.452,Mature,15.0,0.275,2012
2012-09-27,Elinor Lake,Lake,Lake Whitefish,Male,452.0,501.0,1.305,Mature,17.0,0.043,2012
2012-09-27,Elinor Lake,Lake,Lake Whitefish,Male,468.0,525.0,1.208,Mature,7.0,0.112,2012
2012-09-27,Elinor Lake,Lake,Lake Whitefish,Female,517.0,585.0,1.937,Immature,,0.126,2012
2012-09-27,Elinor Lake,Lake,Lake Whitefish,Male,465.0,513.0,1.224,Mature,17.0,0.147,2012
2012-09-28,Elinor Lake,Lake,Lake Whitefish,Female,447.0,499.0,1.328,Mature,7.0,0.128,2012
2012-09-28,Elinor Lake,Lake,Lake Whitefish,Female,487.0,545.0,1.772,Mature,18.0,0.063,2012
2012-09-28,Elinor Lake,Lake,Lake Whitefish,Male,470.0,525.0,1.422,Mature,16.0,0.04,2012
2012-09-28,Elinor Lake,Lake,Lake Whitefish,Female,368.0,418.0,0.688,Immature,4.0,0.083,2012
2012-09-28,Elinor Lake,Lake,Lake Whitefish,Male,443.0,492.0,1.106,Mature,,0.106,2012
2012-09-28,Elinor Lake,Lake,Lake Whitefish,Female,454.0,511.0,1.345,Mature,15.0,0.113,2012
2012-09-27,Elinor Lake,Lake,Northern Pike,Female,818.0,882.0,4.742,Mature,12.0,1.885,2012
2012-09-27,Elinor Lake,Lake,Northern Pike,Female,555.0,588.0,1.19,Mature,5.0,0.346,2012
2012-09-27,Elinor Lake,Lake,Northern Pike,Female,820.0,865.0,5.25,Mature,15.0,1.142,2012
2012-09-27,Elinor Lake,Lake,Northern Pike,Female,666.0,709.0,2.097,Mature,10.0,0.43,2012
2012-09-27,Elinor Lake,Lake,Northern Pike,Female,668.0,700.0,2.054,Mature,5.0,0.757,2012
2012-09-28,Elinor Lake,Lake,Northern Pike,Female,718.0,757.0,2.688,Mature,9.0,0.47,2012
2012-09-28,Elinor Lake,Lake,Northern Pike,Female,642.0,678.0,1.89,Mature,9.0,0.455,2012
2012-09-28,Elinor Lake,Lake,Northern Pike,Female,596.0,637.0,1.566,Mature,6.0,0.325,2012
2012-09-27,Elinor Lake,Lake,Walleye,Female,412.0,440.0,0.726,Mature,10.0,0.786,2012
2012-09-27,Elinor Lake,Lake,Walleye,Female,450.0,481.0,0.97,Mature,6.0,0.347,2012
2012-09-27,Elinor Lake,Lake,Walleye,Female,457.0,487.0,0.994,Mature,10.0,0.57,2012
2012-09-27,Elinor Lake,Lake,Walleye,Female,520.0,544.0,0.746,Mature,6.0,0.356,2012
2012-09-27,Elinor Lake,Lake,Walleye,Female,369.0,420.0,0.659,Mature,9.0,0.468,2012
2012-09-27,Elinor Lake,Lake,Walleye,Female,692.0,723.0,4.248,Mature,14.0,0.783,2012
2012-09-27,Elinor Lake,Lake,Walleye,Female,459.0,490.0,0.945,Mature,15.0,1.012,2012
2012-09-27,Elinor Lake,Lake,Walleye,Unknown,,,,Unknown,,0.337,2012
2012-09-27,Elinor Lake,Lake,Walleye,Female,454.0,480.0,0.828,Mature,12.0,0.965,2012
2012-09-27,Elinor Lake,Lake,Walleye,Male,372.0,396.0,0.516,Mature,5.0,0.235,2012
2012-09-27,Elinor Lake,Lake,Walleye,Male,434.0,459.0,0.83,Mature,15.0,0.721,2012
2012-09-27,Elinor Lake,Lake,Walleye,Female,618.0,645.0,2.704,Mature,18.0,0.807,2012
2012-09-27,Elinor Lake,Lake,Walleye,Female,395.0,424.0,0.656,Mature,10.0,0.463,2012
2012-09-27,Elinor Lake,Lake,Walleye,Female,510.0,538.0,1.218,Mature,14.0,0.769,2012
2012-09-27,Elinor Lake,Lake,Walleye,Male,445.0,471.0,0.862,Mature,10.0,0.633,2012
2012-09-27,Elinor Lake,Lake,Walleye,Female,756.0,787.0,4.764,Mature,18.0,1.593,2012
2012-09-27,Elinor Lake,Lake,Walleye,Female,702.0,735.0,4.074,Mature,17.0,1.125,2012
2012-09-28,Ethel Lake,Lake,Lake Whitefish,Female,522.0,576.0,2.15,Mature,8.0,0.037,2012
2012-09-28,Ethel Lake,Lake,Lake Whitefish,Male,540.0,597.0,2.325,Mature,20.0,0.029,2012
2012-09-28,Ethel Lake,Lake,Lake Whitefish,Male,526.0,584.0,2.475,Mature,13.0,0.018,2012
2012-09-28,Ethel Lake,Lake,Lake Whitefish,Male,542.0,602.0,2.75,Mature,12.0,0.04,2012
2012-09-28,Ethel Lake,Lake,Lake Whitefish,Male,471.0,521.0,1.8,Mature,8.0,0.041,2012
2012-09-28,Ethel Lake,Lake,Lake Whitefish,Female,517.0,576.0,2.225,Mature,9.0,0.039,2012
2012-09-28,Ethel Lake,Lake,Lake Whitefish,Male,,605.0,2.55,Unknown,,0.035,2012
2012-09-28,Ethel Lake,Lake,Lake Whitefish,Male,517.0,588.0,2.175,Mature,23.0,0.024,2012
2012-09-28,Ethel Lake,Lake,Lake Whitefish,Male,,623.0,2.7,Unknown,,0.079,2012
2012-09-28,Ethel Lake,Lake,Lake Whitefish,Male,540.0,601.0,2.7,Unknown,13.0,0.044,2012
2012-09-28,Ethel Lake,Lake,Lake Whitefish,Male,,581.0,2.45,Unknown,,0.039,2012
2012-09-28,Ethel Lake,Lake,Lake Whitefish,Male,520.0,572.0,2.025,Mature,14.0,0.029,2012
2012-09-28,Ethel Lake,Lake,Northern Pike,Male,495.0,535.0,0.75,Mature,4.0,0.311,2012
2012-09-28,Ethel Lake,Lake,Northern Pike,Female,564.0,602.0,1.05,Mature,5.0,0.473,2012
2012-09-28,Ethel Lake,Lake,Northern Pike,Female,446.0,489.0,0.725,Mature,3.0,0.105,2012
2012-09-28,Ethel Lake,Lake,Northern Pike,Male,515.0,548.0,0.8,Mature,5.0,0.479,2012
2012-09-28,Ethel Lake,Lake,Northern Pike,Male,530.0,549.0,0.75,Mature,4.0,0.605,2012
2012-09-28,Ethel Lake,Lake,Northern Pike,Male,521.0,557.0,1.025,Mature,4.0,0.306,2012
2012-09-28,Ethel Lake,Lake,Northern Pike,Male,523.0,557.0,1.0,Mature,5.0,0.441,2012
2012-09-28,Ethel Lake,Lake,Northern Pike,Male,510.0,540.0,0.75,Mature,5.0,0.566,2012
2012-09-28,Ethel Lake,Lake,Northern Pike,Female,474.0,502.0,0.725,Mature,3.0,0.265,2012
2017-09-21,Ethel Lake,Lake,Northern Pike,Female,690.0,729.0,2.162,Mature,5.0,0.724,2017
2017-09-21,Ethel Lake,Lake,Northern Pike,Female,912.0,955.0,7.0,Mature,10.0,2.081,2017
2017-09-21,Ethel Lake,Lake,Northern Pike,Female,581.0,621.0,1.47,Mature,5.0,0.295,2017
2017-09-21,Ethel Lake,Lake,Northern Pike,Female,589.0,626.0,1.385,Mature,5.0,0.318,2017
2017-09-21,Ethel Lake,Lake,Northern Pike,Female,592.0,623.0,1.52,Mature,5.0,0.254,2017
2012-09-28,Ethel Lake,Lake,Walleye,Female,,458.0,0.9,Unknown,,0.471,2012
2012-09-28,Ethel Lake,Lake,Walleye,Male,413.0,441.0,0.7,Mature,9.0,0.429,2012
2012-09-28,Ethel Lake,Lake,Walleye,Male,,482.0,1.0,Unknown,,0.497,2012
2012-09-28,Ethel Lake,Lake,Walleye,Male,400.0,425.0,0.6,Mature,4.0,0.305,2012
2012-09-28,Ethel Lake,Lake,Walleye,Female,517.0,542.0,1.4,Mature,14.0,0.849,2012
2012-09-28,Ethel Lake,Lake,Walleye,Female,419.0,443.0,0.7,Immature,5.0,0.237,2012
2012-09-28,Ethel Lake,Lake,Walleye,Male,,495.0,1.2,Unknown,,0.486,2012
2012-09-28,Ethel Lake,Lake,Walleye,Male,,432.0,0.725,Unknown,,0.324,2012
2012-09-28,Ethel Lake,Lake,Walleye,Male,403.0,427.0,0.7,Mature,5.0,0.349,2012
2012-09-28,Ethel Lake,Lake,Walleye,Male,420.0,447.0,0.7,Mature,6.0,0.321,2012
2012-09-28,Ethel Lake,Lake,Walleye,Male,432.0,455.0,0.85,Mature,9.0,0.519,2012
2012-09-28,Ethel Lake,Lake,Walleye,Female,505.0,532.0,1.425,Mature,7.0,0.495,2012
2012-09-28,Ethel Lake,Lake,Walleye,Female,486.0,514.0,1.025,Immature,9.0,0.287,2012
2012-09-28,Ethel Lake,Lake,Walleye,Female,477.0,506.0,1.15,Mature,7.0,0.413,2012
2012-09-28,Ethel Lake,Lake,Walleye,Female,468.0,491.0,1.15,Mature,9.0,0.403,2012
2012-09-28,Ethel Lake,Lake,Walleye,Male,432.0,459.0,0.9,Mature,8.0,0.384,2012
2012-09-28,Ethel Lake,Lake,Walleye,Female,474.0,506.0,1.1,Mature,10.0,0.443,2012
2012-09-28,Ethel Lake,Lake,Walleye,Female,555.0,584.0,1.75,Mature,14.0,0.893,2012
2012-09-28,Ethel Lake,Lake,Walleye,Female,477.0,505.0,1.2,Mature,9.0,0.442,2012
2017-09-21,Ethel Lake,Lake,Walleye,Male,502.0,529.0,1.325,Mature,13.0,0.654,2017
2017-09-21,Ethel Lake,Lake,Walleye,Male,471.0,496.0,1.17,Mature,13.0,0.683,2017
2017-09-21,Ethel Lake,Lake,Walleye,Male,428.0,446.0,0.91,Mature,12.0,0.381,2017
2017-09-21,Ethel Lake,Lake,Walleye,Male,474.0,504.0,1.11,Mature,10.0,0.577,2017
2017-09-21,Ethel Lake,Lake,Walleye,Female,486.0,518.0,1.23,Mature,8.0,0.423,2017
2017-09-21,Ethel Lake,Lake,Walleye,Female,527.0,556.0,1.44,Mature,13.0,0.708,2017
2017-09-21,Ethel Lake,Lake,Walleye,Female,498.0,526.0,1.245,Mature,16.0,0.661,2017
2017-09-21,Ethel Lake,Lake,Walleye,Female,535.0,568.0,1.61,Mature,13.0,0.825,2017
2017-09-21,Ethel Lake,Lake,Walleye,Female,488.0,512.0,1.265,Mature,9.0,0.395,2017
2017-09-21,Ethel Lake,Lake,Walleye,Female,529.0,552.0,1.345,Mature,13.0,0.807,2017
2019-09-10,Fawcett Lake,Lake,Northern Pike,Female,790.0,832.0,3.975,Mature,10.0,0.318,2019
2019-09-10,Fawcett Lake,Lake,Northern Pike,Female,682.0,721.0,2.115,Mature,5.0,0.257,2019
2019-09-10,Fawcett Lake,Lake,Northern Pike,Female,581.0,611.0,1.075,Mature,5.0,0.18,2019
2019-09-10,Fawcett Lake,Lake,Northern Pike,Female,600.0,637.0,1.1,Mature,4.0,0.454,2019
2019-09-10,Fawcett Lake,Lake,Northern Pike,Female,841.0,885.0,4.35,Mature,9.0,0.467,2019
2019-09-10,Fawcett Lake,Lake,Northern Pike,Female,810.0,851.0,4.34,Mature,12.0,0.371,2019
2019-09-10,Fawcett Lake,Lake,Northern Pike,Female,583.0,618.0,1.195,Mature,4.0,0.164,2019
2019-09-11,Fawcett Lake,Lake,Northern Pike,Female,710.0,750.0,2.305,Mature,7.0,0.367,2019
2019-09-11,Fawcett Lake,Lake,Northern Pike,Female,581.0,610.0,1.245,Mature,5.0,0.21,2019
2019-09-11,Fawcett Lake,Lake,Northern Pike,Female,600.0,631.0,0.925,Mature,7.0,0.45,2019
2019-09-10,Fawcett Lake,Lake,Walleye,Male,442.0,470.0,1.02,Mature,11.0,0.174,2019
2019-09-10,Fawcett Lake,Lake,Walleye,Male,447.0,477.0,0.955,Mature,14.0,0.279,2019
2019-09-10,Fawcett Lake,Lake,Walleye,Female,440.0,470.0,0.94,Mature,7.0,0.152,2019
2019-09-10,Fawcett Lake,Lake,Walleye,Female,481.0,507.0,1.2,Mature,7.0,0.174,2019
2019-09-10,Fawcett Lake,Lake,Walleye,Female,453.0,485.0,0.93,Mature,8.0,0.152,2019
2019-09-10,Fawcett Lake,Lake,Walleye,Female,425.0,448.0,0.75,Mature,8.0,0.136,2019
2019-09-10,Fawcett Lake,Lake,Walleye,Female,650.0,683.0,2.48,Mature,15.0,0.636,2019
2019-09-10,Fawcett Lake,Lake,Walleye,Female,574.0,610.0,1.495,Mature,14.0,0.678,2019
2019-09-10,Fawcett Lake,Lake,Walleye,Female,531.0,560.0,1.42,Mature,15.0,0.461,2019
2019-09-10,Fawcett Lake,Lake,Walleye,Female,522.0,550.0,1.62,Mature,9.0,0.307,2019
2019-09-10,Fawcett Lake,Lake,Walleye,Male,435.0,455.0,0.83,Mature,12.0,0.226,2019
2019-09-10,Fawcett Lake,Lake,Walleye,Female,572.0,604.0,1.6,Mature,12.0,0.289,2019
2019-09-10,Fawcett Lake,Lake,Walleye,Female,450.0,475.0,1.0,Mature,12.0,0.151,2019
2019-09-10,Fawcett Lake,Lake,Walleye,Female,525.0,550.0,1.575,Mature,,0.273,2019
2019-09-10,Fawcett Lake,Lake,Walleye,Female,472.0,501.0,1.165,Mature,11.0,0.268,2019
2019-09-10,Fawcett Lake,Lake,Walleye,Female,452.0,481.0,1.05,Mature,9.0,0.126,2019
2019-09-10,Fawcett Lake,Lake,Walleye,Female,468.0,500.0,1.08,Mature,11.0,0.283,2019
2019-09-10,Fawcett Lake,Lake,Walleye,Female,513.0,545.0,1.48,Mature,14.0,0.307,2019
2019-09-10,Fawcett Lake,Lake,Walleye,Male,465.0,490.0,0.815,Mature,15.0,0.763,2019
2019-09-10,Fawcett Lake,Lake,Walleye,Female,520.0,551.0,1.38,Mature,12.0,0.39,2019
2019-09-10,Fawcett Lake,Lake,Walleye,Female,507.0,540.0,1.435,Mature,12.0,0.264,2019
2019-09-10,Fawcett Lake,Lake,Walleye,Female,427.0,457.0,0.9,Mature,7.0,0.116,2019
2019-09-10,Fawcett Lake,Lake,Walleye,Female,555.0,590.0,1.745,Mature,12.0,0.324,2019
2014-09-16,Fickle Lake,Lake,Lake Whitefish,Male,496.0,,1.87,Mature,18.0,0.122,2014
2014-09-16,Fickle Lake,Lake,Lake Whitefish,Male,468.0,,1.68,Mature,20.0,0.112,2014
2014-09-16,Fickle Lake,Lake,Lake Whitefish,Female,469.0,,1.99,Mature,11.0,0.126,2014
2014-09-16,Fickle Lake,Lake,Lake Whitefish,Male,483.0,,1.925,Mature,21.0,0.21,2014
2014-09-16,Fickle Lake,Lake,Lake Whitefish,Male,489.0,,2.08,Mature,13.0,0.099,2014
2014-09-16,Fickle Lake,Lake,Lake Whitefish,Female,474.0,,1.715,Mature,11.0,0.122,2014
2014-09-16,Fickle Lake,Lake,Lake Whitefish,Female,519.0,,1.985,Mature,18.0,0.13,2014
2014-09-16,Fickle Lake,Lake,Lake Whitefish,Male,398.0,,1.11,Mature,4.0,0.067,2014
2014-09-16,Fickle Lake,Lake,Lake Whitefish,Male,474.0,,1.955,Mature,9.0,0.101,2014
2014-09-16,Fickle Lake,Lake,Lake Whitefish,Male,474.0,,1.755,Mature,24.0,0.117,2014
2014-09-16,Fickle Lake,Lake,Lake Whitefish,Male,495.0,,2.03,Mature,14.0,0.128,2014
2014-09-16,Fickle Lake,Lake,Lake Whitefish,Male,466.0,,1.405,Mature,22.0,0.085,2014
2014-09-16,Fickle Lake,Lake,Lake Whitefish,Male,464.0,,1.74,Mature,9.0,0.112,2014
2014-09-16,Fickle Lake,Lake,Lake Whitefish,Male,480.0,,1.955,Mature,14.0,0.118,2014
2014-09-16,Fickle Lake,Lake,Lake Whitefish,Male,501.0,,2.03,Mature,13.0,0.102,2014
2014-09-16,Fickle Lake,Lake,Lake Whitefish,Male,476.0,,2.075,Mature,14.0,0.142,2014
2014-09-16,Fickle Lake,Lake,Lake Whitefish,Female,481.0,,1.87,Mature,16.0,0.105,2014
2014-09-16,Fickle Lake,Lake,Lake Whitefish,Male,412.0,,1.11,Mature,4.0,0.081,2014
2014-09-16,Fickle Lake,Lake,Lake Whitefish,Male,400.0,,1.03,Mature,4.0,0.075,2014
2014-09-16,Fickle Lake,Lake,Lake Whitefish,Male,425.0,,1.52,Mature,4.0,0.077,2014
2014-09-16,Fickle Lake,Lake,Lake Whitefish,Male,475.0,,1.74,Mature,13.0,0.139,2014
2014-09-16,Fickle Lake,Lake,Lake Whitefish,Female,470.0,,1.87,Mature,11.0,0.122,2014
2014-09-16,Fickle Lake,Lake,Lake Whitefish,Male,501.0,,2.025,Mature,15.0,0.096,2014
2014-09-16,Fickle Lake,Lake,Lake Whitefish,Male,482.0,,2.11,Mature,16.0,0.09,2014
2014-09-16,Fickle Lake,Lake,Lake Whitefish,Male,481.0,,1.87,Mature,16.0,0.108,2014
2014-09-16,Fickle Lake,Lake,Lake Whitefish,Female,479.0,,2.03,Mature,14.0,0.099,2014
2014-09-16,Fickle Lake,Lake,Lake Whitefish,Male,456.0,,1.57,Mature,14.0,0.085,2014
2014-09-16,Fickle Lake,Lake,Lake Whitefish,Male,497.0,,2.1,Mature,16.0,0.076,2014
2014-09-16,Fickle Lake,Lake,Lake Whitefish,Female,498.0,,1.82,Mature,10.0,0.107,2014
2014-09-16,Fickle Lake,Lake,Lake Whitefish,Male,483.0,,1.96,Mature,19.0,0.091,2014
2020-09-09,Fickle Lake,Lake,Lake Whitefish,Male,496.0,565.0,2.315,Mature,11.0,0.087,2020
2020-09-09,Fickle Lake,Lake,Lake Whitefish,Female,506.0,582.0,2.22,Mature,7.0,0.081,2020
2020-09-09,Fickle Lake,Lake,Lake Whitefish,Male,497.0,573.0,2.295,Mature,20.0,0.111,2020
2020-09-09,Fickle Lake,Lake,Lake Whitefish,Male,521.0,588.0,2.145,Mature,11.0,0.079,2020
2020-09-09,Fickle Lake,Lake,Lake Whitefish,Female,492.0,572.0,2.2,Mature,8.0,0.097,2020
2020-09-09,Fickle Lake,Lake,Lake Whitefish,Female,510.0,587.0,2.27,Mature,16.0,0.108,2020
2020-09-09,Fickle Lake,Lake,Lake Whitefish,Female,479.0,528.0,1.815,Mature,25.0,0.086,2020
2020-09-09,Fickle Lake,Lake,Lake Whitefish,Male,508.0,572.0,1.935,Mature,9.0,0.063,2020
2020-09-09,Fickle Lake,Lake,Lake Whitefish,Female,545.0,620.0,2.715,Mature,23.0,0.136,2020
2020-09-09,Fickle Lake,Lake,Lake Whitefish,Female,525.0,588.0,2.43,Mature,18.0,0.158,2020
2020-09-09,Fickle Lake,Lake,Lake Whitefish,Female,522.0,589.0,2.7,Mature,14.0,0.118,2020
2020-09-09,Fickle Lake,Lake,Lake Whitefish,Male,524.0,593.0,2.36,Mature,20.0,0.117,2020
2020-09-09,Fickle Lake,Lake,Lake Whitefish,Female,556.0,626.0,2.84,Mature,18.0,0.161,2020
2020-09-09,Fickle Lake,Lake,Lake Whitefish,Male,540.0,610.0,2.36,Mature,11.0,0.096,2020
2020-09-09,Fickle Lake,Lake,Lake Whitefish,Female,496.0,557.0,2.34,Mature,11.0,0.109,2020
2020-09-09,Fickle Lake,Lake,Lake Whitefish,Female,507.0,574.0,2.17,Mature,18.0,0.138,2020
2020-09-09,Fickle Lake,Lake,Lake Whitefish,Female,521.0,588.0,2.67,Mature,9.0,0.086,2020
2020-09-09,Fickle Lake,Lake,Lake Whitefish,Male,521.0,579.0,2.3,Mature,20.0,0.085,2020
2020-09-09,Fickle Lake,Lake,Lake Whitefish,Male,479.0,544.0,2.145,Mature,19.0,0.121,2020
2020-09-09,Fickle Lake,Lake,Lake Whitefish,Male,500.0,572.0,2.15,Mature,14.0,0.09,2020
2020-09-10,Fickle Lake,Lake,Lake Whitefish,Male,519.0,594.0,2.305,Mature,13.0,0.082,2020
2020-09-10,Fickle Lake,Lake,Lake Whitefish,Female,526.0,585.0,2.53,Mature,10.0,0.047,2020
2020-09-10,Fickle Lake,Lake,Lake Whitefish,Female,522.0,591.0,2.395,Mature,13.0,0.079,2020
2020-09-10,Fickle Lake,Lake,Lake Whitefish,Male,496.0,565.0,2.075,Mature,13.0,0.118,2020
2020-09-10,Fickle Lake,Lake,Lake Whitefish,Female,503.0,569.0,2.38,Mature,11.0,0.113,2020
2020-09-10,Fickle Lake,Lake,Lake Whitefish,Male,487.0,558.0,2.12,Mature,9.0,0.046,2020
2020-09-10,Fickle Lake,Lake,Lake Whitefish,Male,521.0,592.0,2.195,Mature,22.0,0.093,2020
2020-09-10,Fickle Lake,Lake,Lake Whitefish,Female,507.0,578.0,2.25,Mature,15.0,0.126,2020
2020-09-10,Fickle Lake,Lake,Lake Whitefish,Female,493.0,558.0,2.075,Mature,19.0,0.122,2020
2020-09-10,Fickle Lake,Lake,Lake Whitefish,Female,518.0,582.0,2.36,Mature,16.0,0.144,2020
2020-09-10,Fickle Lake,Lake,Lake Whitefish,Female,510.0,580.0,2.38,Mature,21.0,0.149,2020
2020-09-10,Fickle Lake,Lake,Lake Whitefish,Male,507.0,585.0,2.31,Mature,17.0,0.124,2020
2020-09-10,Fickle Lake,Lake,Lake Whitefish,Male,522.0,583.0,2.35,Mature,21.0,0.097,2020
2020-09-10,Fickle Lake,Lake,Lake Whitefish,Female,512.0,574.0,2.14,Mature,17.0,0.192,2020
2020-09-10,Fickle Lake,Lake,Lake Whitefish,Male,535.0,616.0,2.28,Mature,19.0,0.108,2020
2020-09-09,Fickle Lake,Lake,Northern Pike,Female,787.0,835.0,3.27,Mature,10.0,0.812,2020
2020-09-09,Fickle Lake,Lake,Northern Pike,Female,530.0,566.0,0.832,Immature,4.0,0.462,2020
2020-09-09,Fickle Lake,Lake,Northern Pike,Female,796.0,843.0,4.465,Mature,11.0,1.079,2020
2020-09-10,Fickle Lake,Lake,Northern Pike,Female,557.0,607.0,0.932,Immature,4.0,0.56,2020
2020-09-09,Fickle Lake,Lake,Walleye,Male,463.0,494.0,1.005,Mature,11.0,0.34,2020
2020-09-09,Fickle Lake,Lake,Walleye,Female,403.0,423.0,0.672,Mature,6.0,0.096,2020
2020-09-09,Fickle Lake,Lake,Walleye,Male,443.0,467.0,0.914,Mature,14.0,0.388,2020
2020-09-09,Fickle Lake,Lake,Walleye,Female,400.0,426.0,0.702,Mature,6.0,0.119,2020
2020-09-09,Fickle Lake,Lake,Walleye,Female,418.0,443.0,0.78,Immature,6.0,0.097,2020
2020-09-09,Fickle Lake,Lake,Walleye,Male,422.0,450.0,0.738,Mature,10.0,0.296,2020
2020-09-09,Fickle Lake,Lake,Walleye,Male,412.0,439.0,0.744,Mature,6.0,0.151,2020
2020-09-09,Fickle Lake,Lake,Walleye,Male,369.0,392.0,0.574,Mature,6.0,0.09,2020
2020-09-09,Fickle Lake,Lake,Walleye,Male,457.0,486.0,1.025,Mature,13.0,0.303,2020
2020-09-09,Fickle Lake,Lake,Walleye,Female,400.0,426.0,0.69,Mature,6.0,0.093,2020
2020-09-09,Fickle Lake,Lake,Walleye,Female,379.0,409.0,0.558,Mature,6.0,0.139,2020
2020-09-09,Fickle Lake,Lake,Walleye,Female,395.0,418.0,0.692,Mature,5.0,0.12,2020
2020-09-09,Fickle Lake,Lake,Walleye,Female,445.0,472.0,0.908,Mature,8.0,0.2,2020
2020-09-09,Fickle Lake,Lake,Walleye,Female,448.0,476.0,0.876,Mature,7.0,0.216,2020
2020-09-09,Fickle Lake,Lake,Walleye,Male,376.0,400.0,0.554,Mature,5.0,0.115,2020
2020-09-09,Fickle Lake,Lake,Walleye,Male,370.0,395.0,0.51,Mature,6.0,0.268,2020
2020-09-09,Fickle Lake,Lake,Walleye,Male,441.0,470.0,0.914,Mature,13.0,0.096,2020
2020-09-09,Fickle Lake,Lake,Walleye,Male,505.0,539.0,1.035,Mature,14.0,0.67,2020
2020-09-09,Fickle Lake,Lake,Walleye,Male,384.0,407.0,0.642,Mature,6.0,0.089,2020
2020-09-09,Fickle Lake,Lake,Walleye,Female,377.0,405.0,0.56,Immature,6.0,0.094,2020
2020-09-09,Fickle Lake,Lake,Walleye,Male,372.0,395.0,0.496,Mature,6.0,0.137,2020
2020-09-09,Fickle Lake,Lake,Walleye,Female,481.0,510.0,1.035,Immature,13.0,0.402,2020
2020-09-09,Fickle Lake,Lake,Walleye,Male,474.0,507.0,0.99,Mature,17.0,0.632,2020
2020-09-09,Fickle Lake,Lake,Walleye,Female,482.0,507.0,1.085,Mature,8.0,0.233,2020
2020-09-09,Fickle Lake,Lake,Walleye,Male,438.0,464.0,0.906,Mature,13.0,0.352,2020
2020-09-09,Fickle Lake,Lake,Walleye,Female,426.0,452.0,0.766,Mature,7.0,0.299,2020
2020-09-10,Fickle Lake,Lake,Walleye,Female,389.0,414.0,0.642,Mature,6.0,0.064,2020
2020-09-10,Fickle Lake,Lake,Walleye,Male,432.0,464.0,0.818,Mature,15.0,0.336,2020
2020-09-10,Fickle Lake,Lake,Walleye,Male,383.0,409.0,0.592,Mature,6.0,0.122,2020
2020-09-10,Fickle Lake,Lake,Walleye,Female,401.0,426.0,0.676,Mature,7.0,0.218,2020
2020-09-10,Fickle Lake,Lake,Walleye,Female,422.0,445.0,0.71,Immature,6.0,0.252,2020
2020-09-10,Fickle Lake,Lake,Walleye,Male,420.0,446.0,0.756,Mature,18.0,0.37,2020
2020-09-10,Fickle Lake,Lake,Walleye,Female,492.0,525.0,0.968,Mature,16.0,0.438,2020
2020-09-10,Fickle Lake,Lake,Walleye,Male,452.0,482.0,1.085,Mature,14.0,0.187,2020
2020-09-10,Fickle Lake,Lake,Walleye,Male,474.0,507.0,1.085,Mature,17.0,0.322,2020
2020-09-10,Fickle Lake,Lake,Walleye,Male,473.0,502.0,0.972,Mature,17.0,0.45,2020
2020-09-10,Fickle Lake,Lake,Walleye,Male,465.0,488.0,0.82,Mature,19.0,0.658,2020
2020-09-10,Fickle Lake,Lake,Walleye,Male,457.0,489.0,0.916,Mature,17.0,0.455,2020
2020-09-10,Fickle Lake,Lake,Walleye,Male,457.0,486.0,0.964,Mature,13.0,0.397,2020
2020-09-10,Fickle Lake,Lake,Walleye,Male,382.0,408.0,0.534,Mature,7.0,0.205,2020
2020-09-10,Fickle Lake,Lake,Walleye,Female,452.0,479.0,0.996,Mature,7.0,0.215,2020
2020-09-10,Fickle Lake,Lake,Walleye,Female,427.0,451.0,0.808,Mature,6.0,0.15,2020
2020-09-10,Fickle Lake,Lake,Walleye,Female,429.0,451.0,0.722,Mature,7.0,0.151,2020
2020-09-10,Fickle Lake,Lake,Walleye,Male,406.0,435.0,0.72,Mature,7.0,0.288,2020
2020-09-10,Fickle Lake,Lake,Walleye,Male,407.0,433.0,0.66,Mature,8.0,0.294,2020
2018-07-24,Fishing Lake,Lake,Northern Pike,Female,670.0,710.0,2.05,Mature,,0.518,2018
2018-07-24,Fishing Lake,Lake,Northern Pike,Female,869.0,916.0,5.5,Mature,,0.619,2018
2018-07-24,Fishing Lake,Lake,Northern Pike,Female,820.0,873.0,4.4,Mature,,0.512,2018
2018-07-24,Fishing Lake,Lake,Northern Pike,Female,684.0,728.0,2.45,Mature,,0.501,2018
2018-07-24,Fishing Lake,Lake,Northern Pike,Female,610.0,648.0,1.55,Mature,,0.334,2018
2018-07-24,Fishing Lake,Lake,Northern Pike,Female,584.0,621.0,1.4,Mature,,0.402,2018
2018-07-24,Fishing Lake,Lake,Northern Pike,Female,594.0,630.0,1.5,Mature,,0.387,2018
2018-07-24,Fishing Lake,Lake,Northern Pike,Female,586.0,624.0,1.4,Mature,,0.39,2018
2018-07-24,Fishing Lake,Lake,Northern Pike,Female,588.0,625.0,1.5,Mature,,0.391,2018
2018-07-25,Fishing Lake,Lake,Northern Pike,Female,678.0,726.0,2.2,Mature,,0.616,2018
2018-07-25,Fishing Lake,Lake,Northern Pike,Female,614.0,661.0,1.7,Mature,,0.512,2018
2018-07-25,Fishing Lake,Lake,Northern Pike,Female,609.0,651.0,1.55,Mature,,0.448,2018
2017-09-19,Floatingstone Lake,Lake,Northern Pike,Female,678.0,715.0,1.585,Mature,8.0,0.53,2017
2017-09-19,Floatingstone Lake,Lake,Northern Pike,Female,641.0,681.0,1.545,Mature,6.0,0.568,2017
2017-09-19,Floatingstone Lake,Lake,Northern Pike,Female,629.0,673.0,1.715,Mature,6.0,0.078,2017
2017-09-19,Floatingstone Lake,Lake,Northern Pike,Female,640.0,686.0,1.756,Mature,6.0,0.312,2017
2017-09-19,Floatingstone Lake,Lake,Northern Pike,Female,621.0,655.0,1.501,Mature,6.0,0.569,2017
2017-09-19,Floatingstone Lake,Lake,Northern Pike,Male,595.0,635.0,1.52,Mature,7.0,0.449,2017
2017-09-19,Floatingstone Lake,Lake,Northern Pike,Male,595.0,635.0,1.385,Mature,7.0,0.446,2017
2017-09-19,Floatingstone Lake,Lake,Northern Pike,Female,638.0,685.0,2.02,Mature,6.0,0.209,2017
2017-09-19,Floatingstone Lake,Lake,Northern Pike,Female,627.0,667.0,1.25,Mature,6.0,0.465,2017
2017-09-19,Floatingstone Lake,Lake,Northern Pike,Female,663.0,708.0,1.78,Mature,7.0,0.407,2017
2017-09-19,Floatingstone Lake,Lake,Northern Pike,Male,568.0,608.0,1.595,Mature,5.0,0.403,2017
2017-09-19,Floatingstone Lake,Lake,Northern Pike,Female,625.0,666.0,1.51,Mature,6.0,0.269,2017
2017-09-19,Floatingstone Lake,Lake,Northern Pike,Female,630.0,672.0,1.714,Mature,6.0,0.235,2017
2017-09-19,Floatingstone Lake,Lake,Northern Pike,Female,659.0,705.0,1.825,Mature,8.0,0.506,2017
2017-09-19,Floatingstone Lake,Lake,Walleye,Male,523.0,552.0,1.73,Mature,10.0,0.22,2017
2017-09-19,Floatingstone Lake,Lake,Walleye,Male,522.0,555.0,1.696,Mature,10.0,0.386,2017
2017-09-19,Floatingstone Lake,Lake,Walleye,Male,503.0,535.0,1.604,Mature,10.0,0.378,2017
2017-09-19,Floatingstone Lake,Lake,Walleye,Male,445.0,473.0,1.002,Mature,4.0,0.088,2017
2017-09-19,Floatingstone Lake,Lake,Walleye,Female,420.0,443.0,0.8,Immature,3.0,0.091,2017
2017-09-19,Floatingstone Lake,Lake,Walleye,Male,525.0,554.0,1.68,Mature,9.0,0.223,2017
2017-09-19,Floatingstone Lake,Lake,Walleye,Female,568.0,601.0,2.165,Mature,10.0,0.375,2017
2017-09-19,Floatingstone Lake,Lake,Walleye,Female,603.0,635.0,2.315,Mature,14.0,0.421,2017
2017-09-19,Floatingstone Lake,Lake,Walleye,Female,594.0,627.0,2.43,Mature,10.0,0.295,2017
2017-09-19,Floatingstone Lake,Lake,Walleye,Male,400.0,426.0,0.672,Mature,3.0,0.081,2017
2017-09-19,Floatingstone Lake,Lake,Walleye,Male,504.0,534.0,1.527,Mature,10.0,0.296,2017
2017-09-19,Floatingstone Lake,Lake,Walleye,Male,537.0,565.0,1.915,Mature,10.0,0.271,2017
2017-09-19,Floatingstone Lake,Lake,Walleye,Male,531.0,568.0,1.82,Mature,10.0,0.25,2017
2017-09-19,Floatingstone Lake,Lake,Walleye,Male,498.0,526.0,1.52,Mature,10.0,0.277,2017
2017-09-19,Floatingstone Lake,Lake,Walleye,Female,551.0,585.0,2.07,Mature,13.0,0.454,2017
2017-09-19,Floatingstone Lake,Lake,Walleye,Male,535.0,567.0,1.83,Mature,13.0,0.486,2017
2017-09-19,Floatingstone Lake,Lake,Walleye,Male,533.0,562.0,1.8,Mature,19.0,0.609,2017
2017-09-19,Floatingstone Lake,Lake,Walleye,Male,492.0,522.0,1.42,Mature,9.0,0.215,2017
2017-09-19,Floatingstone Lake,Lake,Walleye,Male,540.0,571.0,1.865,Mature,12.0,0.445,2017
2013-09-18,Fork Lake,Lake,Lake Whitefish,Male,394.0,449.0,0.766,Mature,4.0,0.083,2013
2013-09-18,Fork Lake,Lake,Lake Whitefish,Female,427.0,484.0,0.986,Mature,4.0,0.085,2013
2013-09-18,Fork Lake,Lake,Lake Whitefish,Female,405.0,455.0,0.926,Mature,4.0,0.082,2013
2013-09-18,Fork Lake,Lake,Lake Whitefish,Male,415.0,470.0,0.933,Mature,4.0,0.095,2013
2013-09-19,Fork Lake,Lake,Northern Pike,Male,500.0,530.0,0.836,Mature,5.0,0.318,2013
2013-09-19,Fork Lake,Lake,Northern Pike,Female,596.0,630.0,1.504,Mature,4.0,0.27,2013
2013-09-19,Fork Lake,Lake,Northern Pike,Female,455.0,484.0,0.713,Mature,3.0,0.111,2013
2013-09-19,Fork Lake,Lake,Northern Pike,Female,580.0,615.0,1.363,Mature,4.0,0.164,2013
2013-09-19,Fork Lake,Lake,Northern Pike,Female,554.0,589.0,1.094,Mature,4.0,0.166,2013
2013-09-19,Fork Lake,Lake,Northern Pike,Male,530.0,565.0,1.07,Mature,5.0,0.282,2013
2013-09-19,Fork Lake,Lake,Northern Pike,Female,565.0,606.0,1.349,Immature,5.0,0.323,2013
2013-09-19,Fork Lake,Lake,Northern Pike,Male,525.0,557.0,0.92,Mature,5.0,0.219,2013
2013-09-19,Fork Lake,Lake,Northern Pike,Female,478.0,512.0,0.791,Mature,3.0,0.115,2013
2013-09-19,Fork Lake,Lake,Northern Pike,Female,573.0,603.0,1.164,Mature,7.0,0.192,2013
2013-09-19,Fork Lake,Lake,Northern Pike,Female,590.0,625.0,1.57,Mature,5.0,0.288,2013
2013-09-20,Fork Lake,Lake,Northern Pike,Female,518.0,554.0,1.021,Mature,4.0,0.118,2013
2013-09-20,Fork Lake,Lake,Northern Pike,Female,580.0,620.0,1.47,Mature,4.0,0.181,2013
2013-09-20,Fork Lake,Lake,Northern Pike,Female,569.0,605.0,1.274,Mature,5.0,0.305,2013
2013-09-20,Fork Lake,Lake,Northern Pike,Female,600.0,641.0,1.86,Mature,4.0,0.17,2013
2013-09-20,Fork Lake,Lake,Northern Pike,Female,574.0,606.0,1.275,Mature,4.0,0.21,2013
2013-09-20,Fork Lake,Lake,Northern Pike,Female,617.0,650.0,1.544,Mature,5.0,0.179,2013
2013-09-20,Fork Lake,Lake,Northern Pike,Male,495.0,530.0,0.957,Mature,4.0,0.107,2013
2013-09-20,Fork Lake,Lake,Northern Pike,Female,638.0,679.0,2.023,Mature,5.0,0.211,2013
2016-09-07,Frog Lake,Lake,Northern Pike,Male,691.0,742.0,3.2,Mature,6.0,0.718,2016
2016-09-07,Frog Lake,Lake,Northern Pike,Female,659.0,692.0,2.136,Mature,3.0,0.226,2016
2016-09-07,Frog Lake,Lake,Northern Pike,Female,855.0,903.0,4.355,Mature,9.0,0.837,2016
2016-09-07,Frog Lake,Lake,Northern Pike,Female,906.0,967.0,5.705,Mature,8.0,0.571,2016
2016-09-08,Frog Lake,Lake,Northern Pike,Male,633.0,670.0,1.984,Mature,3.0,0.19,2016
2016-09-08,Frog Lake,Lake,Northern Pike,Male,521.0,557.0,1.192,Mature,2.0,0.125,2016
2017-09-19,Garner Lake,Lake,Walleye,Male,463.0,,0.996,Mature,14.0,0.658,2017
2017-09-19,Garner Lake,Lake,Walleye,Male,461.0,484.0,1.055,Mature,17.0,0.695,2017
2017-09-19,Garner Lake,Lake,Walleye,Male,416.0,439.0,0.994,Mature,10.0,0.623,2017
2017-09-19,Garner Lake,Lake,Walleye,Male,477.0,504.0,1.184,Mature,16.0,0.841,2017
2017-09-19,Garner Lake,Lake,Walleye,Male,422.0,,0.774,Mature,14.0,0.69,2017
2017-09-19,Garner Lake,Lake,Walleye,Male,465.0,492.0,1.12,Mature,10.0,0.704,2017
2017-09-19,Garner Lake,Lake,Walleye,Male,444.0,467.0,0.916,Mature,10.0,0.86,2017
2017-09-19,Garner Lake,Lake,Walleye,Male,427.0,450.0,0.944,Mature,11.0,0.768,2017
2017-09-19,Garner Lake,Lake,Walleye,Male,435.0,457.0,0.926,Mature,6.0,0.595,2017
2017-09-19,Garner Lake,Lake,Walleye,Male,427.0,448.0,0.882,Mature,14.0,0.56,2017
2017-09-19,Garner Lake,Lake,Walleye,Male,445.0,,1.05,Mature,15.0,0.942,2017
2017-09-19,Garner Lake,Lake,Walleye,Male,430.0,454.0,0.878,Mature,11.0,0.824,2017
2017-09-19,Garner Lake,Lake,Walleye,Female,477.0,,1.24,Mature,11.0,0.481,2017
2017-09-19,Garner Lake,Lake,Walleye,Female,427.0,455.0,0.864,Mature,17.0,0.843,2017
2017-09-19,Garner Lake,Lake,Walleye,Male,437.0,463.0,0.866,Mature,17.0,0.797,2017
2018-06-20,Garnier Lakes,Lake,Northern Pike,Female,695.0,741.0,2.2,Mature,,0.457,2018
2018-06-20,Garnier Lakes,Lake,Northern Pike,Female,653.0,700.0,2.2,Mature,,0.387,2018
2018-06-21,Garnier Lakes,Lake,Northern Pike,Female,672.0,715.0,2.1,Mature,,0.392,2018
2018-06-21,Garnier Lakes,Lake,Northern Pike,Male,603.0,652.0,1.6,Mature,,0.434,2018
2018-06-21,Garnier Lakes,Lake,Northern Pike,Male,616.0,651.0,1.5,Mature,,0.37,2018
2018-06-21,Garnier Lakes,Lake,Northern Pike,Female,631.0,671.0,1.85,Mature,,0.32,2018
2014-09-24,Gods Lake,Lake,Lake Whitefish,Female,652.0,,3.13,Unknown,,0.067,2014
2014-09-24,Gods Lake,Lake,Lake Whitefish,Male,645.0,,2.49,Unknown,,0.231,2014
2014-09-24,Gods Lake,Lake,Lake Whitefish,Male,602.0,,2.36,Unknown,,0.142,2014
2014-09-24,Gods Lake,Lake,Lake Whitefish,Male,585.0,,2.035,Unknown,,0.059,2014
2014-09-24,Gods Lake,Lake,Lake Whitefish,Male,600.0,,2.28,Unknown,,0.162,2014
2014-09-24,Gods Lake,Lake,Lake Whitefish,Unknown,675.0,,3.315,Unknown,,0.109,2014
2014-09-24,Gods Lake,Lake,Lake Whitefish,Female,632.0,,2.9,Unknown,,0.051,2014
2014-09-24,Gods Lake,Lake,Lake Whitefish,Female,673.0,,3.18,Unknown,,0.208,2014
2014-09-24,Gods Lake,Lake,Lake Whitefish,Male,663.0,,3.295,Unknown,,0.085,2014
2014-09-24,Gods Lake,Lake,Lake Whitefish,Female,616.0,,2.485,Unknown,,0.057,2014
2014-09-24,Gods Lake,Lake,Lake Whitefish,Male,600.0,,2.31,Unknown,,0.152,2014
2014-09-24,Gods Lake,Lake,Lake Whitefish,Male,622.0,,2.495,Unknown,,0.254,2014
2014-09-24,Gods Lake,Lake,Lake Whitefish,Unknown,625.0,,2.485,Unknown,,0.142,2014
2014-09-24,Gods Lake,Lake,Lake Whitefish,Male,597.0,,2.25,Unknown,,0.02,2014
2014-09-24,Gods Lake,Lake,Lake Whitefish,Female,670.0,,3.245,Unknown,,0.259,2014
2014-09-24,Gods Lake,Lake,Lake Whitefish,Unknown,612.0,,2.66,Unknown,,0.254,2014
2014-09-24,Gods Lake,Lake,Lake Whitefish,Unknown,606.0,,2.36,Unknown,,0.107,2014
2014-09-24,Gods Lake,Lake,Lake Whitefish,Female,656.0,,2.94,Unknown,,0.264,2014
2014-09-24,Gods Lake,Lake,Lake Whitefish,Male,670.0,,3.505,Unknown,,0.151,2014
2014-09-24,Gods Lake,Lake,Lake Whitefish,Unknown,643.0,,3.065,Unknown,,0.09,2014
2014-09-24,Gods Lake,Lake,Northern Pike,Female,710.0,,1.785,Unknown,,0.589,2014
2014-09-24,Gods Lake,Lake,Northern Pike,Unknown,665.0,,1.77,Unknown,,0.553,2014
2014-09-24,Gods Lake,Lake,Northern Pike,Unknown,696.0,,2.22,Unknown,,0.516,2014
2014-09-24,Gods Lake,Lake,Northern Pike,Unknown,795.0,,3.325,Unknown,,0.794,2014
2014-09-24,Gods Lake,Lake,Northern Pike,Unknown,805.0,,3.585,Unknown,,0.506,2014
2014-09-24,Gods Lake,Lake,Northern Pike,Unknown,746.0,,2.61,Unknown,,0.826,2014
2014-09-24,Gods Lake,Lake,Northern Pike,Unknown,680.0,,1.785,Unknown,,0.521,2014
2014-09-24,Gods Lake,Lake,Northern Pike,Unknown,708.0,,2.51,Unknown,,0.422,2014
2014-09-24,Gods Lake,Lake,Northern Pike,Unknown,687.0,,2.03,Unknown,,0.393,2014
2014-09-24,Gods Lake,Lake,Northern Pike,Unknown,685.0,,2.31,Unknown,,0.514,2014
2014-09-24,Gods Lake,Lake,Northern Pike,Unknown,809.0,,3.675,Unknown,,0.688,2014
2014-09-24,Gods Lake,Lake,Northern Pike,Unknown,735.0,,2.945,Unknown,,0.65,2014
2014-09-24,Gods Lake,Lake,Northern Pike,Unknown,686.0,,2.02,Unknown,,0.568,2014
2014-09-24,Gods Lake,Lake,Northern Pike,Unknown,785.0,,3.2,Unknown,,0.655,2014
2014-09-24,Gods Lake,Lake,Northern Pike,Unknown,728.0,,2.425,Unknown,,0.604,2014
2014-09-24,Gods Lake,Lake,Northern Pike,Unknown,817.0,,3.865,Unknown,,0.614,2014
2014-09-24,Gods Lake,Lake,Northern Pike,Unknown,743.0,,2.5,Unknown,,0.534,2014
2014-09-24,Gods Lake,Lake,Northern Pike,Unknown,750.0,,2.935,Unknown,,0.563,2014
2014-09-24,Gods Lake,Lake,Northern Pike,Unknown,742.0,,2.825,Unknown,,0.682,2014
2014-09-24,Gods Lake,Lake,Northern Pike,Unknown,737.0,,2.88,Unknown,,0.463,2014
2014-09-24,Gods Lake,Lake,Walleye,Unknown,505.0,,1.275,Unknown,,0.189,2014
2014-09-24,Gods Lake,Lake,Walleye,Unknown,492.0,,1.185,Unknown,,0.213,2014
2014-09-24,Gods Lake,Lake,Walleye,Unknown,465.0,,1.0,Unknown,,0.275,2014
2014-09-24,Gods Lake,Lake,Walleye,Unknown,504.0,,1.285,Unknown,,0.295,2014
2014-09-24,Gods Lake,Lake,Walleye,Unknown,617.0,,2.19,Unknown,,0.632,2014
2014-09-24,Gods Lake,Lake,Walleye,Unknown,662.0,,3.02,Unknown,,1.167,2014
2014-09-24,Gods Lake,Lake,Walleye,Unknown,680.0,,2.98,Unknown,,0.777,2014
2014-09-24,Gods Lake,Lake,Walleye,Unknown,629.0,,2.5,Unknown,,0.994,2014
2014-09-24,Gods Lake,Lake,Walleye,Unknown,652.0,,2.425,Unknown,,1.061,2014
2014-09-24,Gods Lake,Lake,Walleye,Unknown,633.0,,2.49,Unknown,,1.159,2014
2014-09-24,Gods Lake,Lake,Walleye,Unknown,473.0,,1.155,Unknown,,0.202,2014
2014-09-24,Gods Lake,Lake,Walleye,Unknown,671.0,,2.635,Unknown,,1.058,2014
2014-09-24,Gods Lake,Lake,Walleye,Unknown,554.0,,1.77,Unknown,,0.316,2014
2014-09-24,Gods Lake,Lake,Walleye,Unknown,641.0,,2.745,Unknown,,1.252,2014
2014-09-24,Gods Lake,Lake,Walleye,Unknown,679.0,,2.96,Unknown,,1.084,2014
2014-09-24,Gods Lake,Lake,Walleye,Unknown,740.0,,3.07,Unknown,,1.554,2014
2014-09-24,Gods Lake,Lake,Walleye,Unknown,617.0,,2.26,Unknown,,0.826,2014
2014-09-24,Gods Lake,Lake,Walleye,Unknown,607.0,,2.25,Unknown,,0.595,2014
2014-09-24,Gods Lake,Lake,Walleye,Unknown,623.0,,1.945,Unknown,,1.243,2014
2014-09-24,Gods Lake,Lake,Walleye,Unknown,412.0,,0.645,Unknown,,0.179,2014
2018-09-17,Goodfish Lake,Lake,Cisco,Female,333.0,375.0,0.524,Mature,,0.11,2018
2018-09-17,Goodfish Lake,Lake,Cisco,Female,354.0,392.0,0.702,Mature,,0.079,2018
2018-09-17,Goodfish Lake,Lake,Cisco,Male,381.0,425.0,0.726,Mature,,0.12,2018
2018-09-17,Goodfish Lake,Lake,Cisco,Male,372.0,413.0,0.748,Mature,,0.088,2018
2018-09-17,Goodfish Lake,Lake,Cisco,Female,319.0,356.0,0.494,Mature,,0.081,2018
2018-09-17,Goodfish Lake,Lake,Cisco,Female,400.0,446.0,1.06,Mature,,0.085,2018
2018-09-17,Goodfish Lake,Lake,Cisco,Female,400.0,445.0,0.982,Mature,,0.096,2018
2018-09-17,Goodfish Lake,Lake,Cisco,Female,405.0,450.0,0.97,Mature,,0.11,2018
2018-09-17,Goodfish Lake,Lake,Cisco,Male,319.0,355.0,0.512,Mature,,0.094,2018
2018-09-17,Goodfish Lake,Lake,Cisco,Female,315.0,352.0,0.438,Mature,,0.088,2018
2018-09-17,Goodfish Lake,Lake,Cisco,Male,386.0,435.0,0.83,Mature,,0.111,2018
2018-09-17,Goodfish Lake,Lake,Cisco,Female,359.0,403.0,0.664,Mature,,0.074,2018
2018-09-17,Goodfish Lake,Lake,Cisco,Female,410.0,462.0,0.968,Mature,,0.18,2018
2018-09-17,Goodfish Lake,Lake,Cisco,Male,389.0,442.0,0.785,Mature,,0.067,2018
2018-09-17,Goodfish Lake,Lake,Cisco,Female,330.0,373.0,0.551,Mature,,0.078,2018
2018-09-17,Goodfish Lake,Lake,Cisco,Male,320.0,361.0,0.461,Mature,,0.07,2018
2018-09-17,Goodfish Lake,Lake,Cisco,Female,326.0,367.0,0.526,Mature,,0.082,2018
2018-09-17,Goodfish Lake,Lake,Cisco,Male,337.0,379.0,0.542,Mature,,0.082,2018
2018-09-17,Goodfish Lake,Lake,Cisco,Female,345.0,383.0,0.529,Mature,,0.084,2018
2018-09-17,Goodfish Lake,Lake,Cisco,Male,318.0,361.0,0.45,Mature,,0.094,2018
2018-09-17,Goodfish Lake,Lake,Cisco,Male,326.0,367.0,0.514,Mature,,0.079,2018
2018-09-17,Goodfish Lake,Lake,Lake Whitefish,Male,387.0,432.0,0.737,Mature,,0.02,2018
2018-09-17,Goodfish Lake,Lake,Lake Whitefish,Male,463.0,522.0,1.306,Mature,,0.023,2018
2018-09-17,Goodfish Lake,Lake,Lake Whitefish,Female,498.0,552.0,1.559,Mature,,0.054,2018
2018-09-17,Goodfish Lake,Lake,Lake Whitefish,Female,470.0,525.0,1.484,Mature,,0.02,2018
2018-09-17,Goodfish Lake,Lake,Lake Whitefish,Female,411.0,468.0,0.892,Mature,,0.033,2018
2012-09-27,Goodfish Lake,Lake,Northern Pike,Male,526.0,558.0,1.07,Mature,5.0,0.522,2012
2012-09-27,Goodfish Lake,Lake,Northern Pike,Male,564.0,602.0,1.366,Mature,6.0,0.549,2012
2012-09-27,Goodfish Lake,Lake,Northern Pike,Female,594.0,628.0,1.492,Mature,5.0,0.579,2012
2012-09-27,Goodfish Lake,Lake,Northern Pike,Female,618.0,685.0,1.745,Mature,7.0,0.33,2012
2012-09-27,Goodfish Lake,Lake,Northern Pike,Female,650.0,692.0,1.756,Mature,7.0,0.542,2012
2012-09-27,Goodfish Lake,Lake,Northern Pike,Female,618.0,649.0,1.496,Mature,6.0,0.548,2012
2012-09-27,Goodfish Lake,Lake,Northern Pike,Female,594.0,638.0,1.861,Mature,5.0,0.269,2012
2018-09-17,Goodfish Lake,Lake,Northern Pike,Male,577.0,613.0,1.495,Mature,,0.56,2018
2018-09-17,Goodfish Lake,Lake,Northern Pike,Female,640.0,682.0,1.43,Mature,,0.819,2018
2018-09-17,Goodfish Lake,Lake,Northern Pike,Male,575.0,612.0,1.06,Mature,,0.739,2018
2018-09-17,Goodfish Lake,Lake,Northern Pike,Male,565.0,595.0,1.092,Mature,,0.738,2018
2018-09-17,Goodfish Lake,Lake,Northern Pike,Female,750.0,789.0,2.43,Mature,,0.707,2018
2018-09-17,Goodfish Lake,Lake,Northern Pike,Male,569.0,604.0,1.319,Mature,,0.574,2018
2018-09-17,Goodfish Lake,Lake,Northern Pike,Female,790.0,839.0,3.833,Mature,,0.482,2018
2018-09-17,Goodfish Lake,Lake,Northern Pike,Female,690.0,734.0,2.047,Mature,,0.503,2018
2018-09-18,Goodfish Lake,Lake,Northern Pike,Female,604.0,641.0,1.75,Mature,,0.158,2018
2018-09-18,Goodfish Lake,Lake,Northern Pike,Male,641.0,675.0,2.1,Mature,,0.664,2018
2018-09-18,Goodfish Lake,Lake,Northern Pike,Female,630.0,671.0,1.88,Mature,,0.397,2018
2018-09-18,Goodfish Lake,Lake,Northern Pike,Male,598.0,632.0,1.41,Mature,,0.611,2018
2018-09-18,Goodfish Lake,Lake,Northern Pike,Male,605.0,644.0,1.41,Mature,,0.651,2018
2018-09-18,Goodfish Lake,Lake,Northern Pike,Female,600.0,636.0,0.888,Mature,,0.842,2018
2018-09-18,Goodfish Lake,Lake,Northern Pike,Male,545.0,578.0,1.042,Mature,,0.462,2018
2012-09-27,Goodfish Lake,Lake,Walleye,Female,402.0,430.0,0.69,Mature,4.0,0.174,2012
2012-09-27,Goodfish Lake,Lake,Walleye,Female,400.0,426.0,0.765,Mature,4.0,0.222,2012
2012-09-27,Goodfish Lake,Lake,Walleye,Male,468.0,497.0,1.206,Mature,9.0,0.449,2012
2012-09-27,Goodfish Lake,Lake,Walleye,Female,514.0,545.0,1.482,Mature,5.0,0.321,2012
2012-09-27,Goodfish Lake,Lake,Walleye,Female,423.0,454.0,0.908,Mature,4.0,0.195,2012
2012-09-27,Goodfish Lake,Lake,Walleye,Female,545.0,581.0,1.898,Mature,9.0,0.423,2012
2012-09-27,Goodfish Lake,Lake,Walleye,Male,468.0,496.0,1.296,Mature,7.0,0.322,2012
2012-09-27,Goodfish Lake,Lake,Walleye,Female,418.0,442.0,0.829,Mature,4.0,0.193,2012
2012-09-27,Goodfish Lake,Lake,Walleye,Female,587.0,620.0,2.279,Mature,9.0,0.342,2012
2018-09-17,Goodfish Lake,Lake,Walleye,Female,534.0,569.0,1.68,Mature,,0.37,2018
2018-09-17,Goodfish Lake,Lake,Walleye,Female,528.0,553.0,1.66,Mature,,0.319,2018
2018-09-17,Goodfish Lake,Lake,Walleye,Female,478.0,504.0,1.183,Mature,,0.132,2018
2018-09-18,Goodfish Lake,Lake,Walleye,Female,457.0,487.0,1.0,Mature,,0.175,2018
2018-09-18,Goodfish Lake,Lake,Walleye,Female,483.0,510.0,1.3,Mature,,0.184,2018
2018-09-18,Goodfish Lake,Lake,Walleye,Female,475.0,503.0,1.16,Mature,,0.167,2018
2018-09-18,Goodfish Lake,Lake,Walleye,Male,483.0,511.0,1.19,Mature,,0.101,2018
2018-09-18,Goodfish Lake,Lake,Walleye,Male,435.0,465.0,0.886,Mature,,0.142,2018
2014-09-22,Gull Lake,Lake,Lake Whitefish,Male,442.0,500.0,1.163,Mature,14.0,0.263,2014
2014-09-22,Gull Lake,Lake,Lake Whitefish,Male,397.0,462.0,0.998,Mature,,0.243,2014
2014-09-22,Gull Lake,Lake,Lake Whitefish,Male,402.0,473.0,0.894,Mature,13.0,0.051,2014
2014-09-22,Gull Lake,Lake,Lake Whitefish,Male,405.0,463.0,1.068,Mature,19.0,0.083,2014
2014-09-23,Gull Lake,Lake,Lake Whitefish,Male,362.0,410.0,0.714,Mature,9.0,0.065,2014
2014-09-23,Gull Lake,Lake,Lake Whitefish,Male,405.0,463.0,0.87,Mature,15.0,0.131,2014
2014-09-23,Gull Lake,Lake,Lake Whitefish,Male,403.0,467.0,0.976,Mature,14.0,0.079,2014
2014-09-23,Gull Lake,Lake,Lake Whitefish,Female,394.0,455.0,0.824,Mature,13.0,0.085,2014
2014-09-23,Gull Lake,Lake,Lake Whitefish,Female,352.0,405.0,0.679,Mature,5.0,0.076,2014
2014-09-23,Gull Lake,Lake,Lake Whitefish,Male,455.0,523.0,1.277,Mature,14.0,0.267,2014
2014-09-23,Gull Lake,Lake,Lake Whitefish,Female,452.0,520.0,1.351,Mature,14.0,0.324,2014
2014-09-23,Gull Lake,Lake,Lake Whitefish,Female,407.0,460.0,1.101,Mature,14.0,0.126,2014
2014-09-25,Gull Lake,Lake,Lake Whitefish,Male,336.0,419.0,0.718,Unknown,,0.057,2014
2014-09-25,Gull Lake,Lake,Lake Whitefish,Female,395.0,447.0,0.912,Mature,5.0,0.122,2014
2014-09-25,Gull Lake,Lake,Lake Whitefish,Female,361.0,409.0,0.679,Mature,5.0,0.109,2014
2020-09-29,Gull Lake,Lake,Lake Whitefish,Male,423.0,485.0,1.142,Mature,9.0,0.109,2020
2020-09-29,Gull Lake,Lake,Lake Whitefish,Male,403.0,465.0,1.078,Mature,7.0,0.081,2020
2020-09-29,Gull Lake,Lake,Lake Whitefish,Male,404.0,457.0,1.118,Mature,8.0,0.172,2020
2020-09-29,Gull Lake,Lake,Lake Whitefish,Female,407.0,465.0,1.17,Mature,10.0,0.058,2020
2020-09-29,Gull Lake,Lake,Lake Whitefish,Female,430.0,492.0,1.434,Mature,9.0,0.064,2020
2020-09-29,Gull Lake,Lake,Lake Whitefish,Female,428.0,493.0,1.318,Mature,10.0,0.051,2020
2020-09-29,Gull Lake,Lake,Lake Whitefish,Female,416.0,479.0,1.232,Mature,8.0,0.058,2020
2020-09-29,Gull Lake,Lake,Lake Whitefish,Male,379.0,442.0,0.988,Mature,3.0,0.109,2020
2020-09-29,Gull Lake,Lake,Lake Whitefish,Female,422.0,482.0,1.232,Mature,9.0,0.096,2020
2020-09-29,Gull Lake,Lake,Lake Whitefish,Male,415.0,478.0,1.166,Mature,6.0,0.093,2020
2020-09-29,Gull Lake,Lake,Lake Whitefish,Female,428.0,493.0,1.422,Mature,8.0,0.102,2020
2020-09-29,Gull Lake,Lake,Lake Whitefish,Male,407.0,468.0,1.182,Mature,8.0,0.124,2020
2020-09-29,Gull Lake,Lake,Lake Whitefish,Female,402.0,460.0,1.098,Mature,7.0,0.06,2020
2020-09-29,Gull Lake,Lake,Lake Whitefish,Female,425.0,485.0,1.242,Mature,8.0,0.059,2020
2020-09-29,Gull Lake,Lake,Lake Whitefish,Female,427.0,488.0,1.244,Mature,9.0,0.111,2020
2020-09-29,Gull Lake,Lake,Lake Whitefish,Female,417.0,481.0,1.234,Mature,7.0,0.087,2020
2020-09-29,Gull Lake,Lake,Lake Whitefish,Female,407.0,465.0,1.15,Mature,5.0,0.075,2020
2020-09-29,Gull Lake,Lake,Lake Whitefish,Male,418.0,492.0,1.189,Mature,9.0,0.057,2020
2020-09-29,Gull Lake,Lake,Lake Whitefish,Male,424.0,489.0,1.157,Mature,9.0,0.095,2020
2020-09-29,Gull Lake,Lake,Lake Whitefish,Male,410.0,465.0,1.165,Mature,10.0,0.093,2020
2014-09-22,Gull Lake,Lake,Northern Pike,Female,690.0,720.0,2.589,Mature,7.0,0.459,2014
2014-09-22,Gull Lake,Lake,Northern Pike,Female,700.0,737.0,2.939,Mature,6.0,0.378,2014
2014-09-22,Gull Lake,Lake,Northern Pike,Female,761.0,804.0,4.407,Mature,7.0,0.365,2014
2014-09-23,Gull Lake,Lake,Northern Pike,Female,748.0,793.0,3.142,Mature,8.0,0.398,2014
2014-09-23,Gull Lake,Lake,Northern Pike,Female,812.0,855.0,4.555,Mature,8.0,0.354,2014
2014-09-25,Gull Lake,Lake,Northern Pike,Female,615.0,652.0,1.695,Mature,5.0,0.281,2014
2014-09-25,Gull Lake,Lake,Northern Pike,Female,580.0,619.0,1.44,Mature,3.0,0.32,2014
2014-09-25,Gull Lake,Lake,Northern Pike,Male,590.0,626.0,1.579,Mature,10.0,0.607,2014
2014-09-25,Gull Lake,Lake,Northern Pike,Female,598.0,635.0,1.65,Mature,3.0,0.32,2014
2014-09-25,Gull Lake,Lake,Northern Pike,Female,621.0,656.0,1.86,Mature,4.0,0.263,2014
2014-09-25,Gull Lake,Lake,Northern Pike,Female,738.0,775.0,3.24,Mature,8.0,0.42,2014
2014-09-25,Gull Lake,Lake,Northern Pike,Female,614.0,651.0,1.72,Mature,5.0,0.27,2014
2014-09-25,Gull Lake,Lake,Northern Pike,Female,684.0,723.0,2.917,Mature,9.0,0.448,2014
2014-09-25,Gull Lake,Lake,Northern Pike,Female,850.0,895.0,5.05,Mature,12.0,0.804,2014
2014-09-25,Gull Lake,Lake,Northern Pike,Female,787.0,825.0,3.355,Mature,8.0,0.432,2014
2020-09-29,Gull Lake,Lake,Northern Pike,Female,875.0,925.0,4.756,Mature,11.0,0.736,2020
2020-09-29,Gull Lake,Lake,Northern Pike,Male,534.0,565.0,0.876,Mature,4.0,0.677,2020
2020-09-29,Gull Lake,Lake,Northern Pike,Female,557.0,590.0,0.829,Mature,5.0,0.71,2020
2020-09-29,Gull Lake,Lake,Northern Pike,Male,535.0,573.0,1.195,Mature,4.0,0.502,2020
2020-09-29,Gull Lake,Lake,Northern Pike,Female,587.0,625.0,1.314,Mature,4.0,0.634,2020
2020-09-29,Gull Lake,Lake,Northern Pike,Female,482.0,515.0,0.996,Mature,3.0,0.26,2020
2020-09-29,Gull Lake,Lake,Northern Pike,Male,525.0,562.0,1.042,Mature,4.0,0.481,2020
2020-09-29,Gull Lake,Lake,Northern Pike,Male,475.0,510.0,0.725,Mature,3.0,0.325,2020
2020-09-29,Gull Lake,Lake,Northern Pike,Male,517.0,551.0,0.913,Immature,4.0,0.394,2020
2020-09-29,Gull Lake,Lake,Northern Pike,Female,800.0,841.0,2.299,Mature,9.0,1.284,2020
2020-09-29,Gull Lake,Lake,Northern Pike,Male,482.0,515.0,0.77,Mature,4.0,0.297,2020
2020-09-29,Gull Lake,Lake,Northern Pike,Male,545.0,580.0,0.739,Mature,5.0,1.04,2020
2020-09-29,Gull Lake,Lake,Northern Pike,Male,510.0,544.0,0.91,Mature,4.0,0.477,2020
2020-09-29,Gull Lake,Lake,Northern Pike,Male,525.0,560.0,0.804,Mature,5.0,0.652,2020
2020-09-29,Gull Lake,Lake,Northern Pike,Male,536.0,570.0,0.999,Mature,5.0,0.52,2020
2020-09-29,Gull Lake,Lake,Northern Pike,Female,559.0,595.0,0.86,Mature,5.0,0.811,2020
2020-09-29,Gull Lake,Lake,Northern Pike,Female,538.0,579.0,0.916,Mature,5.0,0.705,2020
2020-09-29,Gull Lake,Lake,Northern Pike,Female,512.0,543.0,0.671,Mature,4.0,0.855,2020
2020-09-30,Gull Lake,Lake,Northern Pike,Female,460.0,489.0,0.648,Mature,3.0,0.191,2020
2020-09-30,Gull Lake,Lake,Northern Pike,Female,535.0,570.0,1.16,Mature,5.0,0.287,2020
2014-09-22,Gull Lake,Lake,Walleye,Female,566.0,596.0,2.464,Mature,7.0,0.556,2014
2014-09-22,Gull Lake,Lake,Walleye,Female,555.0,583.0,1.927,Mature,7.0,0.545,2014
2014-09-22,Gull Lake,Lake,Walleye,Female,618.0,647.0,2.623,Mature,17.0,1.098,2014
2014-09-22,Gull Lake,Lake,Walleye,Female,589.0,617.0,2.545,Mature,8.0,0.573,2014
2014-09-22,Gull Lake,Lake,Walleye,Female,645.0,670.0,3.077,Mature,16.0,0.985,2014
2014-09-22,Gull Lake,Lake,Walleye,Female,641.0,671.0,3.142,Mature,16.0,0.952,2014
2014-09-22,Gull Lake,Lake,Walleye,Female,635.0,667.0,3.444,Mature,5.0,1.163,2014
2014-09-22,Gull Lake,Lake,Walleye,Female,620.0,649.0,2.925,Mature,15.0,0.944,2014
2014-09-22,Gull Lake,Lake,Walleye,Female,591.0,622.0,2.817,Mature,16.0,1.054,2014
2014-09-22,Gull Lake,Lake,Walleye,Female,625.0,650.0,2.618,Mature,16.0,1.026,2014
2014-09-22,Gull Lake,Lake,Walleye,Female,623.0,652.0,3.014,Mature,18.0,1.116,2014
2014-09-22,Gull Lake,Lake,Walleye,Female,643.0,672.0,3.071,Mature,13.0,0.797,2014
2014-09-22,Gull Lake,Lake,Walleye,Female,609.0,639.0,2.755,Mature,14.0,0.832,2014
2014-09-25,Gull Lake,Lake,Walleye,Female,634.0,662.0,3.138,Mature,14.0,0.816,2014
2014-09-25,Gull Lake,Lake,Walleye,Female,616.0,642.0,2.322,Mature,13.0,0.871,2014
2020-09-29,Gull Lake,Lake,Walleye,Female,379.0,400.0,0.53,Immature,5.0,0.441,2020
2020-09-29,Gull Lake,Lake,Walleye,Female,407.0,429.0,0.672,Mature,6.0,0.47,2020
2020-09-29,Gull Lake,Lake,Walleye,Female,380.0,404.0,0.558,Mature,5.0,0.307,2020
2020-09-29,Gull Lake,Lake,Walleye,Male,435.0,457.0,0.766,Mature,7.0,0.757,2020
2020-09-29,Gull Lake,Lake,Walleye,Male,395.0,416.0,0.598,Mature,6.0,0.521,2020
2020-09-29,Gull Lake,Lake,Walleye,Female,400.0,424.0,0.618,Immature,6.0,0.533,2020
2020-09-29,Gull Lake,Lake,Walleye,Female,397.0,420.0,0.594,Immature,6.0,0.532,2020
2020-09-30,Gull Lake,Lake,Walleye,Female,424.0,450.0,0.746,Mature,6.0,0.414,2020
2020-09-30,Gull Lake,Lake,Walleye,Male,384.0,407.0,0.582,Mature,6.0,0.501,2020
2020-09-30,Gull Lake,Lake,Walleye,Male,495.0,523.0,1.161,Mature,13.0,1.241,2020
2020-09-30,Gull Lake,Lake,Walleye,Female,425.0,447.0,0.791,Immature,6.0,0.548,2020
2020-09-30,Gull Lake,Lake,Walleye,Male,417.0,442.0,0.9,Mature,6.0,0.491,2020
2020-09-30,Gull Lake,Lake,Walleye,Male,451.0,474.0,0.987,Mature,8.0,0.817,2020
2020-09-30,Gull Lake,Lake,Walleye,Male,382.0,400.0,0.527,Mature,6.0,0.508,2020
2020-09-30,Gull Lake,Lake,Walleye,Female,430.0,455.0,0.774,Immature,7.0,0.651,2020
2020-09-30,Gull Lake,Lake,Walleye,Female,472.0,501.0,0.924,Mature,8.0,0.968,2020
2020-09-30,Gull Lake,Lake,Walleye,Female,427.0,454.0,0.773,Mature,6.0,0.473,2020
2020-09-30,Gull Lake,Lake,Walleye,Male,421.0,444.0,0.817,Mature,7.0,0.748,2020
2020-09-30,Gull Lake,Lake,Walleye,Male,426.0,449.0,0.753,Mature,6.0,0.526,2020
2020-09-30,Gull Lake,Lake,Walleye,Male,362.0,384.0,0.568,Mature,6.0,0.478,2020
2014-10-01,Haig Lake,Lake,Lake Whitefish,Unknown,596.0,,2.165,Unknown,,0.082,2014
2014-10-01,Haig Lake,Lake,Lake Whitefish,Unknown,605.0,,2.275,Unknown,,0.089,2014
2014-10-01,Haig Lake,Lake,Lake Whitefish,Unknown,611.0,,2.19,Unknown,,0.065,2014
2014-10-01,Haig Lake,Lake,Lake Whitefish,Unknown,564.0,,1.865,Unknown,,0.031,2014
2014-10-01,Haig Lake,Lake,Lake Whitefish,Unknown,582.0,,2.27,Unknown,,0.039,2014
2014-10-01,Haig Lake,Lake,Lake Whitefish,Unknown,594.0,,2.055,Unknown,,0.069,2014
2014-10-01,Haig Lake,Lake,Lake Whitefish,Unknown,601.0,,2.145,Unknown,,0.131,2014
2014-10-01,Haig Lake,Lake,Lake Whitefish,Unknown,604.0,,2.215,Unknown,,0.07,2014
2014-10-01,Haig Lake,Lake,Lake Whitefish,Unknown,577.0,,1.905,Unknown,,0.08,2014
2014-10-01,Haig Lake,Lake,Lake Whitefish,Unknown,612.0,,2.605,Unknown,,0.047,2014
2014-10-01,Haig Lake,Lake,Lake Whitefish,Unknown,623.0,,2.54,Unknown,,0.066,2014
2014-10-01,Haig Lake,Lake,Lake Whitefish,Unknown,596.0,,2.075,Unknown,,0.068,2014
2014-10-01,Haig Lake,Lake,Lake Whitefish,Unknown,572.0,,2.09,Unknown,,0.044,2014
2014-10-01,Haig Lake,Lake,Lake Whitefish,Unknown,630.0,,2.72,Unknown,,0.056,2014
2014-10-01,Haig Lake,Lake,Lake Whitefish,Unknown,639.0,,2.7,Unknown,,0.064,2014
2014-10-01,Haig Lake,Lake,Lake Whitefish,Unknown,554.0,,1.555,Unknown,,0.034,2014
2014-10-01,Haig Lake,Lake,Lake Whitefish,Unknown,631.0,,2.59,Unknown,,0.058,2014
2014-10-01,Haig Lake,Lake,Lake Whitefish,Unknown,602.0,,2.52,Unknown,,0.039,2014
2014-10-01,Haig Lake,Lake,Lake Whitefish,Unknown,603.0,,2.42,Unknown,,0.043,2014
2014-10-01,Haig Lake,Lake,Lake Whitefish,Unknown,628.0,,2.88,Unknown,,0.077,2014
2014-10-01,Haig Lake,Lake,Walleye,Unknown,482.0,,1.035,Unknown,,0.115,2014
2014-10-01,Haig Lake,Lake,Walleye,Unknown,595.0,,1.7,Unknown,,0.422,2014
2014-10-01,Haig Lake,Lake,Walleye,Unknown,496.0,,1.055,Unknown,,0.138,2014
2014-10-01,Haig Lake,Lake,Walleye,Unknown,481.0,,0.98,Unknown,,0.096,2014
2014-10-01,Haig Lake,Lake,Walleye,Unknown,470.0,,0.88,Unknown,,0.151,2014
2014-10-01,Haig Lake,Lake,Walleye,Unknown,467.0,,0.895,Unknown,,0.09,2014
2014-10-01,Haig Lake,Lake,Walleye,Unknown,480.0,,0.895,Unknown,,0.113,2014
2014-10-01,Haig Lake,Lake,Walleye,Unknown,453.0,,0.74,Unknown,,0.113,2014
2014-10-01,Haig Lake,Lake,Walleye,Unknown,443.0,,0.765,Unknown,,0.061,2014
2014-10-01,Haig Lake,Lake,Walleye,Unknown,467.0,,0.85,Unknown,,0.117,2014
2014-10-01,Haig Lake,Lake,Walleye,Unknown,437.0,,0.66,Unknown,,0.086,2014
2014-10-01,Haig Lake,Lake,Walleye,Unknown,526.0,,1.27,Unknown,,0.164,2014
2014-10-01,Haig Lake,Lake,Walleye,Unknown,432.0,,0.66,Unknown,,0.076,2014
2014-10-01,Haig Lake,Lake,Walleye,Unknown,430.0,,0.65,Unknown,,0.072,2014
2014-10-01,Haig Lake,Lake,Walleye,Unknown,437.0,,0.725,Unknown,,0.06,2014
2014-10-01,Haig Lake,Lake,Walleye,Unknown,530.0,,1.185,Unknown,,0.27,2014
2014-10-01,Haig Lake,Lake,Walleye,Unknown,465.0,,0.925,Unknown,,0.184,2014
2014-10-01,Haig Lake,Lake,Walleye,Unknown,455.0,,0.815,Unknown,,0.096,2014
2014-10-01,Haig Lake,Lake,Walleye,Unknown,480.0,,0.995,Unknown,,0.086,2014
2014-10-01,Haig Lake,Lake,Walleye,Unknown,472.0,,0.9,Unknown,,0.104,2014
2009-09-15,Hay River,River,Walleye,Unknown,511.0,538.0,1.568,Unknown,,0.452,2009
2009-09-15,Hay River,River,Walleye,Unknown,435.0,460.0,1.135,Unknown,,0.517,2009
2009-09-15,Hay River,River,Walleye,Unknown,493.0,521.0,1.468,Unknown,,0.709,2009
2009-09-15,Hay River,River,Walleye,Unknown,435.0,460.0,0.935,Unknown,,0.747,2009
2011-10-04,Heart Lake,Lake,Lake Whitefish,Male,530.0,585.0,2.22,Mature,,0.025,2011
2011-10-04,Heart Lake,Lake,Lake Whitefish,Male,539.0,600.0,2.471,Mature,,0.016,2011
2011-10-04,Heart Lake,Lake,Lake Whitefish,Female,537.0,593.0,2.529,Mature,,0.039,2011
2011-10-05,Heart Lake,Lake,Lake Whitefish,Male,510.0,569.0,2.211,Mature,,0.019,2011
2011-10-05,Heart Lake,Lake,Lake Whitefish,Female,525.0,579.0,2.559,Mature,9.0,0.025,2011
2011-10-05,Heart Lake,Lake,Lake Whitefish,Female,515.0,567.0,2.129,Mature,,0.013,2011
2011-10-05,Heart Lake,Lake,Lake Whitefish,Male,553.0,618.0,2.478,Mature,,0.015,2011
2011-10-04,Heart Lake,Lake,Northern Pike,Female,845.0,886.0,5.42,Mature,12.0,0.232,2011
2011-10-05,Heart Lake,Lake,Northern Pike,Female,611.0,654.0,1.77,Mature,7.0,0.097,2011
2011-10-05,Heart Lake,Lake,Northern Pike,Female,779.0,822.0,4.525,Mature,8.0,0.169,2011
2011-10-05,Heart Lake,Lake,Northern Pike,Female,753.0,795.0,2.693,Mature,9.0,0.176,2011
2011-10-05,Heart Lake,Lake,Northern Pike,Female,735.0,772.0,3.072,Mature,9.0,0.169,2011
2011-10-05,Heart Lake,Lake,Northern Pike,Female,602.0,638.0,1.507,Mature,7.0,0.128,2011
2011-10-05,Heart Lake,Lake,Northern Pike,Female,880.0,920.0,4.525,Mature,14.0,0.202,2011
2011-10-05,Heart Lake,Lake,Northern Pike,Female,801.0,846.0,3.975,Mature,9.0,0.181,2011
2011-10-05,Heart Lake,Lake,Northern Pike,Female,617.0,655.0,1.492,Mature,6.0,0.192,2011
2011-10-05,Heart Lake,Lake,Northern Pike,Female,616.0,701.0,2.137,Mature,9.0,0.162,2011
2011-10-05,Heart Lake,Lake,Northern Pike,Female,684.0,724.0,2.157,Mature,8.0,0.165,2011
2011-10-05,Heart Lake,Lake,Northern Pike,Male,545.0,576.0,1.157,Mature,4.0,0.06,2011
2011-10-05,Heart Lake,Lake,Northern Pike,Female,632.0,670.0,1.802,Mature,4.0,0.071,2011
2011-10-05,Heart Lake,Lake,Northern Pike,Male,531.0,566.0,1.035,Mature,7.0,0.143,2011
2011-10-04,Heart Lake,Lake,Walleye,Female,670.0,700.0,3.85,Mature,15.0,0.222,2011
2011-10-05,Heart Lake,Lake,Walleye,Female,555.0,588.0,2.166,Mature,8.0,0.095,2011
2011-10-05,Heart Lake,Lake,Walleye,Male,480.0,506.0,1.285,Mature,6.0,0.084,2011
2011-10-05,Heart Lake,Lake,Walleye,Female,559.0,590.0,2.159,Mature,8.0,0.104,2011
2011-10-05,Heart Lake,Lake,Walleye,Male,393.0,416.0,0.704,Mature,3.0,0.044,2011
2011-10-05,Heart Lake,Lake,Walleye,Female,634.0,664.0,3.404,Mature,15.0,0.19,2011
2011-10-05,Heart Lake,Lake,Walleye,Male,500.0,531.0,1.515,Mature,8.0,0.103,2011
2011-10-05,Heart Lake,Lake,Walleye,Male,532.0,561.0,1.949,Mature,8.0,0.102,2011
2011-10-05,Heart Lake,Lake,Walleye,Male,510.0,540.0,1.536,Mature,8.0,0.086,2011
2011-10-05,Heart Lake,Lake,Walleye,Female,535.0,564.0,1.842,Mature,8.0,0.08,2011
2011-10-05,Heart Lake,Lake,Walleye,Male,462.0,494.0,1.315,Mature,8.0,0.095,2011
2011-10-05,Heart Lake,Lake,Walleye,Male,495.0,521.0,1.51,Mature,8.0,0.112,2011
2011-10-05,Heart Lake,Lake,Walleye,Female,561.0,593.0,2.06,Mature,8.0,0.084,2011
2011-10-05,Heart Lake,Lake,Walleye,Female,390.0,412.0,0.615,Mature,3.0,0.05,2011
2011-10-05,Heart Lake,Lake,Walleye,Female,543.0,568.0,1.844,Mature,6.0,0.087,2011
2011-10-05,Heart Lake,Lake,Walleye,Female,597.0,625.0,2.93,Mature,8.0,0.078,2011
2011-10-05,Heart Lake,Lake,Walleye,Male,575.0,608.0,2.426,Mature,20.0,0.321,2011
2012-10-03,Hilda Lake,Lake,Northern Pike,Male,511.0,551.0,0.9,Mature,5.0,0.412,2012
2012-10-03,Hilda Lake,Lake,Northern Pike,Male,500.0,532.0,0.8,Mature,4.0,0.648,2012
2012-10-03,Hilda Lake,Lake,Northern Pike,Female,474.0,502.0,0.675,Mature,3.0,0.351,2012
2012-10-03,Hilda Lake,Lake,Northern Pike,Male,454.0,483.0,0.625,Mature,3.0,0.33,2012
2012-10-03,Hilda Lake,Lake,Northern Pike,Female,568.0,611.0,1.15,Mature,7.0,0.564,2012
2012-10-03,Hilda Lake,Lake,Northern Pike,Male,478.0,520.0,0.75,Mature,3.0,0.307,2012
2012-10-03,Hilda Lake,Lake,Northern Pike,Female,484.0,519.0,0.925,Mature,4.0,0.314,2012
2012-10-03,Hilda Lake,Lake,Northern Pike,Female,744.0,787.0,3.2,Mature,11.0,0.78,2012
2017-09-19,Hilda Lake,Lake,Northern Pike,Female,870.0,922.0,4.445,Mature,11.0,2.552,2017
2017-09-20,Hilda Lake,Lake,Northern Pike,Male,590.0,630.0,1.306,Mature,7.0,0.699,2017
2017-09-20,Hilda Lake,Lake,Northern Pike,Female,554.0,592.0,1.182,Mature,5.0,0.325,2017
2017-09-20,Hilda Lake,Lake,Northern Pike,Male,505.0,538.0,0.828,Mature,4.0,0.569,2017
2017-09-20,Hilda Lake,Lake,Northern Pike,Female,616.0,657.0,1.462,Mature,5.0,0.592,2017
2012-10-03,Hilda Lake,Lake,Walleye,Female,423.0,449.0,0.775,Mature,7.0,0.573,2012
2012-10-03,Hilda Lake,Lake,Walleye,Female,416.0,440.0,0.7,Mature,6.0,0.419,2012
2012-10-03,Hilda Lake,Lake,Walleye,Female,,488.0,1.0,Mature,,0.825,2012
2012-10-03,Hilda Lake,Lake,Walleye,Male,410.0,437.0,0.725,Mature,8.0,0.621,2012
2012-10-03,Hilda Lake,Lake,Walleye,Female,449.0,477.0,0.9,Mature,13.0,0.804,2012
2012-10-03,Hilda Lake,Lake,Walleye,Male,418.0,442.0,0.7,Mature,14.0,0.812,2012
2012-10-03,Hilda Lake,Lake,Walleye,Female,471.0,502.0,0.95,Mature,13.0,0.71,2012
2012-10-03,Hilda Lake,Lake,Walleye,Female,403.0,425.0,0.65,Mature,6.0,0.337,2012
2012-10-03,Hilda Lake,Lake,Walleye,Male,397.0,425.0,0.65,Mature,7.0,0.555,2012
2012-10-03,Hilda Lake,Lake,Walleye,Female,432.0,458.0,0.825,Mature,7.0,0.442,2012
2012-10-03,Hilda Lake,Lake,Walleye,Female,479.0,506.0,0.95,Mature,14.0,0.776,2012
2012-10-03,Hilda Lake,Lake,Walleye,Female,473.0,496.0,0.875,Mature,14.0,0.853,2012
2012-10-03,Hilda Lake,Lake,Walleye,Female,450.0,479.0,0.86,Mature,13.0,0.737,2012
2012-10-03,Hilda Lake,Lake,Walleye,Female,425.0,454.0,0.825,Mature,11.0,0.551,2012
2012-10-03,Hilda Lake,Lake,Walleye,Male,409.0,433.0,0.69,Mature,12.0,0.672,2012
2012-10-03,Hilda Lake,Lake,Walleye,Female,,488.0,1.0,Mature,,0.735,2012
2012-10-03,Hilda Lake,Lake,Walleye,Female,440.0,466.0,0.9,Mature,13.0,0.64,2012
2012-10-03,Hilda Lake,Lake,Walleye,Female,463.0,491.0,1.025,Mature,13.0,0.63,2012
2012-10-03,Hilda Lake,Lake,Walleye,Female,471.0,502.0,0.999,Mature,14.0,0.975,2012
2017-09-19,Hilda Lake,Lake,Walleye,Female,434.0,462.0,0.865,Mature,9.0,0.541,2017
2017-09-19,Hilda Lake,Lake,Walleye,Female,432.0,459.0,0.79,Immature,9.0,0.523,2017
2017-09-19,Hilda Lake,Lake,Walleye,Female,460.0,481.0,1.02,Mature,12.0,0.808,2017
2017-09-19,Hilda Lake,Lake,Walleye,Female,446.0,471.0,0.88,Mature,9.0,0.674,2017
2017-09-19,Hilda Lake,Lake,Walleye,Female,454.0,482.0,1.005,Mature,8.0,0.51,2017
2017-09-19,Hilda Lake,Lake,Walleye,Female,480.0,509.0,1.035,Mature,13.0,0.82,2017
2011-09-08,Hutch Lake,Reservoir,Walleye,Female,506.0,530.0,1.985,Mature,4.0,0.12,2011
2011-09-08,Hutch Lake,Reservoir,Walleye,Female,525.0,546.0,2.15,Mature,4.0,0.121,2011
2011-09-08,Hutch Lake,Reservoir,Walleye,Male,495.0,516.0,1.805,Mature,4.0,0.115,2011
2011-09-08,Hutch Lake,Reservoir,Walleye,Unknown,513.0,535.0,1.95,Immature,,0.097,2011
2011-09-08,Hutch Lake,Reservoir,Walleye,Male,492.0,515.0,1.755,Mature,4.0,0.113,2011
2011-09-08,Hutch Lake,Reservoir,Walleye,Female,525.0,552.0,2.14,Mature,4.0,0.094,2011
2011-09-08,Hutch Lake,Reservoir,Walleye,Male,485.0,509.0,1.665,Mature,4.0,0.103,2011
2011-09-08,Hutch Lake,Reservoir,Walleye,Female,538.0,565.0,2.275,Mature,4.0,0.101,2011
2011-09-08,Hutch Lake,Reservoir,Walleye,Female,525.0,550.0,2.21,Mature,4.0,0.106,2011
2011-09-08,Hutch Lake,Reservoir,Walleye,Male,505.0,528.0,1.995,Mature,4.0,0.119,2011
2020-09-10,Iosegun Lake,Lake,Walleye,Female,475.0,505.0,1.35,Mature,14.0,0.737,2020
2020-09-10,Iosegun Lake,Lake,Walleye,Female,507.0,535.0,0.98,Mature,16.0,1.088,2020
2020-09-10,Iosegun Lake,Lake,Walleye,Male,394.0,425.0,0.785,Mature,13.0,0.699,2020
2020-09-10,Iosegun Lake,Lake,Walleye,Female,421.0,450.0,0.925,Mature,8.0,0.657,2020
2020-09-10,Iosegun Lake,Lake,Walleye,Female,486.0,521.0,1.335,Mature,15.0,0.909,2020
2020-09-10,Iosegun Lake,Lake,Walleye,Female,425.0,452.0,0.85,Mature,9.0,0.297,2020
2020-09-10,Iosegun Lake,Lake,Walleye,Female,483.0,513.0,1.13,Mature,17.0,1.277,2020
2020-09-10,Iosegun Lake,Lake,Walleye,Female,425.0,453.0,1.005,Mature,14.0,0.66,2020
2020-09-10,Iosegun Lake,Lake,Walleye,Male,430.0,455.0,0.895,Mature,16.0,0.385,2020
2020-09-10,Iosegun Lake,Lake,Walleye,Female,440.0,470.0,0.925,Mature,14.0,0.504,2020
2020-09-10,Iosegun Lake,Lake,Walleye,Female,414.0,454.0,1.05,Mature,,0.536,2020
2020-09-10,Iosegun Lake,Lake,Walleye,Female,430.0,453.0,0.875,Mature,14.0,0.499,2020
2020-09-10,Iosegun Lake,Lake,Walleye,Female,452.0,481.0,1.025,Mature,8.0,0.462,2020
2020-09-10,Iosegun Lake,Lake,Walleye,Female,422.0,448.0,0.82,Mature,6.0,0.381,2020
2020-09-10,Iosegun Lake,Lake,Walleye,Male,430.0,464.0,0.995,Mature,14.0,0.677,2020
2020-09-10,Iosegun Lake,Lake,Walleye,Male,399.0,424.0,0.735,Mature,14.0,0.431,2020
2019-10-02,Ironwood Lake,Lake,Burbot,Male,,505.0,1.138,Mature,,0.104,2019
2019-10-01,Ironwood Lake,Lake,Northern Pike,Female,665.0,703.0,1.883,Mature,,1.178,2019
2019-10-01,Ironwood Lake,Lake,Northern Pike,Female,580.0,619.0,1.337,Mature,,0.527,2019
2019-10-02,Ironwood Lake,Lake,Northern Pike,Female,586.0,625.0,1.433,Mature,,0.608,2019
2019-10-02,Ironwood Lake,Lake,Northern Pike,Female,570.0,605.0,1.502,Mature,,0.461,2019
2019-10-02,Ironwood Lake,Lake,Northern Pike,Female,515.0,550.0,1.065,Mature,,0.654,2019
2019-10-02,Ironwood Lake,Lake,Northern Pike,Female,553.0,587.0,1.133,Mature,,0.668,2019
2019-10-01,Ironwood Lake,Lake,Walleye,Female,470.0,499.0,1.071,Mature,,0.968,2019
2019-10-01,Ironwood Lake,Lake,Walleye,Male,415.0,443.0,0.655,Mature,,0.856,2019
2019-10-01,Ironwood Lake,Lake,Walleye,Male,427.0,456.0,0.763,Mature,,0.88,2019
2019-10-01,Ironwood Lake,Lake,Walleye,Male,405.0,434.0,0.642,Mature,,1.051,2019
2019-10-02,Ironwood Lake,Lake,Walleye,Male,437.0,467.0,0.72,Mature,,1.216,2019
2019-10-02,Ironwood Lake,Lake,Walleye,Female,495.0,526.0,1.176,Mature,,0.952,2019
2019-10-02,Ironwood Lake,Lake,Walleye,Male,433.0,459.0,0.76,Mature,,1.083,2019
2019-10-02,Ironwood Lake,Lake,Walleye,Female,470.0,502.0,1.019,Mature,,1.716,2019
2009-09-30,Isle Lake (Lake Isle),Lake,Northern Pike,Female,585.0,625.0,1.47,Mature,6.0,0.166,2009
2009-09-30,Isle Lake (Lake Isle),Lake,Northern Pike,Female,534.0,570.0,1.15,Mature,3.0,0.17,2009
2009-09-30,Isle Lake (Lake Isle),Lake,Northern Pike,Female,545.0,580.0,1.22,Mature,4.0,0.102,2009
2009-09-30,Isle Lake (Lake Isle),Lake,Northern Pike,Male,472.0,507.0,0.8,Mature,3.0,0.092,2009
2009-09-30,Isle Lake (Lake Isle),Lake,Northern Pike,Female,540.0,570.0,1.17,Mature,4.0,0.097,2009
2009-09-30,Isle Lake (Lake Isle),Lake,Northern Pike,Female,588.0,621.0,1.48,Mature,5.0,0.216,2009
2009-09-30,Isle Lake (Lake Isle),Lake,Northern Pike,Unknown,519.0,553.0,0.99,Mature,5.0,0.207,2009
2009-09-30,Isle Lake (Lake Isle),Lake,Northern Pike,Female,511.0,545.0,1.0,Mature,3.0,0.082,2009
2009-09-30,Isle Lake (Lake Isle),Lake,Northern Pike,Female,570.0,609.0,1.39,Mature,5.0,0.142,2009
2009-09-30,Isle Lake (Lake Isle),Lake,Northern Pike,Female,519.0,553.0,1.12,Mature,3.0,0.063,2009
2009-09-30,Isle Lake (Lake Isle),Lake,Northern Pike,Male,532.0,563.0,1.2,Mature,6.0,0.138,2009
2009-09-30,Isle Lake (Lake Isle),Lake,Northern Pike,Male,512.0,545.0,1.08,Mature,4.0,0.136,2009
2009-09-30,Isle Lake (Lake Isle),Lake,Northern Pike,Female,602.0,641.0,1.58,Mature,7.0,0.132,2009
2009-09-30,Isle Lake (Lake Isle),Lake,Northern Pike,Male,503.0,535.0,0.86,Mature,4.0,0.21,2009
2009-09-30,Isle Lake (Lake Isle),Lake,Northern Pike,Female,520.0,553.0,1.12,Mature,3.0,0.08,2009
2009-09-30,Isle Lake (Lake Isle),Lake,Northern Pike,Male,550.0,587.0,1.24,Mature,5.0,0.124,2009
2009-09-30,Isle Lake (Lake Isle),Lake,Northern Pike,Female,485.0,515.0,0.8,Mature,3.0,0.044,2009
2009-09-30,Isle Lake (Lake Isle),Lake,Northern Pike,Male,440.0,465.0,0.64,Mature,2.0,0.062,2009
2009-09-30,Isle Lake (Lake Isle),Lake,Northern Pike,Female,515.0,545.0,1.11,Mature,5.0,0.087,2009
2009-09-30,Isle Lake (Lake Isle),Lake,Northern Pike,Female,544.0,580.0,1.29,Mature,5.0,0.095,2009
2012-08-17,Isle Lake (Lake Isle),Lake,Northern Pike,Male,,431.0,0.56,Unknown,,0.079,2012
2012-08-17,Isle Lake (Lake Isle),Lake,Northern Pike,Female,,460.0,0.7,Unknown,,0.064,2012
2012-08-17,Isle Lake (Lake Isle),Lake,Northern Pike,Female,,478.0,0.74,Unknown,,0.064,2012
2012-08-17,Isle Lake (Lake Isle),Lake,Northern Pike,Female,,512.0,0.96,Unknown,,0.062,2012
2012-08-17,Isle Lake (Lake Isle),Lake,Northern Pike,Male,,469.0,0.66,Unknown,,0.094,2012
2012-08-17,Isle Lake (Lake Isle),Lake,Northern Pike,Male,,522.0,0.93,Unknown,,0.063,2012
2012-08-17,Isle Lake (Lake Isle),Lake,Northern Pike,Female,,473.0,0.74,Unknown,,0.071,2012
2012-08-17,Isle Lake (Lake Isle),Lake,Northern Pike,Female,,507.0,0.82,Unknown,,0.068,2012
2012-08-17,Isle Lake (Lake Isle),Lake,Northern Pike,Male,,504.0,0.99,Unknown,,0.065,2012
2012-08-17,Isle Lake (Lake Isle),Lake,Northern Pike,Female,,502.0,0.96,Unknown,,0.076,2012
2012-08-17,Isle Lake (Lake Isle),Lake,Northern Pike,Male,,527.0,1.07,Unknown,,0.077,2012
2012-08-17,Isle Lake (Lake Isle),Lake,Northern Pike,Female,,450.0,0.63,Unknown,,0.087,2012
2018-09-18,Isle Lake (Lake Isle),Lake,Northern Pike,Female,563.0,,1.415,Mature,6.0,0.135,2018
2018-09-18,Isle Lake (Lake Isle),Lake,Northern Pike,Female,526.0,,1.132,Mature,4.0,0.105,2018
2018-09-18,Isle Lake (Lake Isle),Lake,Northern Pike,Female,509.0,,0.951,Mature,3.0,0.104,2018
2018-09-18,Isle Lake (Lake Isle),Lake,Northern Pike,Female,596.0,,1.766,Mature,4.0,0.117,2018
2018-09-18,Isle Lake (Lake Isle),Lake,Northern Pike,Female,780.0,,3.75,Mature,8.0,0.25,2018
2018-09-18,Isle Lake (Lake Isle),Lake,Northern Pike,Female,424.0,,0.537,Mature,3.0,0.011,2018
2018-09-18,Isle Lake (Lake Isle),Lake,Northern Pike,Female,780.0,,3.018,Mature,8.0,0.195,2018
2018-09-18,Isle Lake (Lake Isle),Lake,Northern Pike,Female,820.0,,4.303,Mature,7.0,0.184,2018
2018-09-18,Isle Lake (Lake Isle),Lake,Northern Pike,Female,863.0,,6.25,Mature,9.0,0.182,2018
2018-09-18,Isle Lake (Lake Isle),Lake,Northern Pike,Female,814.0,,5.49,Mature,7.0,0.314,2018
2018-09-18,Isle Lake (Lake Isle),Lake,Northern Pike,Female,745.0,,2.956,Mature,6.0,0.233,2018
2018-09-18,Isle Lake (Lake Isle),Lake,Northern Pike,Female,766.0,,2.498,Mature,6.0,0.249,2018
2018-09-18,Isle Lake (Lake Isle),Lake,Northern Pike,Female,830.0,,4.439,Mature,7.0,0.204,2018
2018-09-18,Isle Lake (Lake Isle),Lake,Northern Pike,Female,909.0,,5.95,Mature,7.0,0.219,2018
2018-09-18,Isle Lake (Lake Isle),Lake,Northern Pike,Female,760.0,,3.236,Mature,6.0,0.2,2018
2018-09-18,Isle Lake (Lake Isle),Lake,Northern Pike,Female,768.0,,2.769,Mature,6.0,0.192,2018
2018-09-19,Isle Lake (Lake Isle),Lake,Northern Pike,Female,460.0,,0.69,Mature,3.0,0.073,2018
2018-09-19,Isle Lake (Lake Isle),Lake,Northern Pike,Female,771.0,,3.524,Mature,7.0,0.209,2018
2018-09-19,Isle Lake (Lake Isle),Lake,Northern Pike,Female,814.0,,4.239,Mature,7.0,0.222,2018
2018-09-19,Isle Lake (Lake Isle),Lake,Northern Pike,Female,705.0,,2.16,Mature,6.0,0.236,2018
2018-09-19,Isle Lake (Lake Isle),Lake,Northern Pike,Male,405.0,,0.515,Mature,3.0,0.126,2018
2009-09-30,Isle Lake (Lake Isle),Lake,Walleye,Male,470.0,500.0,1.21,Mature,12.0,0.239,2009
2009-09-30,Isle Lake (Lake Isle),Lake,Walleye,Male,495.0,527.0,1.28,Mature,12.0,0.213,2009
2009-09-30,Isle Lake (Lake Isle),Lake,Walleye,Female,524.0,555.0,1.55,Mature,12.0,0.289,2009
2009-09-30,Isle Lake (Lake Isle),Lake,Walleye,Male,390.0,415.0,0.73,Mature,4.0,0.087,2009
2009-09-30,Isle Lake (Lake Isle),Lake,Walleye,Female,472.0,501.0,1.21,Mature,6.0,0.159,2009
2009-09-30,Isle Lake (Lake Isle),Lake,Walleye,Female,508.0,535.0,1.5,Mature,8.0,0.207,2009
2009-09-30,Isle Lake (Lake Isle),Lake,Walleye,Male,398.0,421.0,0.78,Mature,4.0,0.066,2009
2009-09-30,Isle Lake (Lake Isle),Lake,Walleye,Male,465.0,487.0,1.38,Mature,12.0,0.217,2009
2009-09-30,Isle Lake (Lake Isle),Lake,Walleye,Female,524.0,553.0,1.51,Mature,12.0,0.356,2009
2009-09-30,Isle Lake (Lake Isle),Lake,Walleye,Female,494.0,527.0,1.531,Mature,12.0,0.244,2009
2009-09-30,Isle Lake (Lake Isle),Lake,Walleye,Female,417.0,444.0,0.87,Immature,4.0,0.095,2009
2009-09-30,Isle Lake (Lake Isle),Lake,Walleye,Male,488.0,515.0,1.39,Mature,12.0,0.226,2009
2009-09-30,Isle Lake (Lake Isle),Lake,Walleye,Female,520.0,546.0,1.67,Mature,12.0,0.286,2009
2009-09-30,Isle Lake (Lake Isle),Lake,Walleye,Male,472.0,506.0,1.19,Mature,12.0,0.21,2009
2009-09-30,Isle Lake (Lake Isle),Lake,Walleye,Male,455.0,483.0,0.95,Mature,13.0,0.283,2009
2009-09-30,Isle Lake (Lake Isle),Lake,Walleye,Female,546.0,574.0,1.78,Mature,12.0,0.373,2009
2009-09-30,Isle Lake (Lake Isle),Lake,Walleye,Male,426.0,454.0,1.01,Mature,6.0,0.076,2009
2009-09-30,Isle Lake (Lake Isle),Lake,Walleye,Male,432.0,460.0,0.98,Mature,6.0,0.141,2009
2009-09-30,Isle Lake (Lake Isle),Lake,Walleye,Male,405.0,432.0,0.76,Mature,4.0,0.066,2009
2009-09-30,Isle Lake (Lake Isle),Lake,Walleye,Male,465.0,495.0,1.13,Mature,12.0,0.194,2009
2009-09-30,Isle Lake (Lake Isle),Lake,Walleye,Female,527.0,555.0,1.766,Mature,12.0,0.28,2009
2018-09-18,Isle Lake (Lake Isle),Lake,Walleye,Female,559.0,,2.249,Mature,20.0,0.211,2018
2018-09-18,Isle Lake (Lake Isle),Lake,Walleye,Female,535.0,,1.92,Mature,20.0,0.41,2018
2021-09-21,Jack Fish Lake,Lake,Northern Pike,Female,675.0,718.0,1.9,Mature,,0.276,2021
2021-09-21,Jack Fish Lake,Lake,Northern Pike,Male,555.0,590.0,1.15,Mature,,0.3,2021
2021-09-21,Jack Fish Lake,Lake,Northern Pike,Female,595.0,629.0,1.36,Mature,,0.187,2021
2021-09-21,Jack Fish Lake,Lake,Northern Pike,Female,644.0,672.0,1.71,Mature,,0.282,2021
2021-09-21,Jack Fish Lake,Lake,Northern Pike,Female,507.0,541.0,0.98,Mature,,0.13,2021
2021-09-21,Jack Fish Lake,Lake,Northern Pike,Male,472.0,497.0,0.81,Mature,,0.123,2021
2021-09-21,Jack Fish Lake,Lake,Northern Pike,Female,723.0,754.0,2.06,Mature,,0.616,2021
2021-09-21,Jack Fish Lake,Lake,Northern Pike,Male,404.0,430.0,0.48,Mature,,0.089,2021
2021-09-21,Jack Fish Lake,Lake,Northern Pike,Female,623.0,662.0,1.91,Mature,,0.217,2021
2021-09-21,Jack Fish Lake,Lake,Northern Pike,Male,537.0,572.0,1.12,Mature,,0.245,2021
2021-09-21,Jack Fish Lake,Lake,Northern Pike,Female,580.0,620.0,1.33,Mature,,0.16,2021
2021-09-21,Jack Fish Lake,Lake,Northern Pike,Female,648.0,690.0,1.37,Mature,,0.439,2021
2021-09-21,Jack Fish Lake,Lake,Northern Pike,Female,663.0,703.0,1.8,Mature,,0.294,2021
2021-09-21,Jack Fish Lake,Lake,Northern Pike,Female,687.0,730.0,2.185,Mature,,0.148,2021
2021-09-21,Jack Fish Lake,Lake,Walleye,Female,551.0,581.0,1.53,Mature,,0.362,2021
2021-09-21,Jack Fish Lake,Lake,Walleye,Male,439.0,462.0,0.85,Mature,,0.322,2021
2021-09-21,Jack Fish Lake,Lake,Walleye,Male,430.0,457.0,0.92,Mature,,0.372,2021
2021-09-21,Jack Fish Lake,Lake,Walleye,Male,391.0,412.0,0.6,Mature,,0.34,2021
2021-09-21,Jack Fish Lake,Lake,Walleye,Female,458.0,481.0,0.99,Mature,,0.347,2021
2021-09-21,Jack Fish Lake,Lake,Walleye,Male,413.0,436.0,0.7,Mature,,0.347,2021
2021-09-21,Jack Fish Lake,Lake,Walleye,Male,439.0,468.0,0.82,Mature,,0.369,2021
2021-09-21,Jack Fish Lake,Lake,Walleye,Female,416.0,438.0,0.79,Mature,,0.323,2021
2021-09-21,Jack Fish Lake,Lake,Walleye,Female,426.0,451.0,0.87,Mature,,0.322,2021
2021-09-21,Jack Fish Lake,Lake,Walleye,Male,411.0,437.0,0.76,Mature,,0.342,2021
2021-09-21,Jack Fish Lake,Lake,Walleye,Male,406.0,431.0,0.83,Mature,,0.308,2021
2021-09-21,Jack Fish Lake,Lake,Walleye,Male,439.0,465.0,0.93,Mature,,0.358,2021
2021-09-21,Jack Fish Lake,Lake,Walleye,Male,425.0,449.0,0.83,Mature,,0.316,2021
2021-09-21,Jack Fish Lake,Lake,Walleye,Female,456.0,479.0,1.0,Mature,,0.258,2021
2021-09-21,Jack Fish Lake,Lake,Walleye,Male,444.0,470.0,0.89,Mature,,0.29,2021
2021-09-21,Jack Fish Lake,Lake,Walleye,Female,440.0,465.0,1.08,Mature,,0.333,2021
2021-09-21,Jack Fish Lake,Lake,Walleye,Female,451.0,472.0,0.99,Mature,,0.194,2021
2021-09-21,Jack Fish Lake,Lake,Walleye,Female,465.0,490.0,1.05,Mature,,0.373,2021
2021-09-21,Jack Fish Lake,Lake,Walleye,Male,390.0,411.0,0.67,Mature,,0.347,2021
2021-09-21,Jack Fish Lake,Lake,Walleye,Female,450.0,476.0,1.01,Mature,,0.338,2021
2021-09-21,Jack Fish Lake,Lake,Walleye,Female,615.0,645.0,2.46,Mature,,0.513,2021
2021-09-21,Jack Fish Lake,Lake,Walleye,Male,520.0,555.0,1.62,Mature,,0.408,2021
2009-09-25,Kehiwin Lake (Kehewin Lake),Lake,Northern Pike,Unknown,622.0,685.0,1.976,Unknown,,0.367,2009
2009-09-25,Kehiwin Lake (Kehewin Lake),Lake,Northern Pike,Unknown,610.0,653.0,1.678,Unknown,,0.201,2009
2009-09-25,Kehiwin Lake (Kehewin Lake),Lake,Northern Pike,Unknown,642.0,690.0,1.718,Unknown,,0.613,2009
2009-09-25,Kehiwin Lake (Kehewin Lake),Lake,Northern Pike,Unknown,700.0,742.0,2.483,Unknown,,0.465,2009
2009-09-25,Kehiwin Lake (Kehewin Lake),Lake,Northern Pike,Unknown,616.0,651.0,1.681,Unknown,,0.454,2009
2009-09-25,Kehiwin Lake (Kehewin Lake),Lake,Northern Pike,Unknown,562.0,595.0,1.242,Unknown,,0.557,2009
2009-09-25,Kehiwin Lake (Kehewin Lake),Lake,Northern Pike,Unknown,615.0,645.0,1.651,Unknown,,0.421,2009
2009-09-25,Kehiwin Lake (Kehewin Lake),Lake,Northern Pike,Unknown,461.0,494.0,0.771,Unknown,,0.092,2009
2009-09-25,Kehiwin Lake (Kehewin Lake),Lake,Northern Pike,Unknown,514.0,550.0,1.186,Unknown,,0.309,2009
2009-09-25,Kehiwin Lake (Kehewin Lake),Lake,Northern Pike,Unknown,655.0,702.0,1.967,Unknown,,0.376,2009
2018-09-11,Kehiwin Lake (Kehewin Lake),Lake,Northern Pike,Female,610.0,651.0,1.85,Mature,4.0,0.359,2018
2018-09-11,Kehiwin Lake (Kehewin Lake),Lake,Northern Pike,Female,751.0,792.0,3.15,Mature,7.0,0.484,2018
2018-09-11,Kehiwin Lake (Kehewin Lake),Lake,Northern Pike,Female,730.0,777.0,3.25,Mature,8.0,0.729,2018
2018-09-11,Kehiwin Lake (Kehewin Lake),Lake,Northern Pike,Male,637.0,674.0,2.04,Mature,6.0,0.446,2018
2018-09-11,Kehiwin Lake (Kehewin Lake),Lake,Northern Pike,Female,676.0,713.0,2.3,Mature,7.0,0.302,2018
2018-09-11,Kehiwin Lake (Kehewin Lake),Lake,Northern Pike,Female,888.0,937.0,4.175,Mature,13.0,1.024,2018
2018-09-12,Kehiwin Lake (Kehewin Lake),Lake,Northern Pike,Female,636.0,676.0,1.85,Mature,6.0,0.686,2018
2018-09-12,Kehiwin Lake (Kehewin Lake),Lake,Northern Pike,Female,695.0,734.0,2.6,Mature,7.0,0.562,2018
2018-09-12,Kehiwin Lake (Kehewin Lake),Lake,Northern Pike,Female,722.0,764.0,2.55,Mature,8.0,0.49,2018
2018-09-12,Kehiwin Lake (Kehewin Lake),Lake,Northern Pike,Female,802.0,841.0,4.2,Mature,7.0,0.47,2018
2018-09-12,Kehiwin Lake (Kehewin Lake),Lake,Northern Pike,Female,708.0,751.0,2.585,Mature,6.0,0.442,2018
2018-09-12,Kehiwin Lake (Kehewin Lake),Lake,Northern Pike,Female,682.0,723.0,2.07,Mature,6.0,0.421,2018
2018-09-12,Kehiwin Lake (Kehewin Lake),Lake,Northern Pike,Female,750.0,795.0,2.985,Mature,8.0,0.96,2018
2009-09-25,Kehiwin Lake (Kehewin Lake),Lake,Walleye,Unknown,348.0,378.0,0.421,Unknown,,0.11,2009
2009-09-25,Kehiwin Lake (Kehewin Lake),Lake,Walleye,Unknown,327.0,345.0,0.372,Unknown,,0.109,2009
2009-09-25,Kehiwin Lake (Kehewin Lake),Lake,Walleye,Unknown,328.0,350.0,0.4,Unknown,,0.115,2009
2009-09-25,Kehiwin Lake (Kehewin Lake),Lake,Walleye,Unknown,323.0,343.0,0.372,Unknown,,0.106,2009
2009-09-25,Kehiwin Lake (Kehewin Lake),Lake,Walleye,Unknown,428.0,453.0,0.94,Unknown,,0.319,2009
2009-09-25,Kehiwin Lake (Kehewin Lake),Lake,Walleye,Unknown,536.0,570.0,1.838,Unknown,,0.419,2009
2009-09-25,Kehiwin Lake (Kehewin Lake),Lake,Walleye,Unknown,540.0,573.0,1.836,Unknown,,0.519,2009
2009-09-25,Kehiwin Lake (Kehewin Lake),Lake,Walleye,Unknown,464.0,493.0,1.001,Unknown,,0.325,2009
2009-09-25,Kehiwin Lake (Kehewin Lake),Lake,Walleye,Unknown,485.0,514.0,1.271,Unknown,,0.63,2009
2009-09-25,Kehiwin Lake (Kehewin Lake),Lake,Walleye,Unknown,449.0,480.0,1.118,Unknown,,0.295,2009
2018-09-11,Kehiwin Lake (Kehewin Lake),Lake,Walleye,Male,544.0,570.0,1.805,Mature,20.0,0.83,2018
2018-09-11,Kehiwin Lake (Kehewin Lake),Lake,Walleye,Male,472.0,507.0,1.285,Mature,5.0,0.443,2018
2018-09-11,Kehiwin Lake (Kehewin Lake),Lake,Walleye,Male,580.0,612.0,2.31,Mature,11.0,0.727,2018
2018-09-11,Kehiwin Lake (Kehewin Lake),Lake,Walleye,Male,512.0,544.0,1.585,Mature,19.0,0.918,2018
2018-09-11,Kehiwin Lake (Kehewin Lake),Lake,Walleye,Female,533.0,562.0,2.02,Mature,5.0,0.379,2018
2018-09-11,Kehiwin Lake (Kehewin Lake),Lake,Walleye,Male,551.0,594.0,2.11,Mature,11.0,0.71,2018
2018-09-11,Kehiwin Lake (Kehewin Lake),Lake,Walleye,Female,639.0,680.0,3.23,Mature,18.0,1.027,2018
2018-09-11,Kehiwin Lake (Kehewin Lake),Lake,Walleye,Male,508.0,542.0,1.74,Mature,15.0,0.558,2018
2018-09-11,Kehiwin Lake (Kehewin Lake),Lake,Walleye,Male,499.0,527.0,1.535,Mature,5.0,0.381,2018
2018-09-11,Kehiwin Lake (Kehewin Lake),Lake,Walleye,Female,650.0,686.0,3.49,Mature,20.0,1.055,2018
2018-09-11,Kehiwin Lake (Kehewin Lake),Lake,Walleye,Female,622.0,653.0,3.1,Mature,19.0,0.809,2018
2018-09-11,Kehiwin Lake (Kehewin Lake),Lake,Walleye,Female,607.0,634.0,2.8,Mature,11.0,0.653,2018
2018-09-11,Kehiwin Lake (Kehewin Lake),Lake,Walleye,Male,512.0,534.0,1.6,Mature,5.0,0.329,2018
2018-09-11,Kehiwin Lake (Kehewin Lake),Lake,Walleye,Female,545.0,584.0,1.94,Mature,5.0,0.351,2018
2018-09-11,Kehiwin Lake (Kehewin Lake),Lake,Walleye,Male,558.0,590.0,1.98,Mature,,0.739,2018
2018-09-11,Kehiwin Lake (Kehewin Lake),Lake,Walleye,Female,596.0,632.0,2.65,Mature,12.0,0.784,2018
2002-09-17,Keho Lake,Lake,Lake Whitefish,Unknown,,485.0,,Unknown,,0.142,2002
2006-09-18,Keho Lake,Lake,Lake Whitefish,Unknown,400.0,462.0,,Unknown,,0.088,2006
2006-09-18,Keho Lake,Lake,Lake Whitefish,Unknown,386.0,437.0,,Unknown,,0.091,2006
2006-09-18,Keho Lake,Lake,Lake Whitefish,Unknown,407.0,465.0,,Unknown,,0.103,2006
2006-09-18,Keho Lake,Lake,Lake Whitefish,Unknown,360.0,406.0,,Unknown,,0.089,2006
2006-09-18,Keho Lake,Lake,Lake Whitefish,Unknown,394.0,449.0,,Unknown,,0.119,2006
2006-09-18,Keho Lake,Lake,Lake Whitefish,Unknown,378.0,432.0,,Unknown,,0.094,2006
2006-09-18,Keho Lake,Lake,Lake Whitefish,Unknown,411.0,467.0,,Unknown,,0.112,2006
2006-09-18,Keho Lake,Lake,Lake Whitefish,Unknown,406.0,461.0,,Unknown,,0.099,2006
2006-09-18,Keho Lake,Lake,Lake Whitefish,Unknown,378.0,420.0,,Unknown,,0.073,2006
2006-09-18,Keho Lake,Lake,Lake Whitefish,Unknown,432.0,485.0,,Unknown,,0.142,2006
2012-08-14,Keho Lake,Lake,Lake Whitefish,Male,191.0,221.0,0.085,Unknown,,0.04,2012
2012-08-14,Keho Lake,Lake,Lake Whitefish,Female,416.0,473.0,1.094,Unknown,,0.128,2012
2012-08-14,Keho Lake,Lake,Lake Whitefish,Male,317.0,363.0,0.45,Unknown,,0.063,2012
2012-08-14,Keho Lake,Lake,Lake Whitefish,Female,241.0,272.0,0.174,Unknown,,0.052,2012
2012-08-14,Keho Lake,Lake,Lake Whitefish,Female,440.0,500.0,1.082,Unknown,,0.141,2012
2012-08-14,Keho Lake,Lake,Lake Whitefish,Female,435.0,499.0,1.05,Unknown,,0.163,2012
2012-08-14,Keho Lake,Lake,Lake Whitefish,Male,401.0,465.0,0.811,Unknown,,0.179,2012
2012-08-14,Keho Lake,Lake,Lake Whitefish,Female,459.0,522.0,1.489,Unknown,,0.133,2012
2012-08-14,Keho Lake,Lake,Lake Whitefish,Female,395.0,453.0,0.821,Unknown,,0.127,2012
2012-08-14,Keho Lake,Lake,Lake Whitefish,Female,477.0,537.0,1.48,Unknown,,0.394,2012
2012-08-14,Keho Lake,Lake,Lake Whitefish,Male,259.0,293.0,0.231,Unknown,,0.051,2012
2012-08-14,Keho Lake,Lake,Lake Whitefish,Female,473.0,526.0,1.329,Unknown,,0.207,2012
2012-08-14,Keho Lake,Lake,Lake Whitefish,Female,412.0,470.0,1.048,Unknown,,0.152,2012
2012-08-14,Keho Lake,Lake,Lake Whitefish,Female,416.0,469.0,1.011,Unknown,,0.061,2012
2012-08-14,Keho Lake,Lake,Lake Whitefish,Female,401.0,454.0,0.95,Unknown,,0.089,2012
2012-09-25,Keho Lake,Lake,Lake Whitefish,Unknown,408.0,465.0,0.898,Unknown,,0.086,2012
2012-09-25,Keho Lake,Lake,Lake Whitefish,Female,407.0,466.0,0.88,Unknown,,0.073,2012
2012-09-25,Keho Lake,Lake,Lake Whitefish,Unknown,440.0,505.0,1.192,Unknown,,0.073,2012
2012-09-25,Keho Lake,Lake,Lake Whitefish,Female,409.0,466.0,1.054,Unknown,,0.094,2012
2012-09-25,Keho Lake,Lake,Lake Whitefish,Female,441.0,507.0,1.161,Unknown,,0.137,2012
2012-09-25,Keho Lake,Lake,Lake Whitefish,Unknown,422.0,485.0,1.046,Unknown,,0.075,2012
2012-09-25,Keho Lake,Lake,Lake Whitefish,Female,411.0,470.0,0.935,Unknown,,0.101,2012
2012-09-25,Keho Lake,Lake,Lake Whitefish,Unknown,405.0,464.0,0.885,Unknown,,0.074,2012
2012-09-25,Keho Lake,Lake,Lake Whitefish,Unknown,377.0,435.0,0.716,Unknown,,0.091,2012
2012-09-25,Keho Lake,Lake,Lake Whitefish,Female,406.0,472.0,0.921,Unknown,,0.099,2012
2012-09-25,Keho Lake,Lake,Lake Whitefish,Unknown,389.0,449.0,0.763,Unknown,,0.113,2012
2012-09-25,Keho Lake,Lake,Lake Whitefish,Unknown,347.0,399.0,0.545,Unknown,,0.047,2012
2012-09-25,Keho Lake,Lake,Lake Whitefish,Female,336.0,384.0,0.532,Unknown,,0.063,2012
2012-09-25,Keho Lake,Lake,Lake Whitefish,Female,424.0,485.0,1.126,Unknown,,0.102,2012
2012-09-25,Keho Lake,Lake,Lake Whitefish,Unknown,405.0,461.0,1.02,Unknown,,0.053,2012
2006-09-18,Keho Lake,Lake,Northern Pike,Male,692.0,737.0,2.612,Mature,7.0,0.263,2006
2006-09-18,Keho Lake,Lake,Northern Pike,Unknown,,,,Unknown,,0.419,2006
2006-09-18,Keho Lake,Lake,Northern Pike,Female,826.0,879.0,4.324,Mature,8.0,0.232,2006
2006-09-18,Keho Lake,Lake,Northern Pike,Female,741.0,780.0,3.354,Mature,7.0,0.138,2006
2006-09-18,Keho Lake,Lake,Northern Pike,Female,775.0,810.0,4.066,Mature,9.0,0.151,2006
2006-09-18,Keho Lake,Lake,Northern Pike,Male,681.0,717.0,2.613,Mature,6.0,0.16,2006
2006-09-18,Keho Lake,Lake,Northern Pike,Female,695.0,735.0,2.538,Mature,6.0,0.298,2006
2006-09-18,Keho Lake,Lake,Northern Pike,Female,771.0,813.0,4.829,Mature,7.0,0.157,2006
2006-09-18,Keho Lake,Lake,Northern Pike,Male,693.0,732.0,2.736,Mature,5.0,0.218,2006
2006-09-18,Keho Lake,Lake,Northern Pike,Unknown,,,,Unknown,,0.232,2006
2006-09-18,Keho Lake,Lake,Northern Pike,Female,814.0,857.0,4.565,Mature,7.0,0.2,2006
2006-09-18,Keho Lake,Lake,Northern Pike,Female,705.0,745.0,2.95,Mature,6.0,0.124,2006
2012-08-14,Keho Lake,Lake,Northern Pike,Male,452.0,482.0,0.647,Unknown,,0.114,2012
2012-08-14,Keho Lake,Lake,Northern Pike,Male,487.0,517.0,1.05,Unknown,,0.126,2012
2012-08-14,Keho Lake,Lake,Northern Pike,Male,474.0,505.0,0.864,Unknown,,0.104,2012
2012-08-14,Keho Lake,Lake,Northern Pike,Male,656.0,696.0,2.582,Unknown,,0.19,2012
2012-08-14,Keho Lake,Lake,Northern Pike,Male,577.0,608.0,1.161,Unknown,,0.259,2012
2012-08-14,Keho Lake,Lake,Northern Pike,Female,511.0,543.0,1.029,Unknown,,0.126,2012
2012-08-14,Keho Lake,Lake,Northern Pike,Female,756.0,801.0,3.632,Unknown,,0.168,2012
2012-08-14,Keho Lake,Lake,Northern Pike,Female,598.0,632.0,1.424,Unknown,,0.17,2012
2012-08-14,Keho Lake,Lake,Northern Pike,Female,565.0,600.0,1.365,Unknown,,0.114,2012
2012-08-14,Keho Lake,Lake,Northern Pike,Female,655.0,692.0,2.207,Unknown,,0.178,2012
2012-08-14,Keho Lake,Lake,Northern Pike,Male,495.0,526.0,1.065,Unknown,,0.105,2012
2012-08-14,Keho Lake,Lake,Northern Pike,Female,470.0,498.0,0.752,Unknown,,0.117,2012
2012-08-14,Keho Lake,Lake,Northern Pike,Female,618.0,657.0,1.838,Unknown,,0.107,2012
2012-08-14,Keho Lake,Lake,Northern Pike,Male,576.0,613.0,1.654,Unknown,,0.091,2012
2012-08-14,Keho Lake,Lake,Northern Pike,Male,531.0,564.0,1.327,Unknown,,0.105,2012
2012-09-25,Keho Lake,Lake,Northern Pike,Female,861.0,930.0,5.006,Unknown,,0.197,2012
2012-09-25,Keho Lake,Lake,Northern Pike,Female,696.0,739.0,2.701,Unknown,,0.134,2012
2012-09-25,Keho Lake,Lake,Northern Pike,Female,712.0,754.0,3.168,Unknown,,0.159,2012
2012-09-25,Keho Lake,Lake,Northern Pike,Male,626.0,670.0,1.859,Unknown,,0.134,2012
2012-09-25,Keho Lake,Lake,Northern Pike,Male,629.0,669.0,1.942,Unknown,,0.118,2012
2012-09-25,Keho Lake,Lake,Northern Pike,Male,597.0,630.0,1.729,Unknown,,0.145,2012
2012-09-25,Keho Lake,Lake,Northern Pike,Unknown,618.0,656.0,1.685,Unknown,,0.217,2012
2012-09-25,Keho Lake,Lake,Northern Pike,Unknown,552.0,584.0,1.431,Unknown,,0.108,2012
2012-09-25,Keho Lake,Lake,Northern Pike,Male,620.0,663.0,1.954,Unknown,,0.211,2012
2012-09-25,Keho Lake,Lake,Northern Pike,Unknown,553.0,590.0,1.316,Unknown,,0.096,2012
2012-09-25,Keho Lake,Lake,Northern Pike,Male,576.0,611.0,1.366,Unknown,,0.136,2012
2012-09-25,Keho Lake,Lake,Northern Pike,Female,578.0,612.0,1.557,Unknown,,0.133,2012
2012-09-25,Keho Lake,Lake,Northern Pike,Male,540.0,574.0,1.196,Unknown,,0.114,2012
2012-09-25,Keho Lake,Lake,Northern Pike,Male,592.0,633.0,1.546,Unknown,,0.136,2012
2012-09-25,Keho Lake,Lake,Northern Pike,Male,554.0,586.0,1.366,Unknown,,0.111,2012
2006-09-18,Keho Lake,Lake,Walleye,Female,596.0,630.0,2.749,Mature,5.0,0.254,2006
2006-09-18,Keho Lake,Lake,Walleye,Female,598.0,632.0,3.164,Mature,8.0,0.422,2006
2006-09-18,Keho Lake,Lake,Walleye,Female,622.0,657.0,4.096,Mature,9.0,0.473,2006
2006-09-18,Keho Lake,Lake,Walleye,Female,600.0,627.0,2.652,Mature,5.0,0.208,2006
2006-09-18,Keho Lake,Lake,Walleye,Female,523.0,549.0,1.873,Immature,4.0,0.208,2006
2006-09-18,Keho Lake,Lake,Walleye,Male,491.0,512.0,1.647,Mature,4.0,0.215,2006
2006-09-18,Keho Lake,Lake,Walleye,Male,482.0,507.0,1.552,Mature,,0.198,2006
2006-09-18,Keho Lake,Lake,Walleye,Female,504.0,530.0,1.855,Immature,4.0,0.177,2006
2006-09-18,Keho Lake,Lake,Walleye,Male,602.0,632.0,3.02,Mature,6.0,0.272,2006
2006-09-18,Keho Lake,Lake,Walleye,Male,505.0,534.0,1.624,Mature,5.0,0.239,2006
2012-08-14,Keho Lake,Lake,Walleye,Female,486.0,512.0,1.579,Unknown,,0.204,2012
2012-08-14,Keho Lake,Lake,Walleye,Male,420.0,443.0,0.959,Unknown,,0.141,2012
2012-08-14,Keho Lake,Lake,Walleye,Male,481.0,507.0,1.556,Unknown,,0.177,2012
2012-08-14,Keho Lake,Lake,Walleye,Male,431.0,436.0,1.106,Unknown,,0.136,2012
2012-08-14,Keho Lake,Lake,Walleye,Male,411.0,435.0,0.871,Unknown,,0.138,2012
2012-08-14,Keho Lake,Lake,Walleye,Male,615.0,644.0,3.254,Unknown,,0.21,2012
2012-08-14,Keho Lake,Lake,Walleye,Female,604.0,634.0,2.953,Unknown,,0.282,2012
2012-08-14,Keho Lake,Lake,Walleye,Female,557.0,585.0,2.432,Unknown,,0.259,2012
2012-08-14,Keho Lake,Lake,Walleye,Male,420.0,444.0,0.96,Unknown,,0.164,2012
2012-09-25,Keho Lake,Lake,Walleye,Female,503.0,553.0,1.553,Unknown,,0.213,2012
2012-09-25,Keho Lake,Lake,Walleye,Unknown,444.0,467.0,1.162,Unknown,,0.175,2012
2012-09-25,Keho Lake,Lake,Walleye,Unknown,448.0,472.0,1.145,Unknown,,0.188,2012
2012-09-25,Keho Lake,Lake,Walleye,Female,700.0,735.0,4.066,Unknown,,0.477,2012
2012-09-25,Keho Lake,Lake,Walleye,Female,611.0,637.0,3.392,Unknown,,0.31,2012
2012-09-25,Keho Lake,Lake,Walleye,Female,581.0,608.0,2.739,Unknown,,0.275,2012
2012-09-25,Keho Lake,Lake,Walleye,Male,442.0,470.0,1.144,Unknown,,0.18,2012
2012-09-25,Keho Lake,Lake,Walleye,Male,592.0,619.0,3.269,Unknown,,0.591,2012
2012-09-25,Keho Lake,Lake,Walleye,Unknown,503.0,531.0,1.71,Unknown,,0.22,2012
2012-09-25,Keho Lake,Lake,Walleye,Male,452.0,478.0,1.093,Unknown,,0.161,2012
2012-09-25,Keho Lake,Lake,Walleye,Unknown,436.0,464.0,1.071,Unknown,,0.176,2012
2012-09-25,Keho Lake,Lake,Walleye,Male,484.0,513.0,1.536,Unknown,,0.174,2012
2012-09-25,Keho Lake,Lake,Walleye,Unknown,448.0,474.0,1.21,Unknown,,0.168,2012
2012-09-25,Keho Lake,Lake,Walleye,Male,520.0,551.0,1.927,Unknown,,0.247,2012
2012-09-25,Keho Lake,Lake,Walleye,Male,420.0,442.0,0.982,Unknown,,0.159,2012
2010-09-17,Kinnaird Lake,Lake,Northern Pike,Male,450.0,480.0,0.63,Mature,4.0,0.356,2010
2010-09-17,Kinnaird Lake,Lake,Northern Pike,Female,560.0,592.0,1.091,Mature,5.0,0.458,2010
2010-09-17,Kinnaird Lake,Lake,Northern Pike,Female,511.0,546.0,0.976,Mature,4.0,0.247,2010
2010-09-17,Kinnaird Lake,Lake,Northern Pike,Female,505.0,532.0,0.821,Mature,5.0,0.287,2010
2010-09-17,Kinnaird Lake,Lake,Northern Pike,Female,522.0,568.0,0.97,Mature,4.0,0.439,2010
2010-09-17,Kinnaird Lake,Lake,Northern Pike,Female,484.0,518.0,0.808,Mature,5.0,0.338,2010
2010-09-17,Kinnaird Lake,Lake,Northern Pike,Male,498.0,525.0,0.912,Mature,5.0,0.295,2010
2010-09-17,Kinnaird Lake,Lake,Northern Pike,Female,435.0,462.0,0.564,Mature,4.0,0.158,2010
2010-09-17,Kinnaird Lake,Lake,Northern Pike,Female,857.0,900.0,5.528,Mature,12.0,0.734,2010
2010-09-17,Kinnaird Lake,Lake,Northern Pike,Female,662.0,702.0,1.975,Mature,8.0,0.707,2010
2010-09-17,Kinnaird Lake,Lake,Northern Pike,Female,813.0,892.0,4.05,Mature,12.0,0.772,2010
2010-09-17,Kinnaird Lake,Lake,Walleye,Female,502.0,531.0,1.551,Mature,13.0,0.848,2010
2010-09-17,Kinnaird Lake,Lake,Walleye,Male,420.0,450.0,0.772,Mature,9.0,0.693,2010
2010-09-17,Kinnaird Lake,Lake,Walleye,Female,432.0,462.0,0.853,Mature,6.0,0.375,2010
2010-09-17,Kinnaird Lake,Lake,Walleye,Female,325.0,347.0,0.37,Immature,4.0,0.21,2010
2010-09-17,Kinnaird Lake,Lake,Walleye,Male,434.0,465.0,0.862,Mature,13.0,0.622,2010
2010-09-17,Kinnaird Lake,Lake,Walleye,Female,457.0,492.0,1.049,Mature,11.0,0.781,2010
2010-09-17,Kinnaird Lake,Lake,Walleye,Female,547.0,577.0,1.817,Mature,13.0,1.014,2010
2010-09-17,Kinnaird Lake,Lake,Walleye,Male,485.0,513.0,1.435,Mature,13.0,0.84,2010
2010-09-17,Kinnaird Lake,Lake,Walleye,Male,505.0,535.0,1.463,Mature,13.0,0.775,2010
2010-09-17,Kinnaird Lake,Lake,Walleye,Female,493.0,528.0,1.429,Mature,10.0,0.5,2010
2011-09-23,Kirby Lake (Sterner Lake),Lake,Lake Whitefish,Female,385.0,439.0,0.756,Mature,,0.011,2011
2011-09-23,Kirby Lake (Sterner Lake),Lake,Lake Whitefish,Male,542.0,610.0,2.532,Mature,,0.023,2011
2011-09-23,Kirby Lake (Sterner Lake),Lake,Lake Whitefish,Female,535.0,600.0,2.115,Mature,,0.034,2011
2011-09-23,Kirby Lake (Sterner Lake),Lake,Lake Whitefish,Female,390.0,445.0,0.698,Immature,,0.007,2011
2011-09-23,Kirby Lake (Sterner Lake),Lake,Lake Whitefish,Female,370.0,422.0,0.631,Immature,,0.009,2011
2011-09-23,Kirby Lake (Sterner Lake),Lake,Lake Whitefish,Male,481.0,542.0,1.463,Mature,,0.017,2011
2011-09-23,Kirby Lake (Sterner Lake),Lake,Lake Whitefish,Male,499.0,561.0,1.736,Mature,,0.026,2011
2011-09-23,Kirby Lake (Sterner Lake),Lake,Lake Whitefish,Female,493.0,550.0,1.694,Mature,,0.025,2011
2011-09-23,Kirby Lake (Sterner Lake),Lake,Lake Whitefish,Female,480.0,535.0,1.474,Mature,,0.043,2011
2011-09-23,Kirby Lake (Sterner Lake),Lake,Lake Whitefish,Male,515.0,579.0,1.991,Mature,,0.013,2011
2011-09-23,Kirby Lake (Sterner Lake),Lake,Lake Whitefish,Male,478.0,546.0,1.467,Mature,,0.041,2011
2011-09-23,Kirby Lake (Sterner Lake),Lake,Lake Whitefish,Male,500.0,561.0,1.849,Mature,,0.022,2011
2011-09-23,Kirby Lake (Sterner Lake),Lake,Lake Whitefish,Male,531.0,601.0,1.943,Mature,,0.02,2011
2011-09-23,Kirby Lake (Sterner Lake),Lake,Lake Whitefish,Male,464.0,527.0,1.367,Mature,,0.013,2011
2011-09-23,Kirby Lake (Sterner Lake),Lake,Lake Whitefish,Female,395.0,450.0,0.807,Immature,,0.016,2011
2011-09-23,Kirby Lake (Sterner Lake),Lake,Lake Whitefish,Male,510.0,591.0,2.063,Mature,,0.015,2011
2011-09-23,Kirby Lake (Sterner Lake),Lake,Lake Whitefish,Male,532.0,600.0,2.063,Unknown,,0.014,2011
2011-09-23,Kirby Lake (Sterner Lake),Lake,Lake Whitefish,Male,532.0,602.0,2.072,Mature,,0.023,2011
2011-09-23,Kirby Lake (Sterner Lake),Lake,Lake Whitefish,Female,546.0,617.0,2.174,Mature,,0.051,2011
2011-09-23,Kirby Lake (Sterner Lake),Lake,Lake Whitefish,Male,514.0,574.0,1.667,Mature,,0.035,2011
2011-09-23,Kirby Lake (Sterner Lake),Lake,Lake Whitefish,Male,480.0,542.0,1.569,Mature,,0.027,2011
2011-09-23,Kirby Lake (Sterner Lake),Lake,Northern Pike,Male,435.0,461.0,0.629,Mature,2.0,0.025,2011
2011-09-23,Kirby Lake (Sterner Lake),Lake,Northern Pike,Female,756.0,805.0,3.43,Mature,9.0,0.11,2011
2011-09-23,Kirby Lake (Sterner Lake),Lake,Northern Pike,Male,628.0,667.0,1.895,Mature,5.0,0.081,2011
2011-09-23,Kirby Lake (Sterner Lake),Lake,Northern Pike,Female,820.0,870.0,3.95,Mature,7.0,0.091,2011
2011-09-23,Kirby Lake (Sterner Lake),Lake,Northern Pike,Female,692.0,733.0,2.906,Mature,4.0,0.065,2011
2011-09-23,Kirby Lake (Sterner Lake),Lake,Northern Pike,Female,844.0,894.0,4.0,Mature,11.0,0.315,2011
2011-09-23,Kirby Lake (Sterner Lake),Lake,Northern Pike,Male,679.0,723.0,2.605,Mature,6.0,0.077,2011
2011-09-23,Kirby Lake (Sterner Lake),Lake,Northern Pike,Female,876.0,927.0,6.04,Mature,11.0,0.103,2011
2011-09-23,Kirby Lake (Sterner Lake),Lake,Northern Pike,Male,585.0,628.0,1.526,Mature,3.0,0.045,2011
2011-09-23,Kirby Lake (Sterner Lake),Lake,Northern Pike,Female,742.0,795.0,3.311,Mature,6.0,0.103,2011
2011-09-23,Kirby Lake (Sterner Lake),Lake,Northern Pike,Female,470.0,502.0,0.956,Immature,2.0,0.026,2011
2011-09-23,Kirby Lake (Sterner Lake),Lake,Northern Pike,Female,810.0,861.0,4.4,Mature,6.0,0.083,2011
2011-09-23,Kirby Lake (Sterner Lake),Lake,Northern Pike,Female,771.0,812.0,2.615,Mature,11.0,0.33,2011
2011-09-23,Kirby Lake (Sterner Lake),Lake,Northern Pike,Female,570.0,607.0,1.344,Mature,4.0,0.04,2011
2011-09-23,Kirby Lake (Sterner Lake),Lake,Northern Pike,Female,830.0,883.0,4.66,Mature,7.0,0.089,2011
2011-09-23,Kirby Lake (Sterner Lake),Lake,Northern Pike,Female,614.0,656.0,1.754,Mature,4.0,0.066,2011
2011-09-23,Kirby Lake (Sterner Lake),Lake,Northern Pike,Female,786.0,837.0,3.975,Mature,12.0,0.539,2011
2011-09-23,Kirby Lake (Sterner Lake),Lake,Northern Pike,Male,700.0,742.0,2.222,Mature,8.0,0.411,2011
2011-09-23,Kirby Lake (Sterner Lake),Lake,Northern Pike,Female,589.0,632.0,1.558,Mature,3.0,0.038,2011
2011-09-23,Kirby Lake (Sterner Lake),Lake,Northern Pike,Female,603.0,647.0,1.907,Mature,4.0,0.029,2011
2018-09-19,Lac Bellevue,Lake,Northern Pike,Male,618.0,657.0,1.795,Mature,7.0,0.33,2018
2018-09-19,Lac Bellevue,Lake,Northern Pike,Female,729.0,770.0,2.667,Mature,12.0,0.531,2018
2018-09-19,Lac Bellevue,Lake,Northern Pike,Male,768.0,816.0,3.826,Mature,11.0,0.696,2018
2011-01-28,Lac Bellevue,Lake,Walleye,Unknown,,395.0,0.7,Unknown,,0.249,2011
2011-01-28,Lac Bellevue,Lake,Walleye,Unknown,,495.0,1.29,Unknown,,0.604,2011
2011-01-28,Lac Bellevue,Lake,Walleye,Unknown,,460.0,1.04,Unknown,,0.359,2011
2011-01-28,Lac Bellevue,Lake,Walleye,Unknown,,372.0,0.53,Unknown,,0.158,2011
2011-01-28,Lac Bellevue,Lake,Walleye,Unknown,,485.0,1.39,Unknown,,0.426,2011
2011-01-28,Lac Bellevue,Lake,Walleye,Unknown,,450.0,0.91,Unknown,,0.316,2011
2011-01-28,Lac Bellevue,Lake,Walleye,Unknown,,445.0,0.97,Unknown,,0.42,2011
2011-01-28,Lac Bellevue,Lake,Walleye,Unknown,,380.0,0.5,Unknown,,0.195,2011
2011-01-28,Lac Bellevue,Lake,Walleye,Unknown,,530.0,1.39,Unknown,,0.751,2011
2011-01-28,Lac Bellevue,Lake,Walleye,Unknown,,450.0,0.8,Unknown,,0.316,2011
2011-01-28,Lac Bellevue,Lake,Walleye,Unknown,,396.0,0.6,Unknown,,0.25,2011
2011-01-28,Lac Bellevue,Lake,Walleye,Unknown,,440.0,0.82,Unknown,,0.196,2011
2015-09-29,Lac Bellevue,Lake,Walleye,Female,531.0,560.0,1.485,Mature,8.0,0.621,2015
2015-09-29,Lac Bellevue,Lake,Walleye,Male,356.0,380.0,0.418,Mature,6.0,0.248,2015
2015-09-29,Lac Bellevue,Lake,Walleye,Male,366.0,391.0,0.518,Mature,5.0,0.242,2015
2015-09-29,Lac Bellevue,Lake,Walleye,Female,491.0,522.0,1.1,Mature,7.0,0.766,2015
2015-09-29,Lac Bellevue,Lake,Walleye,Male,365.0,387.0,0.51,Mature,6.0,0.29,2015
2015-09-29,Lac Bellevue,Lake,Walleye,Female,574.0,606.0,1.7,Mature,10.0,1.214,2015
2015-09-29,Lac Bellevue,Lake,Walleye,Male,372.0,393.0,0.51,Mature,6.0,0.346,2015
2015-09-29,Lac Bellevue,Lake,Walleye,Female,388.0,412.0,0.568,Mature,6.0,0.195,2015
2015-09-29,Lac Bellevue,Lake,Walleye,Female,426.0,451.0,0.816,Mature,6.0,0.266,2015
2015-09-29,Lac Bellevue,Lake,Walleye,Female,445.0,475.0,0.81,Mature,6.0,0.396,2015
2015-09-29,Lac Bellevue,Lake,Walleye,Male,394.0,417.0,0.616,Mature,6.0,0.226,2015
2015-09-29,Lac Bellevue,Lake,Walleye,Male,369.0,394.0,0.542,Mature,5.0,0.255,2015
2015-09-29,Lac Bellevue,Lake,Walleye,Male,427.0,453.0,0.824,Mature,6.0,0.305,2015
2015-09-29,Lac Bellevue,Lake,Walleye,Female,398.0,421.0,0.66,Immature,6.0,0.21,2015
2015-09-29,Lac Bellevue,Lake,Walleye,Female,617.0,644.0,2.23,Mature,12.0,1.078,2015
2015-09-29,Lac Bellevue,Lake,Walleye,Female,386.0,411.0,0.62,Mature,5.0,0.173,2015
2015-09-29,Lac Bellevue,Lake,Walleye,Female,369.0,392.0,0.512,Mature,6.0,0.168,2015
2015-09-29,Lac Bellevue,Lake,Walleye,Male,372.0,396.0,0.55,Mature,5.0,0.173,2015
2018-09-19,Lac Bellevue,Lake,Walleye,Male,390.0,413.0,0.602,Mature,9.0,0.36,2018
2018-09-19,Lac Bellevue,Lake,Walleye,Female,405.0,427.0,0.668,Mature,5.0,0.345,2018
2018-09-19,Lac Bellevue,Lake,Walleye,Male,351.0,373.0,0.478,Mature,9.0,0.439,2018
2018-09-19,Lac Bellevue,Lake,Walleye,Male,375.0,397.0,0.474,Mature,8.0,0.547,2018
2018-09-19,Lac Bellevue,Lake,Walleye,Male,367.0,387.0,0.554,Mature,8.0,0.401,2018
2018-09-19,Lac Bellevue,Lake,Walleye,Male,364.0,387.0,0.49,Mature,8.0,0.264,2018
2018-09-19,Lac Bellevue,Lake,Walleye,Female,428.0,454.0,0.784,Mature,10.0,0.606,2018
2018-09-19,Lac Bellevue,Lake,Walleye,Male,390.0,414.0,0.572,Mature,9.0,0.541,2018
2018-09-19,Lac Bellevue,Lake,Walleye,Female,406.0,432.0,0.676,Mature,8.0,0.338,2018
2018-09-19,Lac Bellevue,Lake,Walleye,Male,353.0,378.0,0.51,Mature,8.0,0.29,2018
2018-09-19,Lac Bellevue,Lake,Walleye,Male,381.0,401.0,0.556,Mature,9.0,0.491,2018
2018-09-19,Lac Bellevue,Lake,Walleye,Male,374.0,395.0,0.54,Mature,9.0,0.377,2018
2018-09-19,Lac Bellevue,Lake,Walleye,Male,360.0,384.0,0.484,Mature,9.0,0.401,2018
2018-09-19,Lac Bellevue,Lake,Walleye,Male,360.0,385.0,0.452,Mature,9.0,0.41,2018
2018-09-19,Lac Bellevue,Lake,Walleye,Female,382.0,407.0,0.614,Mature,9.0,0.631,2018
2018-09-19,Lac Bellevue,Lake,Walleye,Female,470.0,500.0,0.894,Mature,14.0,0.895,2018
2018-09-19,Lac Bellevue,Lake,Walleye,Male,396.0,418.0,0.657,Mature,9.0,0.472,2018
2018-09-19,Lac Bellevue,Lake,Walleye,Female,382.0,404.0,0.527,Mature,8.0,0.366,2018
2018-09-19,Lac Bellevue,Lake,Walleye,Male,388.0,413.0,0.601,Mature,8.0,0.51,2018
2018-09-19,Lac Bellevue,Lake,Walleye,Female,422.0,449.0,0.739,Mature,9.0,0.539,2018
2018-09-19,Lac Bellevue,Lake,Walleye,Male,377.0,402.0,0.551,Mature,8.0,0.402,2018
2018-09-19,Lac Bellevue,Lake,Walleye,Female,441.0,465.0,0.797,Mature,9.0,0.531,2018
2018-09-19,Lac Bellevue,Lake,Walleye,Female,432.0,458.0,0.712,Mature,9.0,0.492,2018
2018-09-19,Lac Bellevue,Lake,Walleye,Male,396.0,418.0,0.667,Mature,9.0,0.767,2018
2018-09-19,Lac Bellevue,Lake,Walleye,Male,385.0,407.0,0.59,Mature,8.0,0.462,2018
2018-09-19,Lac Bellevue,Lake,Walleye,Male,384.0,405.0,0.541,Mature,9.0,0.408,2018
2018-09-19,Lac Bellevue,Lake,Walleye,Male,406.0,437.0,0.731,Mature,8.0,0.246,2018
2018-09-19,Lac Bellevue,Lake,Walleye,Female,376.0,400.0,0.58,Mature,8.0,0.271,2018
2018-09-19,Lac Bellevue,Lake,Walleye,Male,370.0,393.0,0.536,Mature,8.0,0.395,2018
2018-09-19,Lac Bellevue,Lake,Walleye,Female,385.0,412.0,0.61,Mature,8.0,0.38,2018
2018-09-19,Lac Bellevue,Lake,Walleye,Female,408.0,432.0,0.645,Mature,9.0,0.359,2018
2014-09-17,Lac la Biche,Lake,Lake Whitefish,Male,469.0,527.0,1.446,Mature,12.0,0.026,2014
2014-09-17,Lac la Biche,Lake,Lake Whitefish,Female,421.0,473.0,0.99,Mature,5.0,0.021,2014
2014-09-17,Lac la Biche,Lake,Lake Whitefish,Male,457.0,510.0,1.326,Mature,12.0,0.017,2014
2014-09-17,Lac la Biche,Lake,Lake Whitefish,Female,501.0,553.0,1.685,Mature,15.0,0.023,2014
2014-09-18,Lac la Biche,Lake,Lake Whitefish,Female,446.0,494.0,1.319,Mature,8.0,0.023,2014
2014-09-18,Lac la Biche,Lake,Lake Whitefish,Male,471.0,522.0,1.384,Mature,12.0,0.027,2014
2014-09-18,Lac la Biche,Lake,Lake Whitefish,Male,433.0,476.0,1.093,Mature,8.0,0.017,2014
2014-09-18,Lac la Biche,Lake,Lake Whitefish,Female,464.0,515.0,1.353,Mature,9.0,0.028,2014
2014-09-18,Lac la Biche,Lake,Lake Whitefish,Unknown,,484.0,1.218,Unknown,,0.011,2014
2014-09-18,Lac la Biche,Lake,Lake Whitefish,Male,427.0,474.0,1.049,Mature,7.0,0.017,2014
2018-09-17,Lac la Biche,Lake,Lake Whitefish,Female,528.0,583.0,2.169,Mature,,0.079,2018
2018-09-18,Lac la Biche,Lake,Lake Whitefish,Female,502.0,567.0,1.812,Mature,,0.089,2018
2018-09-19,Lac la Biche,Lake,Lake Whitefish,Female,485.0,540.0,1.693,Mature,,0.043,2018
2018-09-19,Lac la Biche,Lake,Lake Whitefish,Male,507.0,567.0,1.65,Mature,,0.039,2018
2018-09-19,Lac la Biche,Lake,Lake Whitefish,Male,480.0,540.0,1.553,Mature,,0.04,2018
2018-09-19,Lac la Biche,Lake,Lake Whitefish,Female,515.0,572.0,1.925,Mature,,0.066,2018
2018-09-19,Lac la Biche,Lake,Lake Whitefish,Male,559.0,616.0,2.481,Mature,,0.032,2018
2018-09-19,Lac la Biche,Lake,Lake Whitefish,Female,540.0,588.0,2.233,Mature,,0.076,2018
2018-09-19,Lac la Biche,Lake,Lake Whitefish,Male,525.0,581.0,2.1,Mature,,0.052,2018
2018-09-19,Lac la Biche,Lake,Lake Whitefish,Male,502.0,552.0,1.975,Mature,,0.039,2018
2018-09-19,Lac la Biche,Lake,Lake Whitefish,Female,520.0,580.0,2.166,Mature,,0.05,2018
2018-09-20,Lac la Biche,Lake,Lake Whitefish,Male,435.0,492.0,1.257,Mature,,0.033,2018
2018-09-20,Lac la Biche,Lake,Lake Whitefish,Female,510.0,568.0,1.968,Mature,,0.044,2018
2018-09-20,Lac la Biche,Lake,Lake Whitefish,Female,508.0,561.0,1.765,Mature,,0.034,2018
2018-09-20,Lac la Biche,Lake,Lake Whitefish,Male,484.0,541.0,1.449,Mature,,0.032,2018
2018-09-20,Lac la Biche,Lake,Lake Whitefish,Female,494.0,550.0,1.622,Mature,,0.055,2018
2014-09-16,Lac la Biche,Lake,Northern Pike,Female,694.0,733.0,2.222,Mature,9.0,0.119,2014
2014-09-16,Lac la Biche,Lake,Northern Pike,Female,948.0,1005.0,6.9,Mature,13.0,0.231,2014
2014-09-17,Lac la Biche,Lake,Northern Pike,Male,590.0,625.0,1.433,Mature,8.0,0.166,2014
2014-09-17,Lac la Biche,Lake,Northern Pike,Female,645.0,685.0,1.806,Mature,4.0,0.078,2014
2014-09-17,Lac la Biche,Lake,Northern Pike,Female,753.0,799.0,2.566,Mature,7.0,0.116,2014
2014-09-17,Lac la Biche,Lake,Northern Pike,Male,712.0,753.0,2.565,Mature,9.0,0.165,2014
2014-09-17,Lac la Biche,Lake,Northern Pike,Female,764.0,800.0,3.269,Mature,7.0,0.193,2014
2014-09-18,Lac la Biche,Lake,Northern Pike,Female,818.0,856.0,3.991,Unknown,,0.189,2014
2014-09-18,Lac la Biche,Lake,Northern Pike,Female,914.0,962.0,5.625,Mature,14.0,0.265,2014
2014-09-18,Lac la Biche,Lake,Northern Pike,Female,845.0,895.0,4.15,Mature,10.0,0.209,2014
2018-09-17,Lac la Biche,Lake,Northern Pike,Male,595.0,633.0,1.566,Mature,,0.176,2018
2018-09-17,Lac la Biche,Lake,Northern Pike,Male,615.0,654.0,1.871,Mature,,0.218,2018
2018-09-17,Lac la Biche,Lake,Northern Pike,Male,615.0,664.0,1.789,Mature,,0.208,2018
2018-09-17,Lac la Biche,Lake,Northern Pike,Female,645.0,687.0,2.395,Mature,,0.134,2018
2018-09-17,Lac la Biche,Lake,Northern Pike,Female,630.0,668.0,1.938,Mature,,0.189,2018
2018-09-17,Lac la Biche,Lake,Northern Pike,Female,698.0,711.0,2.261,Mature,,0.208,2018
2018-09-17,Lac la Biche,Lake,Northern Pike,Female,773.0,816.0,3.18,Mature,,0.3,2018
2018-09-17,Lac la Biche,Lake,Northern Pike,Female,637.0,681.0,1.991,Mature,,0.23,2018
2018-09-17,Lac la Biche,Lake,Northern Pike,Female,735.0,779.0,2.847,Mature,,0.326,2018
2018-09-18,Lac la Biche,Lake,Northern Pike,Female,818.0,867.0,4.3,Mature,,0.234,2018
2018-09-18,Lac la Biche,Lake,Northern Pike,Female,633.0,683.0,2.239,Mature,,0.146,2018
2018-09-18,Lac la Biche,Lake,Northern Pike,Female,708.0,763.0,2.475,Mature,,0.207,2018
2018-09-18,Lac la Biche,Lake,Northern Pike,Female,651.0,690.0,1.987,Mature,,0.189,2018
2018-09-18,Lac la Biche,Lake,Northern Pike,Female,784.0,829.0,3.818,Mature,,0.241,2018
2018-09-18,Lac la Biche,Lake,Northern Pike,Male,633.0,679.0,2.045,Mature,,0.166,2018
2018-09-18,Lac la Biche,Lake,Northern Pike,Female,648.0,683.0,1.991,Mature,,0.202,2018
2018-09-18,Lac la Biche,Lake,Northern Pike,Female,751.0,800.0,3.139,Mature,,0.229,2018
2018-09-19,Lac la Biche,Lake,Northern Pike,Female,825.0,877.0,3.756,Mature,,0.332,2018
2018-09-19,Lac la Biche,Lake,Northern Pike,Male,706.0,752.0,2.869,Mature,,0.362,2018
2018-09-19,Lac la Biche,Lake,Northern Pike,Female,789.0,840.0,3.412,Mature,,0.364,2018
2018-09-19,Lac la Biche,Lake,Northern Pike,Female,692.0,739.0,2.291,Mature,,0.205,2018
2018-09-20,Lac la Biche,Lake,Northern Pike,Male,690.0,738.0,2.314,Mature,,0.355,2018
2018-09-20,Lac la Biche,Lake,Northern Pike,Female,767.0,810.0,3.097,Mature,,0.218,2018
2018-09-20,Lac la Biche,Lake,Northern Pike,Male,610.0,652.0,1.761,Mature,,0.184,2018
2014-09-16,Lac la Biche,Lake,Walleye,Male,585.0,606.0,1.983,Mature,7.0,0.099,2014
2014-09-16,Lac la Biche,Lake,Walleye,Male,494.0,515.0,1.218,Mature,5.0,0.079,2014
2014-09-16,Lac la Biche,Lake,Walleye,Female,668.0,694.0,3.209,Mature,8.0,0.156,2014
2014-09-16,Lac la Biche,Lake,Walleye,Female,527.0,555.0,1.506,Mature,5.0,0.091,2014
2014-09-16,Lac la Biche,Lake,Walleye,Female,630.0,658.0,2.344,Mature,8.0,0.146,2014
2014-09-16,Lac la Biche,Lake,Walleye,Unknown,,537.0,1.418,Unknown,,0.075,2014
2014-09-16,Lac la Biche,Lake,Walleye,Female,593.0,619.0,2.357,Mature,8.0,0.178,2014
2014-09-16,Lac la Biche,Lake,Walleye,Male,560.0,587.0,2.128,Mature,8.0,0.089,2014
2014-09-17,Lac la Biche,Lake,Walleye,Female,600.0,629.0,2.442,Mature,7.0,0.158,2014
2014-09-18,Lac la Biche,Lake,Walleye,Male,627.0,663.0,2.358,Mature,12.0,0.103,2014
2014-09-19,Lac la Biche,Lake,Walleye,Male,443.0,465.0,0.85,Immature,5.0,0.072,2014
2014-09-19,Lac la Biche,Lake,Walleye,Female,492.0,518.0,1.179,Mature,5.0,0.342,2014
2018-09-17,Lac la Biche,Lake,Walleye,Male,557.0,582.0,1.909,Mature,,0.185,2018
2018-09-17,Lac la Biche,Lake,Walleye,Female,528.0,550.0,1.822,Mature,,0.175,2018
2018-09-17,Lac la Biche,Lake,Walleye,Female,531.0,559.0,1.637,Mature,,0.256,2018
2018-09-17,Lac la Biche,Lake,Walleye,Male,523.0,550.0,1.525,Mature,,0.248,2018
2018-09-17,Lac la Biche,Lake,Walleye,Female,570.0,599.0,1.875,Mature,,0.254,2018
2018-09-17,Lac la Biche,Lake,Walleye,Male,570.0,600.0,2.14,Mature,,0.298,2018
2018-09-17,Lac la Biche,Lake,Walleye,Male,519.0,548.0,1.78,Mature,,0.289,2018
2018-09-17,Lac la Biche,Lake,Walleye,Female,511.0,538.0,1.424,Mature,,0.21,2018
2018-09-17,Lac la Biche,Lake,Walleye,Female,511.0,540.0,1.551,Mature,,0.184,2018
2018-09-17,Lac la Biche,Lake,Walleye,Female,518.0,550.0,1.485,Mature,,0.215,2018
2018-09-17,Lac la Biche,Lake,Walleye,Female,570.0,602.0,1.969,Mature,,0.203,2018
2018-09-17,Lac la Biche,Lake,Walleye,Male,510.0,544.0,1.514,Mature,,0.174,2018
2018-09-17,Lac la Biche,Lake,Walleye,Male,520.0,555.0,1.802,Mature,,0.197,2018
2018-09-17,Lac la Biche,Lake,Walleye,Male,570.0,601.0,2.027,Mature,,0.213,2018
2018-09-17,Lac la Biche,Lake,Walleye,Male,616.0,644.0,2.608,Mature,,0.296,2018
2018-09-17,Lac la Biche,Lake,Walleye,Female,535.0,566.0,1.905,Mature,,0.222,2018
2018-09-17,Lac la Biche,Lake,Walleye,Female,593.0,617.0,2.421,Mature,,0.211,2018
2018-09-17,Lac la Biche,Lake,Walleye,Female,588.0,620.0,2.561,Mature,,0.22,2018
2018-09-18,Lac la Biche,Lake,Walleye,Male,530.0,554.0,1.777,Mature,,0.195,2018
2018-09-18,Lac la Biche,Lake,Walleye,Female,513.0,542.0,1.662,Mature,,0.202,2018
2018-09-18,Lac la Biche,Lake,Walleye,Female,635.0,672.0,2.724,Mature,,0.335,2018
2018-09-18,Lac la Biche,Lake,Walleye,Female,506.0,540.0,1.669,Mature,,0.188,2018
2018-09-18,Lac la Biche,Lake,Walleye,Male,532.0,561.0,1.682,Mature,,0.177,2018
2018-09-18,Lac la Biche,Lake,Walleye,Male,585.0,613.0,2.314,Mature,,0.295,2018
2018-09-18,Lac la Biche,Lake,Walleye,Male,614.0,637.0,2.837,Mature,,0.212,2018
2018-09-21,Lac La Biche,Lake,Walleye,Female,556.0,589.0,1.751,Mature,,0.286,2018
2012-08-28,Lac la Nonne,Lake,Lake Whitefish,Male,,530.0,1.61,Unknown,,0.075,2012
2012-08-28,Lac la Nonne,Lake,Lake Whitefish,Unknown,,545.0,1.65,Unknown,,0.043,2012
2012-08-28,Lac la Nonne,Lake,Lake Whitefish,Male,,550.0,1.81,Unknown,,0.056,2012
2012-08-28,Lac la Nonne,Lake,Lake Whitefish,Male,,500.0,1.56,Unknown,,0.047,2012
2012-08-28,Lac la Nonne,Lake,Lake Whitefish,Male,,520.0,1.44,Unknown,,0.036,2012
2012-08-28,Lac la Nonne,Lake,Lake Whitefish,Male,,560.0,1.81,Unknown,,0.07,2012
2012-08-28,Lac la Nonne,Lake,Lake Whitefish,Male,,530.0,1.52,Unknown,,0.057,2012
2012-08-28,Lac la Nonne,Lake,Lake Whitefish,Male,,490.0,1.35,Unknown,,0.23,2012
2012-08-28,Lac la Nonne,Lake,Lake Whitefish,Male,,500.0,1.37,Unknown,,0.083,2012
2012-09-28,Lac la Nonne,Lake,Lake Whitefish,Male,,500.0,1.45,Unknown,,0.036,2012
2012-09-28,Lac la Nonne,Lake,Lake Whitefish,Unknown,,520.0,1.91,Unknown,,0.045,2012
2012-09-28,Lac la Nonne,Lake,Lake Whitefish,Female,,530.0,2.2,Unknown,,0.16,2012
2012-09-28,Lac la Nonne,Lake,Lake Whitefish,Male,,530.0,1.54,Unknown,,0.098,2012
2012-09-28,Lac la Nonne,Lake,Lake Whitefish,Unknown,,510.0,1.66,Unknown,,0.028,2012
2012-09-28,Lac la Nonne,Lake,Lake Whitefish,Male,,510.0,1.63,Unknown,,0.045,2012
2008-01-01,Lac la Nonne,Lake,Northern Pike,Unknown,,314.0,,Unknown,,0.246,2008
2008-09-09,Lac la Nonne,Lake,Northern Pike,Male,547.0,578.0,1.14,Mature,6.0,0.724,2008
2008-09-09,Lac la Nonne,Lake,Northern Pike,Female,551.0,592.0,1.03,Mature,7.0,0.729,2008
2008-09-10,Lac la Nonne,Lake,Northern Pike,Female,562.0,606.0,1.118,Mature,7.0,0.674,2008
2008-09-10,Lac la Nonne,Lake,Northern Pike,Female,547.0,582.0,0.86,Mature,6.0,0.671,2008
2008-09-10,Lac la Nonne,Lake,Northern Pike,Male,543.0,590.0,0.904,Mature,6.0,0.261,2008
2008-09-10,Lac la Nonne,Lake,Northern Pike,Female,552.0,592.0,0.981,Mature,7.0,0.578,2008
2012-08-28,Lac la Nonne,Lake,Northern Pike,Female,,550.0,0.938,Unknown,,0.291,2012
2012-08-28,Lac la Nonne,Lake,Northern Pike,Female,,560.0,0.994,Unknown,,0.191,2012
2012-08-28,Lac la Nonne,Lake,Northern Pike,Male,,530.0,0.974,Unknown,,0.339,2012
2012-09-28,Lac la Nonne,Lake,Northern Pike,Female,,520.0,0.88,Unknown,,0.434,2012
2012-09-28,Lac la Nonne,Lake,Northern Pike,Female,,600.0,1.27,Unknown,,0.337,2012
2012-09-28,Lac la Nonne,Lake,Northern Pike,Female,,620.0,1.44,Unknown,,0.375,2012
2012-09-28,Lac la Nonne,Lake,Northern Pike,Male,,500.0,0.85,Unknown,,0.295,2012
2012-09-28,Lac la Nonne,Lake,Northern Pike,Female,,520.0,0.88,Unknown,,0.284,2012
2018-09-25,Lac la Nonne,Lake,Northern Pike,Female,590.0,,1.592,Mature,6.0,0.478,2018
2018-09-25,Lac la Nonne,Lake,Northern Pike,Female,620.0,,1.695,Mature,5.0,0.388,2018
2018-09-25,Lac la Nonne,Lake,Northern Pike,Male,530.0,,1.228,Mature,4.0,0.387,2018
2018-09-25,Lac la Nonne,Lake,Northern Pike,Male,476.0,,0.798,Mature,3.0,0.338,2018
2018-09-25,Lac la Nonne,Lake,Northern Pike,Male,574.0,,1.532,Mature,3.0,0.208,2018
2018-09-25,Lac la Nonne,Lake,Northern Pike,Male,404.0,,0.547,Mature,1.0,0.152,2018
2018-09-25,Lac la Nonne,Lake,Northern Pike,Male,511.0,,0.985,Mature,3.0,0.303,2018
2018-09-25,Lac la Nonne,Lake,Northern Pike,Female,595.0,,1.522,Mature,5.0,0.301,2018
2018-09-25,Lac la Nonne,Lake,Northern Pike,Female,621.0,,1.76,Mature,5.0,0.396,2018
2018-09-25,Lac la Nonne,Lake,Northern Pike,Male,425.0,,0.66,Mature,2.0,0.138,2018
2018-09-25,Lac la Nonne,Lake,Northern Pike,Female,522.0,,1.158,Mature,3.0,0.263,2018
2018-09-25,Lac la Nonne,Lake,Northern Pike,Female,576.0,,1.263,Mature,3.0,0.35,2018
2018-09-25,Lac la Nonne,Lake,Northern Pike,Female,573.0,,1.414,Mature,4.0,0.322,2018
2018-09-25,Lac la Nonne,Lake,Northern Pike,Male,590.0,,1.455,Mature,6.0,0.379,2018
2018-09-25,Lac la Nonne,Lake,Northern Pike,Female,630.0,,1.892,Mature,7.0,0.575,2018
2018-09-25,Lac la Nonne,Lake,Northern Pike,Female,616.0,,1.751,Mature,6.0,0.381,2018
2018-09-26,Lac la Nonne,Lake,Northern Pike,Female,510.0,,1.094,Mature,3.0,0.227,2018
2018-09-26,Lac la Nonne,Lake,Northern Pike,Male,448.0,,0.74,Mature,2.0,0.783,2018
2018-09-26,Lac la Nonne,Lake,Northern Pike,Female,400.0,,0.54,Mature,1.0,0.57,2018
2018-09-26,Lac la Nonne,Lake,Northern Pike,Male,481.0,,0.972,Mature,3.0,0.938,2018
2018-09-26,Lac la Nonne,Lake,Northern Pike,Male,524.0,,1.161,Mature,3.0,0.585,2018
2018-09-26,Lac la Nonne,Lake,Northern Pike,Female,655.0,,1.968,Mature,5.0,0.354,2018
2008-01-01,Lac la Nonne,Lake,Walleye,Unknown,,427.0,0.62,Unknown,,0.174,2008
2008-01-01,Lac la Nonne,Lake,Walleye,Unknown,,434.0,0.68,Unknown,,0.583,2008
2008-01-01,Lac la Nonne,Lake,Walleye,Unknown,,370.0,0.44,Unknown,,0.241,2008
2008-01-01,Lac la Nonne,Lake,Walleye,Unknown,,533.0,1.21,Unknown,,1.17,2008
2008-01-01,Lac la Nonne,Lake,Walleye,Unknown,,449.0,0.82,Unknown,,0.838,2008
2008-01-01,Lac la Nonne,Lake,Walleye,Unknown,,396.0,0.767,Unknown,,0.382,2008
2008-09-09,Lac la Nonne,Lake,Walleye,Female,398.0,426.0,0.711,Mature,10.0,0.374,2008
2008-09-09,Lac la Nonne,Lake,Walleye,Female,372.0,395.0,0.538,Mature,8.0,0.263,2008
2008-09-09,Lac la Nonne,Lake,Walleye,Male,292.0,314.0,0.257,Immature,3.0,0.246,2008
2008-09-09,Lac la Nonne,Lake,Walleye,Female,445.0,477.0,0.94,Mature,10.0,0.665,2008
2008-09-09,Lac la Nonne,Lake,Walleye,Male,472.0,501.0,1.081,Mature,13.0,1.15,2008
2008-09-09,Lac la Nonne,Lake,Walleye,Female,476.0,502.0,1.1,Mature,12.0,0.988,2008
2008-09-09,Lac la Nonne,Lake,Walleye,Female,510.0,543.0,1.426,Mature,17.0,0.818,2008
2008-09-10,Lac la Nonne,Lake,Walleye,Female,438.0,463.0,0.923,Mature,10.0,1.08,2008
2008-09-10,Lac la Nonne,Lake,Walleye,Female,451.0,479.0,1.081,Mature,10.0,0.793,2008
2008-09-10,Lac la Nonne,Lake,Walleye,Male,282.0,306.0,0.26,Immature,3.0,0.227,2008
2008-09-10,Lac la Nonne,Lake,Walleye,Male,454.0,485.0,0.895,Mature,17.0,0.763,2008
2008-09-10,Lac la Nonne,Lake,Walleye,Female,462.0,487.0,0.77,Mature,9.0,0.765,2008
2008-09-10,Lac la Nonne,Lake,Walleye,Male,398.0,415.0,0.699,Mature,11.0,0.451,2008
2012-08-28,Lac la Nonne,Lake,Walleye,Female,,390.0,0.604,Unknown,,0.255,2012
2012-08-28,Lac la Nonne,Lake,Walleye,Female,,440.0,0.747,Unknown,,0.325,2012
2012-08-28,Lac la Nonne,Lake,Walleye,Female,,410.0,0.688,Unknown,,0.601,2012
2012-08-28,Lac la Nonne,Lake,Walleye,Female,,440.0,0.79,Unknown,,0.726,2012
2012-08-28,Lac la Nonne,Lake,Walleye,Female,,490.0,1.56,Unknown,,0.86,2012
2012-08-28,Lac la Nonne,Lake,Walleye,Unknown,,480.0,0.868,Unknown,,0.636,2012
2012-08-28,Lac la Nonne,Lake,Walleye,Unknown,,420.0,0.662,Unknown,,0.439,2012
2012-08-28,Lac la Nonne,Lake,Walleye,Unknown,,460.0,0.702,Unknown,,1.172,2012
2012-08-28,Lac la Nonne,Lake,Walleye,Unknown,,380.0,0.466,Unknown,,0.33,2012
2012-08-28,Lac la Nonne,Lake,Walleye,Unknown,,420.0,0.58,Unknown,,0.846,2012
2012-08-28,Lac la Nonne,Lake,Walleye,Unknown,,370.0,0.514,Unknown,,0.601,2012
2012-08-28,Lac la Nonne,Lake,Walleye,Unknown,,430.0,0.686,Unknown,,0.826,2012
2012-09-28,Lac la Nonne,Lake,Walleye,Unknown,,400.0,0.62,Unknown,,0.865,2012
2012-09-28,Lac la Nonne,Lake,Walleye,Unknown,,410.0,0.72,Unknown,,0.438,2012
2012-09-28,Lac la Nonne,Lake,Walleye,Unknown,,360.0,0.4,Unknown,,0.233,2012
2012-09-28,Lac la Nonne,Lake,Walleye,Unknown,,360.0,0.44,Unknown,,0.199,2012
2012-09-28,Lac la Nonne,Lake,Walleye,Unknown,,390.0,0.58,Unknown,,0.263,2012
2018-09-25,Lac la Nonne,Lake,Walleye,Female,536.0,,1.53,Mature,21.0,1.128,2018
2018-09-25,Lac la Nonne,Lake,Walleye,Male,497.0,,1.473,Mature,14.0,0.674,2018
2018-09-25,Lac la Nonne,Lake,Walleye,Female,535.0,,2.152,Mature,18.0,0.862,2018
2018-09-25,Lac la Nonne,Lake,Walleye,Female,580.0,,2.29,Mature,11.0,0.552,2018
2018-09-26,Lac la Nonne,Lake,Walleye,Male,485.0,,1.455,Mature,14.0,0.521,2018
2018-09-26,Lac la Nonne,Lake,Walleye,Male,465.0,,1.177,Mature,15.0,0.563,2018
2012-08-28,Lac la Nonne,Lake,Yellow Perch,Unknown,,280.0,0.338,Unknown,,0.092,2012
2012-08-28,Lac la Nonne,Lake,Yellow Perch,Unknown,,230.0,0.194,Unknown,,0.072,2012
2012-09-28,Lac la Nonne,Lake,Yellow Perch,Female,,220.0,0.144,Unknown,,0.071,2012
2012-09-28,Lac la Nonne,Lake,Yellow Perch,Female,,210.0,0.132,Unknown,,0.069,2012
2012-09-28,Lac la Nonne,Lake,Yellow Perch,Female,,230.0,0.132,Unknown,,0.072,2012
2012-09-28,Lac la Nonne,Lake,Yellow Perch,Female,,240.0,0.178,Unknown,,0.083,2012
2012-09-28,Lac la Nonne,Lake,Yellow Perch,Male,,220.0,0.16,Unknown,,0.072,2012
2012-08-30,Lac Ste. Anne,Lake,Lake Whitefish,Male,,390.0,0.6,Unknown,,0.023,2012
2012-08-30,Lac Ste. Anne,Lake,Lake Whitefish,Female,,520.0,1.51,Unknown,,0.045,2012
2018-09-20,Lac Ste. Anne,Lake,Lake Whitefish,Female,535.0,,2.291,Mature,15.0,0.082,2018
2018-09-20,Lac Ste. Anne,Lake,Lake Whitefish,Female,515.0,,2.363,Mature,10.0,0.051,2018
2018-09-20,Lac Ste. Anne,Lake,Lake Whitefish,Male,536.0,,2.148,Mature,21.0,0.1,2018
2018-09-20,Lac Ste. Anne,Lake,Lake Whitefish,Female,505.0,,1.643,Mature,21.0,0.131,2018
2018-09-20,Lac Ste. Anne,Lake,Lake Whitefish,Male,510.0,,1.865,Mature,21.0,0.041,2018
2018-09-20,Lac Ste. Anne,Lake,Lake Whitefish,Female,485.0,,1.861,Mature,9.0,0.066,2018
2018-09-20,Lac Ste. Anne,Lake,Lake Whitefish,Female,506.0,,1.629,Mature,20.0,0.059,2018
2018-09-20,Lac Ste. Anne,Lake,Lake Whitefish,Male,488.0,,1.718,Mature,10.0,0.045,2018
2018-09-20,Lac Ste. Anne,Lake,Lake Whitefish,Female,543.0,,2.203,Mature,22.0,0.066,2018
2018-09-20,Lac Ste. Anne,Lake,Lake Whitefish,Male,473.0,,1.445,Mature,21.0,0.034,2018
2008-09-10,Lac Ste. Anne,Lake,Northern Pike,Male,530.0,565.0,1.015,Mature,,0.118,2008
2008-09-10,Lac Ste. Anne,Lake,Northern Pike,Male,624.0,637.0,1.368,Mature,,0.152,2008
2018-09-20,Lac Ste. Anne,Lake,Northern Pike,Female,557.0,,1.227,Mature,5.0,0.118,2018
2018-09-20,Lac Ste. Anne,Lake,Northern Pike,Female,525.0,,1.277,Mature,4.0,0.173,2018
2018-09-20,Lac Ste. Anne,Lake,Northern Pike,Female,610.0,,1.747,Mature,6.0,0.231,2018
2018-09-20,Lac Ste. Anne,Lake,Northern Pike,Female,495.0,,0.832,Mature,3.0,0.138,2018
2018-09-20,Lac Ste. Anne,Lake,Northern Pike,Male,440.0,,0.632,Mature,3.0,0.101,2018
2018-09-20,Lac Ste. Anne,Lake,Northern Pike,Male,416.0,,0.515,Mature,3.0,0.099,2018
2018-09-20,Lac Ste. Anne,Lake,Northern Pike,Male,490.0,,0.882,Mature,4.0,0.184,2018
2018-09-20,Lac Ste. Anne,Lake,Northern Pike,Female,534.0,,1.075,Mature,4.0,0.2,2018
2018-09-20,Lac Ste. Anne,Lake,Northern Pike,Female,575.0,,1.195,Mature,5.0,0.182,2018
2008-01-01,Lac Ste. Anne,Lake,Walleye,Unknown,,420.0,0.62,Unknown,,0.119,2008
2008-01-01,Lac Ste. Anne,Lake,Walleye,Unknown,,432.0,0.66,Mature,,0.127,2008
2008-09-09,Lac Ste. Anne,Lake,Walleye,Male,400.0,425.0,0.63,Mature,9.0,0.166,2008
2008-09-09,Lac Ste. Anne,Lake,Walleye,Male,403.0,433.0,0.68,Mature,9.0,0.122,2008
2008-09-09,Lac Ste. Anne,Lake,Walleye,Male,360.0,387.0,0.503,Mature,8.0,0.095,2008
2008-09-09,Lac Ste. Anne,Lake,Walleye,Female,468.0,500.0,1.07,Mature,10.0,0.164,2008
2008-09-09,Lac Ste. Anne,Lake,Walleye,Female,400.0,428.0,0.67,Mature,9.0,0.14,2008
2008-09-09,Lac Ste. Anne,Lake,Walleye,Female,403.0,435.0,0.68,Mature,9.0,0.141,2008
2008-09-09,Lac Ste. Anne,Lake,Walleye,Female,418.0,447.0,0.71,Mature,9.0,0.166,2008
2008-09-09,Lac Ste. Anne,Lake,Walleye,Female,441.0,473.0,0.926,Mature,9.0,0.147,2008
2008-09-09,Lac Ste. Anne,Lake,Walleye,Male,410.0,422.0,0.629,Mature,9.0,0.125,2008
2008-09-09,Lac Ste. Anne,Lake,Walleye,Female,277.0,301.0,0.2,Immature,2.0,0.055,2008
2008-09-09,Lac Ste. Anne,Lake,Walleye,Male,425.0,455.0,0.868,Mature,10.0,0.119,2008
2008-09-09,Lac Ste. Anne,Lake,Walleye,Female,387.0,415.0,0.57,Mature,9.0,0.106,2008
2008-09-10,Lac Ste. Anne,Lake,Walleye,Female,396.0,424.0,0.633,Mature,9.0,0.131,2008
2008-09-10,Lac Ste. Anne,Lake,Walleye,Male,386.0,397.0,0.599,Mature,9.0,0.098,2008
2008-09-10,Lac Ste. Anne,Lake,Walleye,Female,402.0,433.0,0.732,Mature,9.0,0.118,2008
2008-09-10,Lac Ste. Anne,Lake,Walleye,Male,404.0,432.0,0.68,Mature,10.0,0.16,2008
2008-09-10,Lac Ste. Anne,Lake,Walleye,Female,406.0,433.0,0.667,Mature,9.0,0.111,2008
2008-09-10,Lac Ste. Anne,Lake,Walleye,Male,397.0,424.0,0.695,Mature,9.0,0.086,2008
2012-08-30,Lac Ste. Anne,Lake,Walleye,Male,,460.0,0.938,Unknown,,0.231,2012
2012-08-30,Lac Ste. Anne,Lake,Walleye,Male,,410.0,0.638,Unknown,,0.042,2012
2012-08-30,Lac Ste. Anne,Lake,Walleye,Female,,410.0,0.556,Unknown,,0.245,2012
2012-08-30,Lac Ste. Anne,Lake,Walleye,Male,,450.0,0.854,Unknown,,0.116,2012
2012-08-30,Lac Ste. Anne,Lake,Walleye,Male,,450.0,0.876,Unknown,,0.096,2012
2012-08-30,Lac Ste. Anne,Lake,Walleye,Female,,470.0,1.2,Unknown,,0.121,2012
2012-08-30,Lac Ste. Anne,Lake,Walleye,Male,,390.0,0.524,Unknown,,0.037,2012
2018-09-20,Lac Ste. Anne,Lake,Walleye,Female,486.0,,1.304,Mature,19.0,0.259,2018
2018-09-20,Lac Ste. Anne,Lake,Walleye,Female,520.0,,1.541,Mature,20.0,0.277,2018
2018-09-20,Lac Ste. Anne,Lake,Walleye,Male,383.0,,0.587,Mature,3.0,0.074,2018
2018-09-20,Lac Ste. Anne,Lake,Walleye,Female,391.0,,0.728,Immature,3.0,0.078,2018
2018-09-20,Lac Ste. Anne,Lake,Walleye,Male,451.0,,0.999,Mature,19.0,0.2,2018
2018-09-20,Lac Ste. Anne,Lake,Walleye,Female,512.0,,1.591,Mature,11.0,0.242,2018
2018-09-20,Lac Ste. Anne,Lake,Walleye,Female,440.0,,1.004,Mature,6.0,0.095,2018
2018-09-20,Lac Ste. Anne,Lake,Walleye,Male,411.0,,0.789,Mature,10.0,0.169,2018
2018-09-20,Lac Ste. Anne,Lake,Walleye,Female,465.0,,1.19,Mature,18.0,0.115,2018
2018-09-20,Lac Ste. Anne,Lake,Walleye,Male,350.0,,0.495,Mature,3.0,0.054,2018
2018-09-20,Lac Ste. Anne,Lake,Walleye,Female,387.0,,0.658,Immature,3.0,0.071,2018
2018-09-20,Lac Ste. Anne,Lake,Walleye,Female,474.0,,1.104,Mature,,0.034,2018
2010-01-24,Lake Athabasca,Lake,Lake Trout,Unknown,631.0,691.0,2.619,Unknown,,0.339,2010
2010-01-24,Lake Athabasca,Lake,Lake Trout,Unknown,607.0,653.0,2.558,Unknown,,0.23,2010
2010-01-24,Lake Athabasca,Lake,Lake Trout,Unknown,580.0,639.0,2.188,Unknown,,0.185,2010
2010-01-24,Lake Athabasca,Lake,Lake Trout,Unknown,638.0,704.0,3.048,Unknown,,0.304,2010
2010-01-24,Lake Athabasca,Lake,Lake Trout,Unknown,580.0,630.0,2.369,Unknown,,0.212,2010
2010-01-24,Lake Athabasca,Lake,Lake Trout,Unknown,592.0,655.0,2.426,Unknown,,0.298,2010
2010-01-24,Lake Athabasca,Lake,Lake Trout,Unknown,626.0,670.0,2.777,Unknown,,0.215,2010
2010-01-24,Lake Athabasca,Lake,Lake Trout,Unknown,611.0,669.0,2.922,Unknown,,0.204,2010
2010-01-24,Lake Athabasca,Lake,Lake Trout,Unknown,572.0,628.0,2.634,Unknown,,0.148,2010
2010-01-24,Lake Athabasca,Lake,Lake Trout,Unknown,712.0,779.0,3.4,Unknown,,0.239,2010
2010-01-24,Lake Athabasca,Lake,Lake Trout,Unknown,596.0,656.0,2.551,Unknown,,0.299,2010
2010-01-24,Lake Athabasca,Lake,Lake Trout,Unknown,638.0,688.0,2.756,Unknown,,0.291,2010
2010-01-24,Lake Athabasca,Lake,Lake Trout,Unknown,660.0,720.0,3.108,Unknown,,0.252,2010
2010-01-24,Lake Athabasca,Lake,Lake Trout,Unknown,642.0,700.0,2.82,Unknown,,0.277,2010
2010-01-24,Lake Athabasca,Lake,Lake Trout,Unknown,575.0,633.0,2.341,Unknown,,0.367,2010
2010-01-24,Lake Athabasca,Lake,Lake Trout,Unknown,665.0,710.0,2.849,Unknown,,0.236,2010
2010-01-24,Lake Athabasca,Lake,Lake Trout,Unknown,632.0,690.0,2.553,Unknown,,0.314,2010
2010-01-24,Lake Athabasca,Lake,Lake Trout,Unknown,630.0,685.0,2.544,Unknown,,0.195,2010
2010-01-24,Lake Athabasca,Lake,Lake Trout,Unknown,618.0,652.0,2.744,Unknown,,0.267,2010
2010-01-24,Lake Athabasca,Lake,Lake Trout,Unknown,638.0,690.0,2.513,Unknown,,0.232,2010
2010-01-24,Lake Athabasca,Lake,Lake Trout,Unknown,585.0,638.0,2.012,Unknown,,0.246,2010
2010-01-24,Lake Athabasca,Lake,Lake Trout,Unknown,622.0,680.0,2.713,Unknown,,0.308,2010
2010-01-24,Lake Athabasca,Lake,Lake Trout,Unknown,766.0,842.0,4.6,Unknown,,0.346,2010
2010-01-24,Lake Athabasca,Lake,Lake Trout,Unknown,666.0,733.0,3.113,Unknown,,0.21,2010
2010-01-24,Lake Athabasca,Lake,Lake Trout,Unknown,643.0,682.0,2.796,Unknown,,0.303,2010
2010-01-24,Lake Athabasca,Lake,Lake Trout,Unknown,730.0,800.0,3.5,Unknown,,0.254,2010
2010-01-24,Lake Athabasca,Lake,Lake Trout,Unknown,740.0,801.0,5.1,Unknown,,0.276,2010
2010-01-24,Lake Athabasca,Lake,Lake Trout,Unknown,680.0,740.0,2.841,Unknown,,0.29,2010
2010-01-24,Lake Athabasca,Lake,Lake Trout,Unknown,693.0,740.0,3.133,Unknown,,0.373,2010
2010-01-24,Lake Athabasca,Lake,Lake Trout,Unknown,688.0,725.0,2.626,Unknown,,0.425,2010
2010-01-29,Lake Athabasca,Lake,Lake Whitefish,Unknown,348.0,380.0,0.565,Unknown,,0.056,2010
2010-01-29,Lake Athabasca,Lake,Lake Whitefish,Unknown,438.0,486.0,1.267,Unknown,,0.068,2010
2010-01-29,Lake Athabasca,Lake,Lake Whitefish,Unknown,400.0,425.0,0.993,Unknown,,0.081,2010
2010-01-29,Lake Athabasca,Lake,Lake Whitefish,Unknown,446.0,470.0,1.053,Unknown,,0.249,2010
2009-12-01,Lake Athabasca,Lake,Northern Pike,Unknown,750.0,,3.9,Unknown,,0.192,2009
2009-12-01,Lake Athabasca,Lake,Northern Pike,Unknown,691.0,,2.558,Unknown,,0.143,2009
2009-12-01,Lake Athabasca,Lake,Northern Pike,Unknown,706.0,,3.143,Unknown,,0.12,2009
2009-12-01,Lake Athabasca,Lake,Northern Pike,Unknown,745.0,,3.9,Unknown,,0.324,2009
2009-12-01,Lake Athabasca,Lake,Northern Pike,Unknown,823.0,,4.0,Unknown,,0.236,2009
2009-12-01,Lake Athabasca,Lake,Northern Pike,Unknown,670.0,,2.347,Unknown,,0.261,2009
2009-12-01,Lake Athabasca,Lake,Northern Pike,Unknown,688.0,,2.548,Unknown,,0.2,2009
2009-12-01,Lake Athabasca,Lake,Northern Pike,Unknown,580.0,,1.977,Unknown,,0.095,2009
2009-12-01,Lake Athabasca,Lake,Northern Pike,Unknown,618.0,,2.135,Unknown,,0.125,2009
2009-12-01,Lake Athabasca,Lake,Northern Pike,Unknown,695.0,,3.271,Unknown,,0.181,2009
2009-12-01,Lake Athabasca,Lake,Northern Pike,Unknown,706.0,,2.604,Unknown,,0.087,2009
2009-12-01,Lake Athabasca,Lake,Northern Pike,Unknown,792.0,,4.4,Unknown,,0.274,2009
2009-12-01,Lake Athabasca,Lake,Northern Pike,Unknown,670.0,,3.301,Unknown,,0.18,2009
2009-12-01,Lake Athabasca,Lake,Northern Pike,Unknown,670.0,,2.469,Unknown,,0.211,2009
2009-12-01,Lake Athabasca,Lake,Northern Pike,Unknown,749.0,,2.948,Unknown,,0.316,2009
2009-12-01,Lake Athabasca,Lake,Northern Pike,Unknown,665.0,,2.329,Unknown,,0.171,2009
2009-12-01,Lake Athabasca,Lake,Northern Pike,Unknown,810.0,,3.9,Unknown,,0.293,2009
2009-12-01,Lake Athabasca,Lake,Northern Pike,Unknown,705.0,,3.072,Unknown,,0.24,2009
2009-12-01,Lake Athabasca,Lake,Northern Pike,Unknown,689.0,,2.351,Unknown,,0.154,2009
2009-12-01,Lake Athabasca,Lake,Northern Pike,Unknown,701.0,,2.574,Unknown,,0.092,2009
2009-12-01,Lake Athabasca,Lake,Northern Pike,Unknown,655.0,,2.188,Unknown,,0.273,2009
2009-12-01,Lake Athabasca,Lake,Northern Pike,Unknown,720.0,,2.589,Unknown,,0.193,2009
2009-12-01,Lake Athabasca,Lake,Northern Pike,Unknown,645.0,,2.152,Unknown,,0.077,2009
2009-12-01,Lake Athabasca,Lake,Northern Pike,Unknown,665.0,,2.126,Unknown,,0.209,2009
2009-12-01,Lake Athabasca,Lake,Northern Pike,Unknown,714.0,,3.215,Unknown,,0.369,2009
2009-12-01,Lake Athabasca,Lake,Northern Pike,Unknown,721.0,,3.1,Unknown,,0.106,2009
2009-12-01,Lake Athabasca,Lake,Northern Pike,Unknown,775.0,,4.5,Unknown,,0.5,2009
2009-12-01,Lake Athabasca,Lake,Northern Pike,Unknown,675.0,,2.613,Unknown,,0.191,2009
2009-12-01,Lake Athabasca,Lake,Northern Pike,Unknown,711.0,,2.944,Unknown,,0.175,2009
2009-12-01,Lake Athabasca,Lake,Walleye,Unknown,519.0,,1.432,Unknown,,0.388,2009
2009-12-01,Lake Athabasca,Lake,Walleye,Unknown,452.0,,1.007,Unknown,,0.156,2009
2009-12-01,Lake Athabasca,Lake,Walleye,Unknown,467.0,494.0,1.258,Unknown,,0.178,2009
2009-12-01,Lake Athabasca,Lake,Walleye,Unknown,459.0,493.0,1.369,Unknown,,0.137,2009
2009-12-01,Lake Athabasca,Lake,Walleye,Unknown,586.0,,2.221,Unknown,,0.279,2009
2009-12-01,Lake Athabasca,Lake,Walleye,Unknown,466.0,,1.074,Unknown,,0.276,2009
2009-12-01,Lake Athabasca,Lake,Walleye,Unknown,450.0,,1.002,Unknown,,0.306,2009
2009-12-01,Lake Athabasca,Lake,Walleye,Unknown,482.0,,1.341,Unknown,,0.361,2009
2009-12-01,Lake Athabasca,Lake,Walleye,Unknown,437.0,,0.95,Unknown,,0.173,2009
2009-12-01,Lake Athabasca,Lake,Walleye,Unknown,507.0,,1.471,Unknown,,0.23,2009
2009-12-01,Lake Athabasca,Lake,Walleye,Unknown,492.0,,1.298,Unknown,,0.28,2009
2009-12-01,Lake Athabasca,Lake,Walleye,Unknown,474.0,,1.268,Unknown,,0.352,2009
2009-12-01,Lake Athabasca,Lake,Walleye,Unknown,465.0,,1.113,Unknown,,0.164,2009
2009-12-01,Lake Athabasca,Lake,Walleye,Unknown,532.0,,1.614,Unknown,,0.199,2009
2009-12-01,Lake Athabasca,Lake,Walleye,Unknown,470.0,,1.217,Unknown,,0.244,2009
2009-12-01,Lake Athabasca,Lake,Walleye,Unknown,540.0,,2.133,Unknown,,0.268,2009
2009-12-01,Lake Athabasca,Lake,Walleye,Unknown,555.0,,2.157,Unknown,,0.653,2009
2009-12-01,Lake Athabasca,Lake,Walleye,Unknown,508.0,,1.345,Unknown,,0.163,2009
2009-12-01,Lake Athabasca,Lake,Walleye,Unknown,452.0,467.0,1.132,Unknown,,0.196,2009
2009-12-01,Lake Athabasca,Lake,Walleye,Unknown,497.0,,1.369,Unknown,,0.16,2009
2009-12-01,Lake Athabasca,Lake,Walleye,Unknown,546.0,,1.862,Unknown,,0.282,2009
2009-12-01,Lake Athabasca,Lake,Walleye,Unknown,519.0,,1.608,Unknown,,0.426,2009
2009-12-01,Lake Athabasca,Lake,Walleye,Unknown,472.0,,1.221,Unknown,,0.303,2009
2009-12-01,Lake Athabasca,Lake,Walleye,Unknown,480.0,,1.325,Unknown,,0.337,2009
2009-12-01,Lake Athabasca,Lake,Walleye,Unknown,505.0,,1.366,Unknown,,0.383,2009
2009-12-01,Lake Athabasca,Lake,Walleye,Unknown,498.0,516.0,1.592,Unknown,,0.15,2009
2009-12-01,Lake Athabasca,Lake,Walleye,Unknown,476.0,,1.196,Unknown,,0.197,2009
2009-12-01,Lake Athabasca,Lake,Walleye,Unknown,567.0,,2.161,Unknown,,0.237,2009
2009-12-01,Lake Athabasca,Lake,Walleye,Unknown,475.0,,1.214,Unknown,,0.151,2009
2009-12-01,Lake Athabasca,Lake,Walleye,Unknown,560.0,,2.278,Unknown,,0.215,2009
2006-09-24,Lake Newell,Lake,Lake Whitefish,Unknown,,474.0,,Unknown,,0.14,2006
2006-09-24,Lake Newell,Lake,Lake Whitefish,Unknown,,502.0,,Unknown,,0.146,2006
2006-09-24,Lake Newell,Lake,Lake Whitefish,Unknown,,489.0,,Unknown,,0.149,2006
2006-09-24,Lake Newell,Lake,Lake Whitefish,Unknown,,495.0,,Unknown,,0.114,2006
2006-09-24,Lake Newell,Lake,Lake Whitefish,Unknown,,477.0,,Unknown,,0.123,2006
2006-09-24,Lake Newell,Lake,Lake Whitefish,Unknown,,457.0,,Unknown,,0.146,2006
2006-09-24,Lake Newell,Lake,Lake Whitefish,Unknown,,490.0,,Unknown,,0.154,2006
2006-09-24,Lake Newell,Lake,Lake Whitefish,Unknown,,475.0,,Unknown,,0.121,2006
2006-09-24,Lake Newell,Lake,Lake Whitefish,Unknown,,409.0,,Unknown,,0.085,2006
2006-09-24,Lake Newell,Lake,Lake Whitefish,Unknown,,461.0,,Unknown,,0.071,2006
2021-09-21,Lake Newell,Reservoir,Lake Whitefish,Male,460.0,522.0,1.386,Mature,12.0,0.099,2021
2021-09-21,Lake Newell,Reservoir,Lake Whitefish,Female,492.0,554.0,1.736,Mature,12.0,0.194,2021
2021-09-21,Lake Newell,Reservoir,Lake Whitefish,Male,445.0,504.0,1.222,Mature,12.0,0.098,2021
2021-09-21,Lake Newell,Reservoir,Lake Whitefish,Male,450.0,511.0,1.464,Mature,12.0,0.088,2021
2021-09-21,Lake Newell,Reservoir,Lake Whitefish,Male,444.0,514.0,1.292,Mature,8.0,0.069,2021
2021-09-21,Lake Newell,Reservoir,Lake Whitefish,Male,466.0,523.0,1.472,Mature,13.0,0.079,2021
2021-09-21,Lake Newell,Reservoir,Lake Whitefish,Male,472.0,530.0,1.434,Mature,12.0,0.142,2021
2021-09-21,Lake Newell,Reservoir,Lake Whitefish,Female,455.0,523.0,1.508,Mature,6.0,0.119,2021
2021-09-21,Lake Newell,Reservoir,Lake Whitefish,Female,469.0,537.0,1.386,Mature,8.0,0.112,2021
2021-09-21,Lake Newell,Reservoir,Lake Whitefish,Male,448.0,509.0,1.408,Mature,9.0,0.081,2021
2021-09-21,Lake Newell,Reservoir,Lake Whitefish,Female,492.0,555.0,1.724,Mature,12.0,0.098,2021
2021-09-21,Lake Newell,Reservoir,Lake Whitefish,Female,486.0,552.0,1.87,Mature,12.0,0.104,2021
2021-09-21,Lake Newell,Reservoir,Lake Whitefish,Female,463.0,528.0,1.344,Mature,11.0,0.197,2021
2021-09-21,Lake Newell,Reservoir,Lake Whitefish,Female,450.0,513.0,1.304,Mature,4.0,0.067,2021
2021-09-21,Lake Newell,Reservoir,Lake Whitefish,Female,435.0,495.0,1.358,Mature,4.0,0.105,2021
2021-09-21,Lake Newell,Reservoir,Lake Whitefish,Female,428.0,485.0,1.188,Mature,12.0,0.196,2021
2021-09-21,Lake Newell,Reservoir,Lake Whitefish,Male,475.0,539.0,1.39,Mature,12.0,0.114,2021
2021-09-21,Lake Newell,Reservoir,Lake Whitefish,Female,466.0,531.0,1.466,Mature,13.0,0.202,2021
2021-09-21,Lake Newell,Reservoir,Lake Whitefish,Female,476.0,539.0,1.53,Mature,13.0,0.236,2021
2021-09-21,Lake Newell,Reservoir,Lake Whitefish,Male,453.0,520.0,1.39,Mature,12.0,0.229,2021
2021-09-21,Lake Newell,Reservoir,Lake Whitefish,Female,492.0,562.0,1.706,Mature,16.0,0.163,2021
2021-09-21,Lake Newell,Reservoir,Lake Whitefish,Male,445.0,517.0,1.47,Mature,11.0,0.138,2021
2021-09-21,Lake Newell,Reservoir,Lake Whitefish,Female,438.0,511.0,1.394,Mature,13.0,0.201,2021
2021-09-21,Lake Newell,Reservoir,Lake Whitefish,Female,453.0,516.0,1.496,Mature,9.0,0.2,2021
2006-09-25,Lake Newell,Lake,Northern Pike,Female,615.0,652.0,1.945,Immature,,0.228,2006
2006-09-25,Lake Newell,Lake,Northern Pike,Male,614.0,655.0,1.6,Mature,,0.212,2006
2006-09-25,Lake Newell,Lake,Northern Pike,Female,704.0,746.0,2.535,Mature,,0.205,2006
2006-09-25,Lake Newell,Lake,Northern Pike,Female,772.0,819.0,4.0,Mature,,0.198,2006
2006-09-25,Lake Newell,Lake,Northern Pike,Female,756.0,792.0,4.55,Mature,,0.264,2006
2006-09-25,Lake Newell,Lake,Northern Pike,Male,618.0,661.0,1.525,Mature,,0.284,2006
2021-09-21,Lake Newell,Reservoir,Northern Pike,Female,357.0,377.0,0.364,Immature,1.0,0.123,2021
2021-09-21,Lake Newell,Reservoir,Northern Pike,Male,293.0,311.0,0.18,Immature,1.0,0.103,2021
2021-09-21,Lake Newell,Reservoir,Northern Pike,Female,631.0,665.0,1.932,Mature,5.0,0.355,2021
2021-09-21,Lake Newell,Reservoir,Northern Pike,Female,675.0,715.0,2.16,Mature,6.0,0.486,2021
2021-09-21,Lake Newell,Reservoir,Northern Pike,Female,557.0,590.0,1.294,Mature,5.0,0.325,2021
2021-09-21,Lake Newell,Reservoir,Northern Pike,Female,729.0,767.0,2.602,Mature,6.0,0.367,2021
2021-09-21,Lake Newell,Reservoir,Northern Pike,Female,525.0,556.0,1.024,Mature,2.0,0.183,2021
2021-09-21,Lake Newell,Reservoir,Northern Pike,Female,440.0,470.0,0.604,Immature,1.0,0.159,2021
2021-09-21,Lake Newell,Reservoir,Northern Pike,Male,554.0,590.0,1.37,Mature,4.0,0.406,2021
2021-09-21,Lake Newell,Reservoir,Northern Pike,Female,599.0,634.0,1.452,Mature,3.0,0.375,2021
2021-09-21,Lake Newell,Reservoir,Northern Pike,Female,502.0,533.0,0.88,Mature,2.0,0.208,2021
2021-09-21,Lake Newell,Reservoir,Northern Pike,Female,375.0,399.0,0.346,Immature,1.0,0.162,2021
2021-09-21,Lake Newell,Reservoir,Northern Pike,Female,359.0,381.0,0.284,Immature,1.0,0.096,2021
2021-09-21,Lake Newell,Reservoir,Northern Pike,Female,599.0,633.0,1.608,Mature,3.0,0.251,2021
2021-09-21,Lake Newell,Reservoir,Northern Pike,Female,704.0,745.0,2.286,Mature,6.0,0.479,2021
2006-09-25,Lake Newell,Lake,Walleye,Male,426.0,455.0,0.965,Mature,3.0,0.246,2006
2006-09-25,Lake Newell,Lake,Walleye,Male,600.0,626.0,2.445,Mature,8.0,0.6,2006
2006-09-25,Lake Newell,Lake,Walleye,Male,627.0,656.0,2.935,Mature,11.0,0.576,2006
2006-09-25,Lake Newell,Lake,Walleye,Male,440.0,465.0,0.995,Mature,3.0,0.238,2006
2006-09-25,Lake Newell,Lake,Walleye,Male,429.0,451.0,0.967,Mature,3.0,0.215,2006
2006-09-25,Lake Newell,Lake,Walleye,Female,429.0,455.0,0.985,Immature,3.0,0.193,2006
2006-09-25,Lake Newell,Lake,Walleye,Female,631.0,667.0,3.28,Mature,8.0,0.556,2006
2006-09-25,Lake Newell,Lake,Walleye,Male,608.0,641.0,3.235,Mature,9.0,0.48,2006
2021-09-21,Lake Newell,Reservoir,Walleye,Female,583.0,608.0,2.168,Mature,8.0,0.56,2021
2021-09-21,Lake Newell,Reservoir,Walleye,Male,458.0,485.0,1.192,Mature,4.0,0.208,2021
2021-09-21,Lake Newell,Reservoir,Walleye,Male,447.0,471.0,1.06,Mature,4.0,0.258,2021
2021-09-21,Lake Newell,Reservoir,Walleye,Female,437.0,462.0,0.99,Immature,4.0,0.251,2021
2021-09-21,Lake Newell,Reservoir,Walleye,Male,438.0,465.0,1.02,Mature,4.0,0.327,2021
2021-09-21,Lake Newell,Reservoir,Walleye,Male,431.0,455.0,0.93,Mature,4.0,0.241,2021
2021-09-21,Lake Newell,Reservoir,Walleye,Male,450.0,472.0,1.08,Mature,4.0,0.177,2021
2021-09-21,Lake Newell,Reservoir,Walleye,Male,492.0,516.0,1.432,Mature,6.0,0.44,2021
2021-09-21,Lake Newell,Reservoir,Walleye,Male,563.0,591.0,2.396,Mature,8.0,0.505,2021
2021-09-21,Lake Newell,Reservoir,Walleye,Male,425.0,453.0,0.888,Mature,4.0,0.251,2021
2021-09-21,Lake Newell,Reservoir,Walleye,Female,461.0,486.0,1.186,Immature,4.0,0.181,2021
2021-09-21,Lake Newell,Reservoir,Walleye,Male,181.0,191.0,0.064,Immature,0.0,0.147,2021
2021-09-21,Lake Newell,Reservoir,Walleye,Female,457.0,488.0,1.15,Mature,4.0,0.268,2021
2021-09-21,Lake Newell,Reservoir,Walleye,Female,629.0,661.0,2.856,Mature,9.0,0.596,2021
2021-09-21,Lake Newell,Reservoir,Walleye,Male,571.0,602.0,2.674,Mature,10.0,0.531,2021
2021-09-21,Lake Newell,Reservoir,Walleye,Female,586.0,615.0,2.644,Mature,7.0,0.38,2021
2021-09-21,Lake Newell,Reservoir,Walleye,Female,455.0,481.0,1.27,Immature,4.0,0.225,2021
2021-09-21,Lake Newell,Reservoir,Walleye,Male,521.0,549.0,1.78,Mature,8.0,0.651,2021
2021-09-21,Lake Newell,Reservoir,Walleye,Female,616.0,642.0,2.016,Mature,18.0,1.105,2021
2021-09-21,Lake Newell,Reservoir,Walleye,Male,526.0,555.0,1.778,Mature,8.0,0.488,2021
2021-09-21,Lake Newell,Reservoir,Walleye,Male,579.0,605.0,2.156,Mature,10.0,0.593,2021
2021-09-21,Lake Newell,Reservoir,Walleye,Male,562.0,587.0,2.21,Mature,9.0,0.538,2021
2021-09-21,Lake Newell,Reservoir,Walleye,Female,552.0,580.0,1.8,Mature,7.0,0.476,2021
2021-09-21,Lake Newell,Reservoir,Walleye,Male,503.0,530.0,1.494,Mature,7.0,0.567,2021
2021-09-21,Lake Newell,Reservoir,Walleye,Male,550.0,581.0,1.84,Mature,10.0,0.626,2021
2021-09-21,Lake Newell,Reservoir,Walleye,Male,567.0,597.0,2.59,Mature,8.0,0.54,2021
2021-09-21,Lake Newell,Reservoir,Walleye,Male,610.0,645.0,2.894,Mature,12.0,0.685,2021
2021-09-21,Lake Newell,Reservoir,Walleye,Male,613.0,639.0,2.734,Mature,10.0,0.614,2021
2021-09-21,Lake Newell,Reservoir,Walleye,Male,553.0,587.0,2.346,Mature,8.0,0.509,2021
2021-09-21,Lake Newell,Reservoir,Walleye,Male,548.0,579.0,2.164,Mature,12.0,0.715,2021
2011-01-28,Laurier Lake,Lake,Northern Pike,Female,,785.0,2.73,Unknown,,0.539,2011
2011-01-28,Laurier Lake,Lake,Northern Pike,Female,,865.0,3.57,Unknown,,0.556,2011
2011-01-28,Laurier Lake,Lake,Northern Pike,Female,,810.0,3.18,Unknown,,0.365,2011
2011-01-28,Laurier Lake,Lake,Northern Pike,Female,,785.0,3.03,Unknown,,0.403,2011
2011-01-28,Laurier Lake,Lake,Northern Pike,Unknown,,615.0,1.46,Unknown,,0.188,2011
2011-01-28,Laurier Lake,Lake,Northern Pike,Unknown,,660.0,2.07,Unknown,,0.457,2011
2011-01-28,Laurier Lake,Lake,Northern Pike,Unknown,,700.0,2.35,Unknown,,0.474,2011
2011-01-28,Laurier Lake,Lake,Northern Pike,Unknown,,715.0,2.66,Unknown,,0.363,2011
2011-01-28,Laurier Lake,Lake,Northern Pike,Unknown,,640.0,1.65,Unknown,,0.534,2011
2011-01-28,Laurier Lake,Lake,Northern Pike,Female,,765.0,2.99,Unknown,,0.473,2011
2011-01-28,Laurier Lake,Lake,Northern Pike,Unknown,,690.0,2.06,Unknown,,0.454,2011
2020-09-09,Lesser Slave Lake,Lake,Lake Whitefish,Female,480.0,535.0,1.36,Mature,8.0,0.071,2020
2020-09-09,Lesser Slave Lake,Lake,Lake Whitefish,Female,378.0,415.0,0.83,Mature,8.0,0.109,2020
2020-09-09,Lesser Slave Lake,Lake,Lake Whitefish,Female,460.0,510.0,1.33,Mature,10.0,0.097,2020
2020-09-09,Lesser Slave Lake,Lake,Lake Whitefish,Female,480.0,530.0,1.49,Mature,6.0,0.071,2020
2020-09-09,Lesser Slave Lake,Lake,Lake Whitefish,Female,467.0,520.0,1.33,Mature,10.0,0.073,2020
2020-09-10,Lesser Slave Lake,Lake,Lake Whitefish,Female,340.0,386.0,0.51,Immature,3.0,0.033,2020
2020-09-10,Lesser Slave Lake,Lake,Lake Whitefish,Female,356.0,405.0,0.6,Immature,3.0,0.031,2020
2020-09-10,Lesser Slave Lake,Lake,Lake Whitefish,Female,482.0,544.0,1.49,Mature,9.0,0.079,2020
2020-09-11,Lesser Slave Lake,Lake,Lake Whitefish,Male,420.0,572.0,1.91,Mature,7.0,0.107,2020
2020-09-11,Lesser Slave Lake,Lake,Lake Whitefish,Male,,502.0,1.4,Mature,8.0,0.078,2020
2020-09-11,Lesser Slave Lake,Lake,Lake Whitefish,Male,492.0,555.0,1.65,Mature,10.0,0.075,2020
2020-09-11,Lesser Slave Lake,Lake,Lake Whitefish,Male,420.0,472.0,1.11,Mature,6.0,0.049,2020
2020-09-11,Lesser Slave Lake,Lake,Lake Whitefish,Female,386.0,431.0,0.85,Immature,6.0,0.033,2020
2020-09-11,Lesser Slave Lake,Lake,Lake Whitefish,Female,544.0,601.0,2.22,Mature,11.0,0.072,2020
2020-09-11,Lesser Slave Lake,Lake,Lake Whitefish,Male,462.0,516.0,1.24,Mature,10.0,0.069,2020
2020-09-11,Lesser Slave Lake,Lake,Lake Whitefish,Female,377.0,424.0,0.695,Immature,5.0,0.06,2020
2020-09-11,Lesser Slave Lake,Lake,Lake Whitefish,Female,445.0,504.0,1.19,Mature,7.0,0.041,2020
2020-09-11,Lesser Slave Lake,Lake,Lake Whitefish,Female,385.0,431.0,0.79,Immature,6.0,0.027,2020
2020-09-11,Lesser Slave Lake,Lake,Lake Whitefish,Female,490.0,548.0,1.41,Mature,9.0,0.065,2020
2020-09-11,Lesser Slave Lake,Lake,Lake Whitefish,Male,464.0,516.0,1.41,Mature,8.0,0.07,2020
2020-09-11,Lesser Slave Lake,Lake,Lake Whitefish,Female,366.0,414.0,0.72,Immature,5.0,0.046,2020
2020-09-19,Lesser Slave Lake,Lake,Lake Whitefish,Male,460.0,515.0,1.26,Mature,8.0,0.055,2020
2020-09-19,Lesser Slave Lake,Lake,Lake Whitefish,Female,431.0,480.0,1.155,Mature,6.0,0.03,2020
2020-09-10,Lesser Slave Lake,Lake,Northern Pike,Female,725.0,765.0,2.755,Mature,7.0,0.429,2020
2020-09-11,Lesser Slave Lake,Lake,Northern Pike,Female,998.0,1046.0,8.15,Mature,,0.659,2020
2020-09-14,Lesser Slave Lake,Lake,Northern Pike,Female,579.0,614.0,1.57,Mature,7.0,0.213,2020
2020-09-14,Lesser Slave Lake,Lake,Northern Pike,Female,655.0,698.0,2.85,Mature,11.0,0.261,2020
2020-09-14,Lesser Slave Lake,Lake,Northern Pike,Female,594.0,634.0,1.57,Mature,7.0,0.286,2020
2020-09-14,Lesser Slave Lake,Lake,Northern Pike,Female,722.0,765.0,2.78,Mature,8.0,0.257,2020
2020-09-14,Lesser Slave Lake,Lake,Northern Pike,Female,650.0,690.0,2.28,Mature,7.0,0.18,2020
2020-09-14,Lesser Slave Lake,Lake,Northern Pike,Male,590.0,629.0,1.59,Mature,7.0,0.305,2020
2020-09-14,Lesser Slave Lake,Lake,Northern Pike,Female,615.0,647.0,1.57,Mature,10.0,0.271,2020
2020-09-14,Lesser Slave Lake,Lake,Northern Pike,Female,594.0,638.0,1.51,Mature,6.0,0.135,2020
2020-09-14,Lesser Slave Lake,Lake,Northern Pike,Female,740.0,781.0,3.13,Mature,10.0,0.286,2020
2020-09-14,Lesser Slave Lake,Lake,Northern Pike,Male,549.0,578.0,1.23,Mature,5.0,0.174,2020
2020-09-14,Lesser Slave Lake,Lake,Northern Pike,Female,577.0,610.0,1.26,Mature,6.0,0.145,2020
2020-09-14,Lesser Slave Lake,Lake,Northern Pike,Female,850.0,888.0,5.27,Mature,11.0,0.73,2020
2020-09-14,Lesser Slave Lake,Lake,Northern Pike,Female,662.0,700.0,2.415,Mature,7.0,0.224,2020
2020-09-15,Lesser Slave Lake,Lake,Northern Pike,Female,625.0,664.0,1.955,Mature,6.0,0.132,2020
2020-09-15,Lesser Slave Lake,Lake,Northern Pike,Female,773.0,809.0,3.85,Mature,9.0,0.528,2020
2020-09-15,Lesser Slave Lake,Lake,Northern Pike,Female,526.0,563.0,1.02,Mature,3.0,0.108,2020
2020-09-15,Lesser Slave Lake,Lake,Northern Pike,Female,963.0,1005.0,6.615,Mature,13.0,0.901,2020
2020-09-15,Lesser Slave Lake,Lake,Northern Pike,Female,895.0,941.0,5.64,Mature,9.0,0.784,2020
2020-09-17,Lesser Slave Lake,Lake,Northern Pike,Female,643.0,681.0,1.64,Mature,,0.338,2020
2020-09-17,Lesser Slave Lake,Lake,Northern Pike,Female,553.0,590.0,1.12,Mature,,0.157,2020
2020-09-17,Lesser Slave Lake,Lake,Northern Pike,Female,551.0,587.0,1.29,Mature,4.0,0.272,2020
2020-09-17,Lesser Slave Lake,Lake,Northern Pike,Female,895.0,940.0,6.145,Mature,10.0,0.599,2020
2020-09-17,Lesser Slave Lake,Lake,Northern Pike,Female,582.0,621.0,1.375,Mature,6.0,0.336,2020
2020-09-17,Lesser Slave Lake,Lake,Northern Pike,Female,643.0,680.0,2.32,Mature,6.0,0.348,2020
2020-09-17,Lesser Slave Lake,Lake,Northern Pike,Female,768.0,810.0,3.69,Mature,9.0,0.412,2020
2020-09-17,Lesser Slave Lake,Lake,Northern Pike,Female,660.0,695.0,2.085,Mature,4.0,0.221,2020
2020-09-19,Lesser Slave Lake,Lake,Northern Pike,Female,740.0,777.0,3.16,Mature,7.0,0.29,2020
2020-09-09,Lesser Slave Lake,Lake,Walleye,Female,414.0,438.0,0.75,Mature,6.0,0.189,2020
2020-09-09,Lesser Slave Lake,Lake,Walleye,Female,470.0,503.0,1.29,Mature,8.0,0.28,2020
2020-09-10,Lesser Slave Lake,Lake,Walleye,Female,460.0,485.0,1.13,Mature,15.0,0.526,2020
2020-09-10,Lesser Slave Lake,Lake,Walleye,Male,462.0,510.0,1.16,Mature,15.0,0.496,2020
2020-09-10,Lesser Slave Lake,Lake,Walleye,Female,455.0,475.0,0.96,Mature,9.0,0.302,2020
2020-09-10,Lesser Slave Lake,Lake,Walleye,Female,556.0,592.0,1.795,Mature,18.0,0.626,2020
2020-09-10,Lesser Slave Lake,Lake,Walleye,Male,437.0,463.0,0.9,Mature,21.0,0.478,2020
2020-09-10,Lesser Slave Lake,Lake,Walleye,Male,452.0,463.0,0.95,Mature,10.0,0.386,2020
2020-09-11,Lesser Slave Lake,Lake,Walleye,Male,427.0,455.0,0.81,Mature,10.0,0.39,2020
2020-09-11,Lesser Slave Lake,Lake,Walleye,Female,508.0,540.0,1.36,Mature,13.0,0.382,2020
2020-09-14,Lesser Slave Lake,Lake,Walleye,Female,459.0,490.0,1.11,Mature,10.0,0.173,2020
2020-09-14,Lesser Slave Lake,Lake,Walleye,Female,487.0,519.0,1.42,Mature,15.0,0.332,2020
2020-09-14,Lesser Slave Lake,Lake,Walleye,Male,485.0,519.0,1.25,Mature,17.0,0.399,2020
2020-09-18,Lesser Slave Lake,Lake,Walleye,Female,424.0,453.0,0.825,Mature,4.0,0.33,2020
2020-09-18,Lesser Slave Lake,Lake,Walleye,Male,468.0,497.0,1.01,Mature,12.0,0.507,2020
2020-09-18,Lesser Slave Lake,Lake,Walleye,Male,394.0,416.0,0.68,Mature,10.0,0.371,2020
2020-09-18,Lesser Slave Lake,Lake,Walleye,Male,422.0,452.0,0.81,Mature,7.0,0.274,2020
2020-09-18,Lesser Slave Lake,Lake,Walleye,Male,453.0,488.0,1.025,Mature,11.0,0.482,2020
2020-09-18,Lesser Slave Lake,Lake,Walleye,Female,461.0,496.0,1.075,Mature,8.0,0.32,2020
2020-09-18,Lesser Slave Lake,Lake,Walleye,Male,408.0,435.0,0.76,Mature,8.0,0.294,2020
2010-09-24,Lesser Slave Lake (East and West),Lake,Northern Pike,Female,701.0,732.0,1.55,Unknown,,0.406,2010
2010-09-24,Lesser Slave Lake (East and West),Lake,Northern Pike,Female,800.0,850.0,5.565,Mature,,0.356,2010
2010-09-25,Lesser Slave Lake (East and West),Lake,Northern Pike,Female,593.0,633.0,1.065,Mature,,0.288,2010
2010-09-25,Lesser Slave Lake (East and West),Lake,Northern Pike,Female,555.0,587.0,1.05,Mature,,0.305,2010
2010-09-26,Lesser Slave Lake (East and West),Lake,Northern Pike,Female,568.0,600.0,1.255,Mature,,0.241,2010
2010-09-26,Lesser Slave Lake (East and West),Lake,Northern Pike,Female,575.0,612.0,1.225,Mature,,0.226,2010
2010-09-26,Lesser Slave Lake (East and West),Lake,Northern Pike,Male,715.0,757.0,2.845,Mature,,0.452,2010
2010-09-27,Lesser Slave Lake (East and West),Lake,Northern Pike,Female,531.0,563.0,1.0,Mature,,0.305,2010
2010-09-27,Lesser Slave Lake (East and West),Lake,Northern Pike,Female,847.0,891.0,5.155,Mature,,0.423,2010
2010-09-28,Lesser Slave Lake (East and West),Lake,Northern Pike,Female,700.0,741.0,2.425,Mature,,0.408,2010
2010-09-28,Lesser Slave Lake (East and West),Lake,Northern Pike,Female,772.0,819.0,3.51,Mature,,0.394,2010
2010-09-28,Lesser Slave Lake (East and West),Lake,Northern Pike,Female,909.0,956.0,5.075,Mature,,0.574,2010
2010-09-29,Lesser Slave Lake (East and West),Lake,Northern Pike,Male,,629.0,1.315,Unknown,,0.334,2010
2010-09-29,Lesser Slave Lake (East and West),Lake,Northern Pike,Male,,792.0,3.13,Unknown,,0.506,2010
2010-09-29,Lesser Slave Lake (East and West),Lake,Northern Pike,Female,953.0,999.0,7.22,Mature,,0.584,2010
2010-09-30,Lesser Slave Lake (East and West),Lake,Northern Pike,Male,595.0,622.0,1.16,Mature,,0.623,2010
2010-09-30,Lesser Slave Lake (East and West),Lake,Northern Pike,Female,555.0,585.0,1.075,Mature,,0.297,2010
2010-09-30,Lesser Slave Lake (East and West),Lake,Northern Pike,Female,742.0,785.0,2.91,Mature,,0.252,2010
2010-10-01,Lesser Slave Lake (East and West),Lake,Northern Pike,Female,760.0,805.0,3.395,Mature,,0.472,2010
2010-10-01,Lesser Slave Lake (East and West),Lake,Northern Pike,Female,760.0,800.0,3.925,Mature,,0.367,2010
2010-10-02,Lesser Slave Lake (East and West),Lake,Northern Pike,Female,545.0,562.0,1.005,Mature,,0.304,2010
2010-10-02,Lesser Slave Lake (East and West),Lake,Northern Pike,Female,670.0,713.0,1.855,Mature,,0.382,2010
2010-10-03,Lesser Slave Lake (East and West),Lake,Northern Pike,Female,690.0,730.0,2.575,Mature,,0.302,2010
2010-10-03,Lesser Slave Lake (East and West),Lake,Northern Pike,Female,715.0,755.0,2.92,Mature,,0.277,2010
2010-10-03,Lesser Slave Lake (East and West),Lake,Northern Pike,Female,741.0,780.0,3.11,Mature,,0.357,2010
2010-09-24,Lesser Slave Lake (East and West),Lake,Walleye,Female,451.0,480.0,0.935,Mature,,0.208,2010
2010-09-24,Lesser Slave Lake (East and West),Lake,Walleye,Female,505.0,539.0,0.77,Mature,,0.752,2010
2010-09-24,Lesser Slave Lake (East and West),Lake,Walleye,Female,453.0,483.0,0.885,Mature,,0.334,2010
2010-09-24,Lesser Slave Lake (East and West),Lake,Walleye,Female,459.0,491.0,0.92,Mature,,0.371,2010
2010-09-25,Lesser Slave Lake (East and West),Lake,Walleye,Female,507.0,541.0,1.285,Mature,,0.497,2010
2010-09-25,Lesser Slave Lake (East and West),Lake,Walleye,Female,469.0,505.0,0.915,Mature,,0.275,2010
2010-09-25,Lesser Slave Lake (East and West),Lake,Walleye,Female,552.0,584.0,1.835,Mature,,0.327,2010
2010-09-26,Lesser Slave Lake (East and West),Lake,Walleye,Male,430.0,460.0,0.79,Mature,,0.233,2010
2010-09-26,Lesser Slave Lake (East and West),Lake,Walleye,Female,476.0,507.0,1.235,Mature,,0.251,2010
2010-09-26,Lesser Slave Lake (East and West),Lake,Walleye,Female,564.0,595.0,1.865,Mature,,0.372,2010
2010-09-27,Lesser Slave Lake (East and West),Lake,Walleye,Female,485.0,517.0,1.015,Mature,,0.353,2010
2010-09-27,Lesser Slave Lake (East and West),Lake,Walleye,Female,476.0,505.0,1.09,Mature,,0.172,2010
2010-09-27,Lesser Slave Lake (East and West),Lake,Walleye,Female,517.0,549.0,1.375,Mature,,0.3,2010
2010-09-27,Lesser Slave Lake (East and West),Lake,Walleye,Female,460.0,486.0,0.985,Mature,,0.391,2010
2010-09-28,Lesser Slave Lake (East and West),Lake,Walleye,Female,686.0,715.0,4.015,Mature,,0.65,2010
2010-09-28,Lesser Slave Lake (East and West),Lake,Walleye,Female,485.0,515.0,1.165,Mature,,0.348,2010
2010-09-28,Lesser Slave Lake (East and West),Lake,Walleye,Male,432.0,460.0,0.815,Mature,,0.347,2010
2010-09-29,Lesser Slave Lake (East and West),Lake,Walleye,Female,464.0,494.0,1.03,Mature,,0.289,2010
2010-09-29,Lesser Slave Lake (East and West),Lake,Walleye,Female,456.0,485.0,0.93,Mature,,0.311,2010
2010-09-29,Lesser Slave Lake (East and West),Lake,Walleye,Female,485.0,517.0,1.25,Mature,,0.192,2010
2010-09-30,Lesser Slave Lake (East and West),Lake,Walleye,Female,430.0,462.0,0.945,Mature,10.0,0.188,2010
2010-10-01,Lesser Slave Lake (East and West),Lake,Walleye,Male,484.0,510.0,1.165,Mature,,0.31,2010
2010-10-01,Lesser Slave Lake (East and West),Lake,Walleye,Male,447.0,479.0,1.09,Mature,14.0,0.286,2010
2010-10-01,Lesser Slave Lake (East and West),Lake,Walleye,Female,466.0,497.0,1.295,Mature,,0.149,2010
2010-10-02,Lesser Slave Lake (East and West),Lake,Walleye,Female,483.0,518.0,0.975,Mature,,0.478,2010
2010-10-02,Lesser Slave Lake (East and West),Lake,Walleye,Female,515.0,545.0,1.165,Mature,15.0,0.319,2010
2010-10-02,Lesser Slave Lake (East and West),Lake,Walleye,Female,491.0,518.0,1.225,Mature,,0.283,2010
2010-10-03,Lesser Slave Lake (East and West),Lake,Walleye,Female,480.0,508.0,1.11,Mature,13.0,0.316,2010
2010-10-03,Lesser Slave Lake (East and West),Lake,Walleye,Female,459.0,487.0,0.785,Mature,,0.504,2010
2010-01-26,Little Bow Lake Reservoir (Little Bow Reservoir),Reservoir,Northern Pike,Unknown,627.0,666.0,1.805,Unknown,,0.647,2010
2010-01-26,Little Bow Lake Reservoir (Little Bow Reservoir),Reservoir,Northern Pike,Unknown,584.0,621.0,1.305,Unknown,,0.467,2010
2010-01-26,Little Bow Lake Reservoir (Little Bow Reservoir),Reservoir,Northern Pike,Unknown,568.0,620.0,1.513,Unknown,,0.381,2010
2010-01-26,Little Bow Lake Reservoir (Little Bow Reservoir),Reservoir,Northern Pike,Unknown,625.0,665.0,1.869,Unknown,,0.408,2010
2010-01-26,Little Bow Lake Reservoir (Little Bow Reservoir),Reservoir,Northern Pike,Unknown,575.0,608.0,1.596,Unknown,,0.313,2010
2010-01-26,Little Bow Lake Reservoir (Little Bow Reservoir),Reservoir,Northern Pike,Unknown,514.0,550.0,0.945,Unknown,,0.412,2010
2010-01-26,Little Bow Lake Reservoir (Little Bow Reservoir),Reservoir,Northern Pike,Unknown,665.0,707.0,1.708,Unknown,,0.874,2010
2010-01-26,Little Bow Lake Reservoir (Little Bow Reservoir),Reservoir,Northern Pike,Unknown,561.0,608.0,1.312,Unknown,,0.408,2010
2010-01-26,Little Bow Lake Reservoir (Little Bow Reservoir),Reservoir,Northern Pike,Unknown,557.0,587.0,1.352,Unknown,,0.307,2010
2002-07-08,Little Bow River (Downstream of Carmangay Weir),River,Northern Pike,Unknown,388.0,,0.425,Unknown,,0.262,2002
2002-07-08,Little Bow River (Downstream of Carmangay Weir),River,Northern Pike,Unknown,507.0,,0.803,Unknown,,0.371,2002
2002-07-08,Little Bow River (Downstream of Carmangay Weir),River,Northern Pike,Unknown,545.0,,1.062,Unknown,,0.308,2002
2002-07-08,Little Bow River (Downstream of Carmangay Weir),River,Northern Pike,Unknown,571.0,,1.308,Unknown,,0.332,2002
2002-07-23,Little Bow River (Downstream of Carmangay Weir),River,Northern Pike,Unknown,513.0,,0.96,Unknown,,0.504,2002
2002-07-23,Little Bow River (Downstream of Carmangay Weir),River,Northern Pike,Unknown,461.0,,0.754,Unknown,,0.384,2002
2002-07-23,Little Bow River (Downstream of Carmangay Weir),River,Northern Pike,Unknown,439.0,,0.689,Unknown,,0.294,2002
2002-07-23,Little Bow River (Downstream of Carmangay Weir),River,Northern Pike,Unknown,446.0,,0.617,Unknown,,0.431,2002
2002-07-23,Little Bow River (Downstream of Carmangay Weir),River,Northern Pike,Unknown,427.0,,0.643,Unknown,,0.346,2002
2002-07-23,Little Bow River (Downstream of Carmangay Weir),River,Northern Pike,Unknown,606.0,,1.48,Unknown,,0.344,2002
2002-07-23,Little Bow River (Downstream of Carmangay Weir),River,Northern Pike,Unknown,409.0,,0.488,Unknown,,0.3,2002
2002-07-23,Little Bow River (Downstream of Carmangay Weir),River,Northern Pike,Unknown,459.0,,0.627,Unknown,,0.47,2002
2002-07-23,Little Bow River (Downstream of Carmangay Weir),River,Northern Pike,Unknown,588.0,,1.339,Unknown,,0.39,2002
2002-07-23,Little Bow River (Downstream of Carmangay Weir),River,Northern Pike,Unknown,423.0,,0.528,Unknown,,0.268,2002
2002-07-23,Little Bow River (Downstream of Carmangay Weir),River,Northern Pike,Unknown,373.0,,0.366,Unknown,,0.294,2002
2002-07-23,Little Bow River (Downstream of Carmangay Weir),River,Northern Pike,Unknown,455.0,,0.67,Unknown,,0.345,2002
2002-07-23,Little Bow River (Downstream of Carmangay Weir),River,Northern Pike,Unknown,486.0,,0.8,Unknown,,0.372,2002
2002-07-23,Little Bow River (Downstream of Carmangay Weir),River,Northern Pike,Unknown,755.0,,2.937,Unknown,,0.367,2002
2002-07-23,Little Bow River (Downstream of Carmangay Weir),River,Northern Pike,Unknown,628.0,,1.741,Unknown,,0.354,2002
2002-07-23,Little Bow River (Downstream of Carmangay Weir),River,Northern Pike,Unknown,502.0,,0.941,Unknown,,0.355,2002
2002-07-08,Little Bow River (Downstream of Carmangay Weir),River,White Sucker,Unknown,413.0,,0.968,Unknown,,0.14,2002
2002-07-08,Little Bow River (Downstream of Carmangay Weir),River,White Sucker,Unknown,329.0,,0.536,Unknown,,0.207,2002
2002-07-08,Little Bow River (Downstream of Carmangay Weir),River,White Sucker,Unknown,365.0,,0.694,Unknown,,0.204,2002
2002-07-08,Little Bow River (Downstream of Carmangay Weir),River,White Sucker,Unknown,370.0,,0.699,Unknown,,0.356,2002
2002-07-08,Little Bow River (Downstream of Carmangay Weir),River,White Sucker,Unknown,424.0,,1.079,Unknown,,0.461,2002
2002-07-08,Little Bow River (Downstream of Carmangay Weir),River,White Sucker,Unknown,436.0,,1.027,Unknown,,0.404,2002
2002-07-08,Little Bow River (Downstream of Carmangay Weir),River,White Sucker,Unknown,445.0,,1.22,Unknown,,0.352,2002
2002-07-08,Little Bow River (Downstream of Carmangay Weir),River,White Sucker,Unknown,410.0,,0.867,Unknown,,0.401,2002
2002-07-08,Little Bow River (Downstream of Carmangay Weir),River,White Sucker,Unknown,402.0,,0.866,Unknown,,0.254,2002
2002-07-08,Little Bow River (Downstream of Carmangay Weir),River,White Sucker,Unknown,396.0,,0.798,Unknown,,0.312,2002
2002-07-08,Little Bow River (Downstream of Carmangay Weir),River,White Sucker,Unknown,316.0,,0.442,Unknown,,0.124,2002
2002-07-08,Little Bow River (Downstream of Carmangay Weir),River,White Sucker,Unknown,308.0,,0.453,Unknown,,0.139,2002
2002-07-08,Little Bow River (Downstream of Carmangay Weir),River,White Sucker,Unknown,307.0,,0.392,Unknown,,0.147,2002
2002-07-08,Little Bow River (Downstream of Carmangay Weir),River,White Sucker,Unknown,265.0,,0.309,Unknown,,0.175,2002
2002-07-08,Little Bow River (Downstream of Carmangay Weir),River,White Sucker,Unknown,259.0,,0.234,Unknown,,0.089,2002
2002-07-08,Little Bow River (Downstream of Carmangay Weir),River,White Sucker,Unknown,262.0,,0.224,Unknown,,0.144,2002
2002-07-08,Little Bow River (Downstream of Carmangay Weir),River,White Sucker,Unknown,142.0,,0.049,Unknown,,0.134,2002
2002-07-08,Little Bow River (Downstream of Carmangay Weir),River,White Sucker,Unknown,144.0,,0.046,Unknown,,0.119,2002
2002-07-08,Little Bow River (Downstream of Carmangay Weir),River,White Sucker,Unknown,153.0,,0.047,Unknown,,0.129,2002
2002-07-08,Little Bow River (Downstream of Carmangay Weir),River,White Sucker,Unknown,384.0,,0.835,Unknown,,0.217,2002
2005-10-04,Little Bow River (Twin Valley Downstream),River,Burbot,Unknown,642.0,,1.836,Unknown,,0.447,2005
2004-09-07,Little Bow River (Twin Valley Downstream),River,Northern Pike,Unknown,135.0,,0.017,Unknown,,0.376,2004
2004-09-08,Little Bow River (Twin Valley Downstream),River,Northern Pike,Unknown,159.0,,0.03,Unknown,,0.106,2004
2004-09-08,Little Bow River (Twin Valley Downstream),River,Northern Pike,Unknown,186.0,,0.05,Unknown,,0.139,2004
2004-09-08,Little Bow River (Twin Valley Downstream),River,Northern Pike,Unknown,196.0,,0.055,Unknown,,0.095,2004
2004-09-08,Little Bow River (Twin Valley Downstream),River,Northern Pike,Unknown,562.0,,1.5,Unknown,,0.425,2004
2004-09-08,Little Bow River (Twin Valley Downstream),River,Northern Pike,Unknown,789.0,,0.4,Unknown,,0.49,2004
2005-10-04,Little Bow River (Twin Valley Downstream),River,Northern Pike,Unknown,592.0,,1.703,Unknown,,0.658,2005
2005-10-04,Little Bow River (Twin Valley Downstream),River,Northern Pike,Unknown,454.0,,0.686,Unknown,,0.406,2005
2005-10-04,Little Bow River (Twin Valley Downstream),River,Northern Pike,Unknown,723.0,,2.747,Unknown,,0.701,2005
2006-10-20,Little Bow River (Twin Valley Downstream),River,Northern Pike,Unknown,,664.0,2.375,Unknown,,0.336,2006
2006-10-20,Little Bow River (Twin Valley Downstream),River,Northern Pike,Unknown,,580.0,1.775,Unknown,,0.377,2006
2006-10-20,Little Bow River (Twin Valley Downstream),River,Northern Pike,Unknown,,551.0,1.492,Unknown,,0.49,2006
2006-10-20,Little Bow River (Twin Valley Downstream),River,Northern Pike,Unknown,,505.0,0.834,Unknown,,0.68,2006
2006-10-20,Little Bow River (Twin Valley Downstream),River,Northern Pike,Unknown,,549.0,1.489,Unknown,,0.292,2006
2006-10-20,Little Bow River (Twin Valley Downstream),River,Northern Pike,Unknown,,572.0,1.582,Unknown,,0.563,2006
2006-10-20,Little Bow River (Twin Valley Downstream),River,Northern Pike,Unknown,,492.0,0.953,Unknown,,0.4,2006
2006-10-20,Little Bow River (Twin Valley Downstream),River,Northern Pike,Unknown,,621.0,1.971,Unknown,,0.643,2006
2006-10-20,Little Bow River (Twin Valley Downstream),River,Northern Pike,Unknown,,493.0,0.864,Unknown,,0.986,2006
2006-11-07,Little Bow River (Twin Valley Downstream),River,Northern Pike,Unknown,,562.0,1.493,Unknown,,0.165,2006
2004-09-02,Little Bow River (Twin Valley Downstream),River,White Sucker,Unknown,,193.0,0.095,Unknown,,0.103,2004
2004-09-02,Little Bow River (Twin Valley Downstream),River,White Sucker,Unknown,214.0,,0.12,Unknown,,0.082,2004
2004-09-02,Little Bow River (Twin Valley Downstream),River,White Sucker,Unknown,308.0,,0.39,Unknown,,0.116,2004
2004-09-02,Little Bow River (Twin Valley Downstream),River,White Sucker,Unknown,330.0,,0.615,Unknown,,0.16,2004
2004-09-02,Little Bow River (Twin Valley Downstream),River,White Sucker,Unknown,341.0,,0.7,Unknown,,0.11,2004
2004-09-02,Little Bow River (Twin Valley Downstream),River,White Sucker,Unknown,392.0,,0.9,Unknown,,0.174,2004
2004-09-02,Little Bow River (Twin Valley Downstream),River,White Sucker,Unknown,397.0,,0.935,Unknown,,0.099,2004
2004-09-02,Little Bow River (Twin Valley Downstream),River,White Sucker,Unknown,403.0,,0.95,Unknown,,0.174,2004
2004-09-02,Little Bow River (Twin Valley Downstream),River,White Sucker,Unknown,417.0,,1.1,Unknown,,0.134,2004
2004-09-02,Little Bow River (Twin Valley Downstream),River,White Sucker,Unknown,,433.0,1.15,Unknown,,0.153,2004
2004-09-07,Little Bow River (Twin Valley Downstream),River,White Sucker,Unknown,130.0,,0.025,Unknown,,0.329,2004
2004-09-07,Little Bow River (Twin Valley Downstream),River,White Sucker,Unknown,283.0,,0.375,Unknown,,0.499,2004
2004-09-07,Little Bow River (Twin Valley Downstream),River,White Sucker,Unknown,292.0,,0.35,Unknown,,0.533,2004
2004-09-07,Little Bow River (Twin Valley Downstream),River,White Sucker,Unknown,398.0,,0.935,Unknown,,0.656,2004
2004-09-07,Little Bow River (Twin Valley Downstream),River,White Sucker,Unknown,,428.0,1.155,Unknown,,0.329,2004
2004-09-08,Little Bow River (Twin Valley Downstream),River,White Sucker,Unknown,324.0,,0.475,Unknown,,0.208,2004
2004-09-08,Little Bow River (Twin Valley Downstream),River,White Sucker,Unknown,384.0,,0.9,Unknown,,0.208,2004
2004-09-08,Little Bow River (Twin Valley Downstream),River,White Sucker,Unknown,407.0,,1.035,Unknown,,0.363,2004
2004-09-08,Little Bow River (Twin Valley Downstream),River,White Sucker,Unknown,409.0,,1.015,Unknown,,0.33,2004
2004-09-08,Little Bow River (Twin Valley Downstream),River,White Sucker,Unknown,449.0,,1.31,Unknown,,0.387,2004
2005-10-03,Little Bow River (Twin Valley Downstream),River,White Sucker,Unknown,351.0,,0.625,Unknown,,0.145,2005
2005-10-03,Little Bow River (Twin Valley Downstream),River,White Sucker,Unknown,387.0,,0.776,Unknown,,0.361,2005
2005-10-03,Little Bow River (Twin Valley Downstream),River,White Sucker,Unknown,393.0,,0.922,Unknown,,0.372,2005
2005-10-03,Little Bow River (Twin Valley Downstream),River,White Sucker,Unknown,404.0,,0.923,Unknown,,0.207,2005
2005-10-03,Little Bow River (Twin Valley Downstream),River,White Sucker,Unknown,407.0,,0.95,Unknown,,0.233,2005
2005-10-03,Little Bow River (Twin Valley Downstream),River,White Sucker,Unknown,432.0,,1.298,Unknown,,0.331,2005
2005-10-03,Little Bow River (Twin Valley Downstream),River,White Sucker,Unknown,451.0,,1.316,Unknown,,0.671,2005
2005-10-03,Little Bow River (Twin Valley Downstream),River,White Sucker,Unknown,469.0,,1.374,Unknown,,0.699,2005
2005-10-03,Little Bow River (Twin Valley Downstream),River,White Sucker,Unknown,456.0,,1.499,Unknown,,0.799,2005
2005-10-03,Little Bow River (Twin Valley Downstream),River,White Sucker,Unknown,482.0,,1.823,Unknown,,0.324,2005
2005-10-03,Little Bow River (Twin Valley Downstream),River,White Sucker,Unknown,391.0,,0.864,Unknown,,0.262,2005
2005-10-03,Little Bow River (Twin Valley Downstream),River,White Sucker,Unknown,407.0,,0.993,Unknown,,0.497,2005
2005-10-03,Little Bow River (Twin Valley Downstream),River,White Sucker,Unknown,419.0,,1.06,Unknown,,0.555,2005
2005-10-03,Little Bow River (Twin Valley Downstream),River,White Sucker,Unknown,420.0,,1.125,Unknown,,0.203,2005
2005-10-03,Little Bow River (Twin Valley Downstream),River,White Sucker,Unknown,437.0,,1.168,Unknown,,0.843,2005
2005-10-03,Little Bow River (Twin Valley Downstream),River,White Sucker,Unknown,424.0,,1.169,Unknown,,0.547,2005
2005-10-03,Little Bow River (Twin Valley Downstream),River,White Sucker,Unknown,449.0,,1.199,Unknown,,0.466,2005
2005-10-03,Little Bow River (Twin Valley Downstream),River,White Sucker,Unknown,429.0,,1.254,Unknown,,0.249,2005
2005-10-03,Little Bow River (Twin Valley Downstream),River,White Sucker,Unknown,455.0,,1.295,Unknown,,0.731,2005
2005-10-03,Little Bow River (Twin Valley Downstream),River,White Sucker,Unknown,465.0,,0.812,Unknown,,0.15,2005
2006-10-20,Little Bow River (Twin Valley Downstream),River,White Sucker,Unknown,,429.0,1.223,Unknown,,0.437,2006
2006-10-20,Little Bow River (Twin Valley Downstream),River,White Sucker,Unknown,,396.0,0.937,Unknown,,0.428,2006
2006-10-20,Little Bow River (Twin Valley Downstream),River,White Sucker,Unknown,,411.0,1.074,Unknown,,0.266,2006
2006-11-07,Little Bow River (Twin Valley Downstream),River,White Sucker,Unknown,,425.0,1.182,Unknown,,0.201,2006
2006-11-07,Little Bow River (Twin Valley Downstream),River,White Sucker,Unknown,,429.0,1.369,Unknown,,0.359,2006
2006-11-07,Little Bow River (Twin Valley Downstream),River,White Sucker,Unknown,,380.0,0.792,Unknown,,0.106,2006
2006-11-07,Little Bow River (Twin Valley Downstream),River,White Sucker,Unknown,,461.0,1.597,Unknown,,0.394,2006
2006-11-07,Little Bow River (Twin Valley Downstream),River,White Sucker,Unknown,,427.0,1.095,Unknown,,0.238,2006
2006-11-07,Little Bow River (Twin Valley Downstream),River,White Sucker,Unknown,,443.0,1.259,Unknown,,0.265,2006
2006-11-07,Little Bow River (Twin Valley Downstream),River,White Sucker,Unknown,,400.0,0.929,Unknown,,0.136,2006
2004-09-07,Little Bow River (Twin Valley Downstream),River,Yellow Perch,Unknown,89.0,,0.007,Unknown,,0.249,2004
2004-09-07,Little Bow River (Twin Valley Downstream),River,Yellow Perch,Unknown,93.0,,0.0067,Unknown,,0.227,2004
2004-09-07,Little Bow River (Twin Valley Downstream),River,Yellow Perch,Unknown,96.0,,0.012,Unknown,,0.317,2004
2004-09-07,Little Bow River (Twin Valley Downstream),River,Yellow Perch,Unknown,98.0,,0.013099999999999999,Unknown,,0.276,2004
2004-09-07,Little Bow River (Twin Valley Downstream),River,Yellow Perch,Unknown,99.0,,0.0134,Unknown,,0.216,2004
2004-09-07,Little Bow River (Twin Valley Downstream),River,Yellow Perch,Unknown,103.0,,0.0154,Unknown,,0.207,2004
2004-09-07,Little Bow River (Twin Valley Downstream),River,Yellow Perch,Unknown,107.0,,0.0217,Unknown,,0.315,2004
2004-09-07,Little Bow River (Twin Valley Downstream),River,Yellow Perch,Unknown,109.0,,0.0195,Unknown,,0.319,2004
2004-09-07,Little Bow River (Twin Valley Downstream),River,Yellow Perch,Unknown,114.0,,0.022,Unknown,,0.337,2004
2004-09-07,Little Bow River (Twin Valley Downstream),River,Yellow Perch,Unknown,115.0,,0.0171,Unknown,,0.241,2004
2004-09-08,Little Bow River (Twin Valley Downstream),River,Yellow Perch,Unknown,107.0,,0.015,Unknown,,0.145,2004
2004-09-08,Little Bow River (Twin Valley Downstream),River,Yellow Perch,Unknown,110.0,,0.015,Unknown,,0.113,2004
2004-09-08,Little Bow River (Twin Valley Downstream),River,Yellow Perch,Unknown,123.0,,0.03,Unknown,,0.128,2004
2004-09-08,Little Bow River (Twin Valley Downstream),River,Yellow Perch,Unknown,174.0,,0.075,Unknown,,0.192,2004
2004-09-14,Little Bow River (Twin Valley Upstream),River,Northern Pike,Unknown,113.0,,0.005,Unknown,,0.026,2004
2004-09-14,Little Bow River (Twin Valley Upstream),River,Northern Pike,Unknown,134.0,,0.01,Unknown,,0.023,2004
2004-09-14,Little Bow River (Twin Valley Upstream),River,Northern Pike,Unknown,134.0,,0.015,Unknown,,0.027,2004
2004-09-14,Little Bow River (Twin Valley Upstream),River,Northern Pike,Unknown,159.0,,0.025,Unknown,,0.052,2004
2004-09-14,Little Bow River (Twin Valley Upstream),River,Northern Pike,Unknown,284.0,,0.145,Unknown,,0.092,2004
2004-09-28,Little Bow River (Twin Valley Upstream),River,Northern Pike,Unknown,133.0,,0.014,Unknown,,0.02,2004
2004-09-28,Little Bow River (Twin Valley Upstream),River,Northern Pike,Unknown,137.0,,0.015,Unknown,,0.027,2004
2005-10-04,Little Bow River (Twin Valley Upstream),River,Northern Pike,Unknown,575.0,,1.29,Unknown,,0.46,2005
2005-10-04,Little Bow River (Twin Valley Upstream),River,Northern Pike,Unknown,558.0,,1.239,Unknown,,0.224,2005
2005-10-04,Little Bow River (Twin Valley Upstream),River,Northern Pike,Unknown,868.0,,4.168,Unknown,,0.506,2005
2005-10-04,Little Bow River (Twin Valley Upstream),River,Northern Pike,Unknown,314.0,,0.186,Unknown,,0.082,2005
2005-10-04,Little Bow River (Twin Valley Upstream),River,Northern Pike,Unknown,320.0,,0.227,Unknown,,0.078,2005
2005-10-04,Little Bow River (Twin Valley Upstream),River,Northern Pike,Unknown,431.0,,0.702,Unknown,,0.099,2005
2005-10-04,Little Bow River (Twin Valley Upstream),River,Northern Pike,Unknown,545.0,,1.261,Unknown,,0.292,2005
2005-10-04,Little Bow River (Twin Valley Upstream),River,Northern Pike,Unknown,566.0,,1.247,Unknown,,0.138,2005
2005-10-04,Little Bow River (Twin Valley Upstream),River,Northern Pike,Unknown,614.0,,1.354,Unknown,,0.163,2005
2005-10-04,Little Bow River (Twin Valley Upstream),River,Northern Pike,Unknown,621.0,,1.662,Unknown,,0.222,2005
2005-10-04,Little Bow River (Twin Valley Upstream),River,Northern Pike,Unknown,624.0,,1.691,Unknown,,0.157,2005
2005-10-04,Little Bow River (Twin Valley Upstream),River,Northern Pike,Unknown,645.0,,1.825,Unknown,,0.182,2005
2005-10-04,Little Bow River (Twin Valley Upstream),River,Northern Pike,Unknown,742.0,,2.905,Unknown,,1.012,2005
2005-10-04,Little Bow River (Twin Valley Upstream),River,Northern Pike,Unknown,829.0,,4.627,Unknown,,0.388,2005
2006-10-20,Little Bow River (Twin Valley Upstream),River,Northern Pike,Unknown,,778.0,3.319,Unknown,,0.382,2006
2006-10-20,Little Bow River (Twin Valley Upstream),River,Northern Pike,Unknown,,500.0,0.947,Unknown,,0.156,2006
2006-10-20,Little Bow River (Twin Valley Upstream),River,Northern Pike,Unknown,,591.0,1.493,Unknown,,0.14,2006
2006-10-20,Little Bow River (Twin Valley Upstream),River,Northern Pike,Unknown,,525.0,0.982,Unknown,,0.1,2006
2006-10-20,Little Bow River (Twin Valley Upstream),River,Northern Pike,Unknown,,496.0,0.802,Unknown,,0.113,2006
2006-11-08,Little Bow River (Twin Valley Upstream),River,Northern Pike,Unknown,,590.0,1.485,Unknown,,0.412,2006
2006-11-08,Little Bow River (Twin Valley Upstream),River,Northern Pike,Unknown,,626.0,1.8,Unknown,,0.232,2006
2006-11-08,Little Bow River (Twin Valley Upstream),River,Northern Pike,Unknown,,630.0,2.088,Unknown,,0.359,2006
2006-11-08,Little Bow River (Twin Valley Upstream),River,Northern Pike,Unknown,,632.0,1.125,Unknown,,0.188,2006
2004-09-09,Little Bow River (Twin Valley Upstream),River,White Sucker,Unknown,121.0,,0.025,Unknown,,0.026,2004
2004-09-09,Little Bow River (Twin Valley Upstream),River,White Sucker,Unknown,122.0,,0.02,Unknown,,0.021,2004
2004-09-09,Little Bow River (Twin Valley Upstream),River,White Sucker,Unknown,220.0,,0.155,Unknown,,0.018,2004
2004-09-09,Little Bow River (Twin Valley Upstream),River,White Sucker,Unknown,313.0,,0.52,Unknown,,0.042,2004
2004-09-09,Little Bow River (Twin Valley Upstream),River,White Sucker,Unknown,342.0,,0.67,Unknown,,0.155,2004
2004-09-09,Little Bow River (Twin Valley Upstream),River,White Sucker,Unknown,343.0,,0.59,Unknown,,0.022,2004
2004-09-09,Little Bow River (Twin Valley Upstream),River,White Sucker,Unknown,347.0,,0.59,Unknown,,0.064,2004
2004-09-09,Little Bow River (Twin Valley Upstream),River,White Sucker,Unknown,350.0,,0.595,Unknown,,0.177,2004
2004-09-09,Little Bow River (Twin Valley Upstream),River,White Sucker,Unknown,352.0,,0.63,Unknown,,0.046,2004
2004-09-09,Little Bow River (Twin Valley Upstream),River,White Sucker,Unknown,379.0,,0.77,Unknown,,0.324,2004
2004-09-09,Little Bow River (Twin Valley Upstream),River,White Sucker,Unknown,404.0,,0.925,Unknown,,0.245,2004
2004-09-14,Little Bow River (Twin Valley Upstream),River,White Sucker,Unknown,178.0,,0.06,Unknown,,0.026,2004
2004-09-14,Little Bow River (Twin Valley Upstream),River,White Sucker,Unknown,253.0,,0.205,Unknown,,0.031,2004
2004-09-14,Little Bow River (Twin Valley Upstream),River,White Sucker,Unknown,296.0,,0.35,Unknown,,0.031,2004
2004-09-28,Little Bow River (Twin Valley Upstream),River,White Sucker,Unknown,189.0,,0.08,Unknown,,0.03,2004
2004-09-28,Little Bow River (Twin Valley Upstream),River,White Sucker,Unknown,363.0,,0.75,Unknown,,0.113,2004
2004-09-28,Little Bow River (Twin Valley Upstream),River,White Sucker,Unknown,401.0,,1.05,Unknown,,0.147,2004
2004-09-28,Little Bow River (Twin Valley Upstream),River,White Sucker,Unknown,427.0,,1.125,Unknown,,0.105,2004
2004-09-28,Little Bow River (Twin Valley Upstream),River,White Sucker,Unknown,447.0,,1.17,Unknown,,0.151,2004
2004-09-28,Little Bow River (Twin Valley Upstream),River,White Sucker,Unknown,453.0,,1.37,Unknown,,0.235,2004
2005-10-04,Little Bow River (Twin Valley Upstream),River,White Sucker,Unknown,215.0,,0.135,Unknown,,0.029,2005
2005-10-04,Little Bow River (Twin Valley Upstream),River,White Sucker,Unknown,345.0,,0.196,Unknown,,0.027,2005
2005-10-04,Little Bow River (Twin Valley Upstream),River,White Sucker,Unknown,245.0,,0.223,Unknown,,0.024,2005
2005-10-04,Little Bow River (Twin Valley Upstream),River,White Sucker,Unknown,238.0,,0.464,Unknown,,0.086,2005
2005-10-04,Little Bow River (Twin Valley Upstream),River,White Sucker,Unknown,355.0,,0.691,Unknown,,0.059,2005
2005-10-04,Little Bow River (Twin Valley Upstream),River,White Sucker,Unknown,359.0,,0.708,Unknown,,0.105,2005
2005-10-04,Little Bow River (Twin Valley Upstream),River,White Sucker,Unknown,379.0,,0.711,Unknown,,0.11,2005
2005-10-04,Little Bow River (Twin Valley Upstream),River,White Sucker,Unknown,381.0,,0.842,Unknown,,0.156,2005
2005-10-04,Little Bow River (Twin Valley Upstream),River,White Sucker,Unknown,378.0,,0.859,Unknown,,0.229,2005
2005-10-04,Little Bow River (Twin Valley Upstream),River,White Sucker,Unknown,399.0,,0.981,Unknown,,0.092,2005
2005-10-04,Little Bow River (Twin Valley Upstream),River,White Sucker,Unknown,419.0,,0.999,Unknown,,0.196,2005
2005-10-04,Little Bow River (Twin Valley Upstream),River,White Sucker,Unknown,398.0,,0.745,Unknown,,0.104,2005
2005-10-04,Little Bow River (Twin Valley Upstream),River,White Sucker,Unknown,395.0,,0.78,Unknown,,0.106,2005
2005-10-04,Little Bow River (Twin Valley Upstream),River,White Sucker,Unknown,397.0,,0.797,Unknown,,0.19,2005
2005-10-04,Little Bow River (Twin Valley Upstream),River,White Sucker,Unknown,371.0,,0.802,Unknown,,0.101,2005
2005-10-04,Little Bow River (Twin Valley Upstream),River,White Sucker,Unknown,435.0,,1.141,Unknown,,0.111,2005
2006-10-20,Little Bow River (Twin Valley Upstream),River,White Sucker,Unknown,,391.0,0.847,Unknown,,0.069,2006
2006-10-20,Little Bow River (Twin Valley Upstream),River,White Sucker,Unknown,,443.0,1.236,Unknown,,0.169,2006
2006-10-20,Little Bow River (Twin Valley Upstream),River,White Sucker,Unknown,,413.0,1.259,Unknown,,0.115,2006
2006-10-20,Little Bow River (Twin Valley Upstream),River,White Sucker,Unknown,,385.0,0.871,Unknown,,0.083,2006
2006-10-20,Little Bow River (Twin Valley Upstream),River,White Sucker,Unknown,,373.0,0.753,Unknown,,0.069,2006
2006-10-20,Little Bow River (Twin Valley Upstream),River,White Sucker,Unknown,,449.0,1.317,Unknown,,0.122,2006
2006-10-20,Little Bow River (Twin Valley Upstream),River,White Sucker,Unknown,,462.0,1.63,Unknown,,0.261,2006
2006-10-20,Little Bow River (Twin Valley Upstream),River,White Sucker,Unknown,,430.0,1.29,Unknown,,0.09,2006
2006-10-20,Little Bow River (Twin Valley Upstream),River,White Sucker,Unknown,,392.0,0.945,Unknown,,0.105,2006
2006-10-20,Little Bow River (Twin Valley Upstream),River,White Sucker,Unknown,,467.0,1.059,Unknown,,0.356,2006
2006-11-08,Little Bow River (Twin Valley Upstream),River,White Sucker,Unknown,,351.0,0.604,Unknown,,0.049,2006
2006-11-08,Little Bow River (Twin Valley Upstream),River,White Sucker,Unknown,,281.0,0.326,Unknown,,0.056,2006
2006-11-08,Little Bow River (Twin Valley Upstream),River,White Sucker,Unknown,,485.0,1.915,Unknown,,0.132,2006
2006-11-08,Little Bow River (Twin Valley Upstream),River,White Sucker,Unknown,,413.0,1.113,Unknown,,0.125,2006
2006-11-08,Little Bow River (Twin Valley Upstream),River,White Sucker,Unknown,,444.0,1.215,Unknown,,0.135,2006
2006-11-08,Little Bow River (Twin Valley Upstream),River,White Sucker,Unknown,,503.0,1.865,Unknown,,0.241,2006
2006-11-08,Little Bow River (Twin Valley Upstream),River,White Sucker,Unknown,,350.0,0.785,Unknown,,0.232,2006
2006-11-08,Little Bow River (Twin Valley Upstream),River,White Sucker,Unknown,,440.0,1.245,Unknown,,0.176,2006
2006-11-08,Little Bow River (Twin Valley Upstream),River,White Sucker,Unknown,,459.0,1.566,Unknown,,0.161,2006
2006-11-08,Little Bow River (Twin Valley Upstream),River,White Sucker,Unknown,,470.0,1.564,Unknown,,0.193,2006
2002-07-10,Little Bow River (Upstream of Carmangay Weir),River,Northern Pike,Unknown,280.0,,0.153,Unknown,,0.076,2002
2002-07-10,Little Bow River (Upstream of Carmangay Weir),River,Northern Pike,Unknown,240.0,,0.088,Unknown,,0.065,2002
2002-07-10,Little Bow River (Upstream of Carmangay Weir),River,Northern Pike,Unknown,520.0,,1.295,Unknown,,0.126,2002
2002-07-10,Little Bow River (Upstream of Carmangay Weir),River,Northern Pike,Unknown,402.0,,0.495,Unknown,,0.082,2002
2002-07-10,Little Bow River (Upstream of Carmangay Weir),River,Northern Pike,Unknown,259.0,,0.123,Unknown,,0.071,2002
2002-07-10,Little Bow River (Upstream of Carmangay Weir),River,Northern Pike,Unknown,507.0,,0.905,Unknown,,0.156,2002
2002-07-10,Little Bow River (Upstream of Carmangay Weir),River,Northern Pike,Unknown,450.0,,0.562,Unknown,,0.139,2002
2002-07-10,Little Bow River (Upstream of Carmangay Weir),River,Northern Pike,Unknown,272.0,,0.172,Unknown,,0.089,2002
2002-07-10,Little Bow River (Upstream of Carmangay Weir),River,Northern Pike,Unknown,254.0,,0.129,Unknown,,0.101,2002
2002-07-10,Little Bow River (Upstream of Carmangay Weir),River,Northern Pike,Unknown,254.0,,0.116,Unknown,,0.097,2002
2002-07-10,Little Bow River (Upstream of Carmangay Weir),River,Northern Pike,Unknown,645.0,,1.563,Unknown,,0.312,2002
2002-07-10,Little Bow River (Upstream of Carmangay Weir),River,Northern Pike,Unknown,264.0,,0.144,Unknown,,0.097,2002
2002-07-10,Little Bow River (Upstream of Carmangay Weir),River,Northern Pike,Unknown,600.0,,1.292,Unknown,,0.47,2002
2002-07-10,Little Bow River (Upstream of Carmangay Weir),River,Northern Pike,Unknown,460.0,,0.721,Unknown,,0.125,2002
2002-07-10,Little Bow River (Upstream of Carmangay Weir),River,Northern Pike,Unknown,252.0,,0.139,Unknown,,0.108,2002
2002-07-10,Little Bow River (Upstream of Carmangay Weir),River,Northern Pike,Unknown,662.0,,1.978,Unknown,,0.37,2002
2002-07-10,Little Bow River (Upstream of Carmangay Weir),River,Northern Pike,Unknown,393.0,,0.483,Unknown,,0.121,2002
2002-07-10,Little Bow River (Upstream of Carmangay Weir),River,Northern Pike,Unknown,266.0,,0.125,Unknown,,0.099,2002
2002-07-10,Little Bow River (Upstream of Carmangay Weir),River,Northern Pike,Unknown,308.0,,0.239,Unknown,,0.075,2002
2002-07-11,Little Bow River (Upstream of Carmangay Weir),River,Northern Pike,Unknown,683.0,,2.219,Unknown,,0.389,2002
2002-07-08,Little Bow River (Upstream of Carmangay Weir),River,White Sucker,Unknown,420.0,,1.051,Unknown,,0.236,2002
2002-07-10,Little Bow River (Upstream of Carmangay Weir),River,White Sucker,Unknown,438.0,,1.055,Unknown,,0.201,2002
2002-07-10,Little Bow River (Upstream of Carmangay Weir),River,White Sucker,Unknown,426.0,,1.175,Unknown,,0.252,2002
2002-07-10,Little Bow River (Upstream of Carmangay Weir),River,White Sucker,Unknown,402.0,,1.059,Unknown,,0.144,2002
2002-07-10,Little Bow River (Upstream of Carmangay Weir),River,White Sucker,Unknown,433.0,,1.274,Unknown,,0.121,2002
2002-07-10,Little Bow River (Upstream of Carmangay Weir),River,White Sucker,Unknown,455.0,,1.343,Unknown,,0.207,2002
2002-07-10,Little Bow River (Upstream of Carmangay Weir),River,White Sucker,Unknown,433.0,,1.194,Unknown,,0.192,2002
2002-07-10,Little Bow River (Upstream of Carmangay Weir),River,White Sucker,Unknown,393.0,,0.872,Unknown,,0.154,2002
2002-07-10,Little Bow River (Upstream of Carmangay Weir),River,White Sucker,Unknown,439.0,,1.103,Unknown,,0.162,2002
2002-07-10,Little Bow River (Upstream of Carmangay Weir),River,White Sucker,Unknown,413.0,,1.068,Unknown,,0.13,2002
2002-07-10,Little Bow River (Upstream of Carmangay Weir),River,White Sucker,Unknown,215.0,,0.133,Unknown,,0.039,2002
2002-07-10,Little Bow River (Upstream of Carmangay Weir),River,White Sucker,Unknown,241.0,,0.187,Unknown,,0.048,2002
2002-07-10,Little Bow River (Upstream of Carmangay Weir),River,White Sucker,Unknown,247.0,,0.219,Unknown,,0.046,2002
2002-07-10,Little Bow River (Upstream of Carmangay Weir),River,White Sucker,Unknown,216.0,,0.148,Unknown,,0.049,2002
2002-07-10,Little Bow River (Upstream of Carmangay Weir),River,White Sucker,Unknown,210.0,,0.131,Unknown,,0.043,2002
2002-07-10,Little Bow River (Upstream of Carmangay Weir),River,White Sucker,Unknown,212.0,,0.139,Unknown,,0.034,2002
2002-07-10,Little Bow River (Upstream of Carmangay Weir),River,White Sucker,Unknown,199.0,,0.113,Unknown,,0.039,2002
2002-07-10,Little Bow River (Upstream of Carmangay Weir),River,White Sucker,Unknown,160.0,,0.051,Unknown,,0.033,2002
2002-07-10,Little Bow River (Upstream of Carmangay Weir),River,White Sucker,Unknown,143.0,,0.034,Unknown,,0.026,2002
2002-07-10,Little Bow River (Upstream of Carmangay Weir),River,White Sucker,Unknown,162.0,,0.053,Unknown,,0.034,2002
2018-08-16,Little Sandy Lake,Lake,Cisco,Female,400.0,445.0,1.02,Mature,,0.12,2018
2018-08-16,Little Sandy Lake,Lake,Cisco,Male,406.0,450.0,1.15,Mature,,0.124,2018
2018-08-16,Little Sandy Lake,Lake,Cisco,Male,400.0,440.0,1.18,Mature,,0.095,2018
2018-08-16,Little Sandy Lake,Lake,Cisco,Female,435.0,490.0,1.45,Mature,,0.103,2018
2018-08-16,Little Sandy Lake,Lake,Cisco,Female,321.0,361.0,0.56,Mature,,0.065,2018
2018-08-16,Little Sandy Lake,Lake,Cisco,Male,380.0,424.0,0.95,Mature,,0.098,2018
2018-08-16,Little Sandy Lake,Lake,Cisco,Female,432.0,480.0,1.54,Mature,,0.093,2018
2018-08-16,Little Sandy Lake,Lake,Northern Pike,Female,675.0,705.0,1.8,Mature,,0.224,2018
2018-08-16,Little Sandy Lake,Lake,Northern Pike,Female,672.0,718.0,1.99,Mature,,0.527,2018
2018-08-16,Little Sandy Lake,Lake,Northern Pike,Female,658.0,698.0,2.01,Mature,,0.212,2018
2018-08-16,Little Sandy Lake,Lake,Northern Pike,Female,770.0,815.0,2.88,Mature,,0.238,2018
2018-08-16,Little Sandy Lake,Lake,Northern Pike,Female,607.0,646.0,1.48,Mature,,0.238,2018
2018-08-16,Little Sandy Lake,Lake,Northern Pike,Female,606.0,641.0,1.46,Mature,,0.249,2018
2018-08-16,Little Sandy Lake,Lake,Northern Pike,Female,935.0,981.0,6.61,Mature,,0.479,2018
2018-08-16,Little Sandy Lake,Lake,Northern Pike,Female,585.0,620.0,1.62,Mature,,0.259,2018
2018-08-16,Little Sandy Lake,Lake,Northern Pike,Female,646.0,690.0,2.1,Mature,,0.182,2018
2018-08-16,Little Sandy Lake,Lake,Northern Pike,Female,632.0,674.0,1.91,Mature,,0.178,2018
2018-08-16,Little Sandy Lake,Lake,Northern Pike,Female,605.0,645.0,1.59,Mature,,0.234,2018
2018-08-16,Little Sandy Lake,Lake,Northern Pike,Female,746.0,786.0,2.96,Mature,,0.305,2018
2018-08-16,Little Sandy Lake,Lake,Northern Pike,Female,607.0,655.0,1.76,Mature,,0.087,2018
2018-08-16,Little Sandy Lake,Lake,Northern Pike,Female,550.0,586.0,1.3,Mature,,0.162,2018
2018-08-16,Little Sandy Lake,Lake,Northern Pike,Female,708.0,744.0,2.37,Mature,,0.209,2018
2018-08-16,Little Sandy Lake,Lake,Walleye,Male,485.0,513.0,1.32,Mature,,0.232,2018
2018-08-16,Little Sandy Lake,Lake,Walleye,Female,417.0,441.0,1.03,Mature,,0.184,2018
2018-08-16,Little Sandy Lake,Lake,Walleye,Female,453.0,480.0,1.12,Mature,,0.168,2018
2018-08-16,Little Sandy Lake,Lake,Walleye,Female,586.0,611.0,2.55,Mature,,0.319,2018
2018-08-16,Little Sandy Lake,Lake,Walleye,Female,506.0,537.0,1.46,Mature,,0.205,2018
2018-08-16,Little Sandy Lake,Lake,Yellow Perch,Female,198.0,207.0,0.248,Mature,,0.276,2018
2018-08-13,Long 81 Lake,Lake,Lake Whitefish,Male,361.0,407.0,0.7,Mature,3.0,0.027,2018
2018-08-13,Long 81 Lake,Lake,Lake Whitefish,Male,352.0,400.0,0.6,Mature,4.0,0.031,2018
2018-08-13,Long 81 Lake,Lake,Northern Pike,Female,645.0,682.0,1.71,Mature,6.0,0.443,2018
2018-08-13,Long 81 Lake,Lake,Northern Pike,Male,480.0,516.0,0.675,Mature,3.0,0.198,2018
2018-08-13,Long 81 Lake,Lake,Northern Pike,Female,610.0,645.0,1.485,Mature,5.0,0.261,2018
2018-08-13,Long 81 Lake,Lake,Northern Pike,Female,565.0,600.0,1.155,Mature,5.0,0.207,2018
2018-08-13,Long 81 Lake,Lake,Northern Pike,Male,522.0,551.0,0.83,Mature,4.0,0.232,2018
2018-08-13,Long 81 Lake,Lake,Northern Pike,Female,645.0,680.0,1.41,Mature,6.0,0.527,2018
2018-08-13,Long 81 Lake,Lake,Northern Pike,Female,472.0,500.0,0.77,Mature,2.0,0.101,2018
2018-08-13,Long 81 Lake,Lake,Northern Pike,Female,565.0,600.0,1.02,Mature,,0.266,2018
2018-08-13,Long 81 Lake,Lake,Northern Pike,Male,535.0,566.0,1.02,Mature,3.0,0.209,2018
2018-08-13,Long 81 Lake,Lake,Northern Pike,Female,570.0,604.0,1.78,Mature,4.0,0.186,2018
2018-08-13,Long 81 Lake,Lake,Northern Pike,Male,505.0,535.0,0.96,Mature,3.0,0.193,2018
2018-08-13,Long 81 Lake,Lake,Northern Pike,Male,545.0,580.0,0.98,Mature,4.0,0.476,2018
2018-08-13,Long 81 Lake,Lake,Northern Pike,Male,525.0,551.0,0.92,Mature,4.0,0.208,2018
2018-08-13,Long 81 Lake,Lake,Northern Pike,Female,700.0,745.0,1.7,Mature,9.0,0.785,2018
2018-08-13,Long 81 Lake,Lake,Northern Pike,Male,600.0,642.0,1.3,Mature,7.0,0.475,2018
2018-08-13,Long 81 Lake,Lake,Northern Pike,Male,560.0,600.0,1.28,Mature,7.0,0.328,2018
2018-08-13,Long 81 Lake,Lake,Northern Pike,Female,595.0,633.0,1.13,Mature,5.0,0.378,2018
2018-08-13,Long 81 Lake,Lake,Northern Pike,Female,735.0,775.0,2.3,Mature,8.0,0.494,2018
2018-08-13,Long 81 Lake,Lake,Northern Pike,Male,475.0,502.0,0.765,Mature,3.0,0.16,2018
2018-08-13,Long 81 Lake,Lake,Northern Pike,Female,501.0,530.0,0.855,Mature,3.0,0.141,2018
2018-08-13,Long 81 Lake,Lake,Northern Pike,Male,493.0,524.0,0.915,Mature,6.0,0.178,2018
2018-08-13,Long 81 Lake,Lake,Yellow Perch,Male,173.0,180.0,0.065,Mature,4.0,0.022,2018
2018-08-13,Long 81 Lake,Lake,Yellow Perch,Female,194.0,202.0,0.095,Mature,3.0,0.048,2018
2018-08-13,Long 81 Lake,Lake,Yellow Perch,Female,182.0,191.0,0.105,Mature,4.0,0.031,2018
2018-08-13,Long 81 Lake,Lake,Yellow Perch,Female,192.0,203.0,0.096,Mature,4.0,0.034,2018
2018-08-13,Long 81 Lake,Lake,Yellow Perch,Female,190.0,200.0,0.079,Mature,4.0,0.037,2018
2018-08-13,Long 81 Lake,Lake,Yellow Perch,Female,185.0,195.0,0.078,Mature,6.0,0.057,2018
2018-08-13,Long 81 Lake,Lake,Yellow Perch,Male,180.0,190.0,0.074,Mature,4.0,0.028,2018
2018-08-13,Long 81 Lake,Lake,Yellow Perch,Female,230.0,245.0,0.156,Mature,6.0,0.044,2018
2018-08-13,Long 81 Lake,Lake,Yellow Perch,Female,200.0,210.0,0.108,Mature,5.0,0.021,2018
2018-08-13,Long 81 Lake,Lake,Yellow Perch,Female,175.0,181.0,0.09,Mature,5.0,0.038,2018
2018-08-13,Long 81 Lake,Lake,Yellow Perch,Female,174.0,180.0,0.09,Mature,4.0,0.025,2018
2018-08-13,Long 81 Lake,Lake,Yellow Perch,Female,180.0,185.0,0.085,Mature,4.0,0.029,2018
2018-08-13,Long 81 Lake,Lake,Yellow Perch,Female,200.0,206.0,0.12,Mature,4.0,0.031,2018
2018-08-13,Long 81 Lake,Lake,Yellow Perch,Female,199.0,205.0,0.135,Mature,4.0,0.033,2018
2018-08-13,Long 81 Lake,Lake,Yellow Perch,Female,182.0,190.0,0.105,Mature,4.0,0.037,2018
2018-08-13,Long 81 Lake,Lake,Yellow Perch,Female,195.0,203.0,0.12,Mature,5.0,0.029,2018
2010-09-13,Long Lake (63-19-W4),Lake,Northern Pike,Female,,700.0,0.71,Mature,,0.066,2010
2010-09-28,Long Lake (63-19-W4),Lake,Northern Pike,Male,452.0,484.0,0.65,Mature,6.0,0.289,2010
2010-09-28,Long Lake (63-19-W4),Lake,Northern Pike,Female,491.0,520.0,0.85,Mature,6.0,0.275,2010
2010-09-28,Long Lake (63-19-W4),Lake,Northern Pike,Female,655.0,690.0,1.8,Mature,10.0,0.378,2010
2010-09-28,Long Lake (63-19-W4),Lake,Northern Pike,Male,419.0,446.0,0.53,Mature,5.0,0.203,2010
2010-09-28,Long Lake (63-19-W4),Lake,Northern Pike,Male,387.0,415.0,0.42,Mature,4.0,0.234,2010
2010-09-28,Long Lake (63-19-W4),Lake,Northern Pike,Female,507.0,539.0,0.66,Mature,7.0,0.532,2010
2010-09-28,Long Lake (63-19-W4),Lake,Northern Pike,Male,452.0,481.0,0.4,Mature,7.0,0.635,2010
2010-09-28,Long Lake (63-19-W4),Lake,Northern Pike,Male,397.0,428.0,0.47,Mature,2.0,0.088,2010
2010-09-28,Long Lake (63-19-W4),Lake,Northern Pike,Female,565.0,596.0,1.15,Mature,8.0,0.309,2010
2010-09-28,Long Lake (63-19-W4),Lake,Northern Pike,Female,550.0,581.0,0.9,Mature,8.0,0.401,2010
2010-09-28,Long Lake (63-19-W4),Lake,Northern Pike,Female,571.0,604.0,1.29,Mature,9.0,0.346,2010
2013-10-01,Long Lake (63-19-W4),Lake,Northern Pike,Female,479.0,510.0,0.747,Mature,5.0,0.281,2013
2013-10-01,Long Lake (63-19-W4),Lake,Northern Pike,Female,461.0,491.0,0.68,Mature,3.0,0.15,2013
2013-10-01,Long Lake (63-19-W4),Lake,Northern Pike,Male,487.0,519.0,0.861,Mature,6.0,0.512,2013
2013-10-01,Long Lake (63-19-W4),Lake,Northern Pike,Female,502.0,534.0,0.67,Mature,4.0,0.435,2013
2013-10-01,Long Lake (63-19-W4),Lake,Northern Pike,Male,450.0,480.0,0.64,Mature,3.0,0.195,2013
2013-10-01,Long Lake (63-19-W4),Lake,Northern Pike,Male,453.0,480.0,0.726,Mature,3.0,0.205,2013
2013-10-01,Long Lake (63-19-W4),Lake,Northern Pike,Female,498.0,530.0,0.829,Mature,4.0,0.264,2013
2013-10-01,Long Lake (63-19-W4),Lake,Northern Pike,Female,405.0,431.0,0.444,Mature,2.0,0.145,2013
2013-10-01,Long Lake (63-19-W4),Lake,Northern Pike,Male,455.0,485.0,0.82,Mature,5.0,0.337,2013
2013-10-02,Long Lake (63-19-W4),Lake,Northern Pike,Female,467.0,492.0,0.646,Mature,3.0,0.141,2013
2010-09-28,Long Lake (63-19-W4),Lake,Walleye,Male,459.0,494.0,1.1,Mature,15.0,0.49,2010
2010-09-28,Long Lake (63-19-W4),Lake,Walleye,Male,345.0,367.0,0.4,Mature,3.0,0.106,2010
2010-09-28,Long Lake (63-19-W4),Lake,Walleye,Male,484.0,513.0,1.22,Mature,11.0,0.502,2010
2010-09-28,Long Lake (63-19-W4),Lake,Walleye,Male,470.0,499.0,1.07,Mature,18.0,0.555,2010
2010-09-28,Long Lake (63-19-W4),Lake,Walleye,Female,370.0,397.0,0.5,Immature,4.0,0.129,2010
2010-09-28,Long Lake (63-19-W4),Lake,Walleye,Female,508.0,537.0,1.41,Mature,13.0,0.755,2010
2010-09-28,Long Lake (63-19-W4),Lake,Walleye,Male,475.0,502.0,1.075,Mature,14.0,0.417,2010
2010-09-28,Long Lake (63-19-W4),Lake,Walleye,Female,514.0,542.0,1.275,Mature,13.0,0.493,2010
2010-09-28,Long Lake (63-19-W4),Lake,Walleye,Female,439.0,463.0,0.84,Mature,13.0,0.522,2010
2013-09-30,Long Lake (63-19-W4),Lake,Walleye,Female,474.0,,1.614,Unknown,,0.376,2013
2013-10-01,Long Lake (63-19-W4),Lake,Walleye,Female,447.0,474.0,1.014,Mature,6.0,,2013
2013-10-02,Long Lake (63-19-W4),Lake,Walleye,Male,456.0,487.0,1.094,Mature,15.0,0.354,2013
2013-10-02,Long Lake (63-19-W4),Lake,Walleye,Female,597.0,624.0,2.793,Mature,16.0,0.795,2013
2013-10-02,Long Lake (63-19-W4),Lake,Walleye,Male,475.0,501.0,1.134,Mature,18.0,0.577,2013
2013-10-02,Long Lake (63-19-W4),Lake,Walleye,Male,448.0,473.0,0.421,Mature,11.0,0.453,2013
2013-10-02,Long Lake (63-19-W4),Lake,Walleye,Female,535.0,567.0,1.524,Mature,15.0,0.711,2013
2013-10-02,Long Lake (63-19-W4),Lake,Walleye,Female,462.0,486.0,1.136,Mature,9.0,0.508,2013
2013-10-02,Long Lake (63-19-W4),Lake,Walleye,Male,400.0,431.0,0.696,Mature,6.0,0.2,2013
2013-10-02,Long Lake (63-19-W4),Lake,Walleye,Female,474.0,504.0,0.98,Mature,9.0,0.467,2013
2013-10-02,Long Lake (63-19-W4),Lake,Walleye,Female,402.0,424.0,0.65,Mature,4.0,0.167,2013
2013-10-02,Long Lake (63-19-W4),Lake,Walleye,Female,425.0,455.0,0.896,Mature,7.0,,2013
2018-06-17,Long Lake (64-25-W4),Lake,Northern Pike,Male,477.0,510.0,0.77,Mature,3.0,0.105,2018
2018-06-17,Long Lake (64-25-W4),Lake,Northern Pike,Female,525.0,555.0,0.96,Mature,4.0,0.149,2018
2018-06-17,Long Lake (64-25-W4),Lake,Northern Pike,Female,500.0,530.0,0.845,Mature,4.0,0.073,2018
2018-06-17,Long Lake (64-25-W4),Lake,Northern Pike,Female,610.0,650.0,1.67,Mature,5.0,0.214,2018
2018-06-17,Long Lake (64-25-W4),Lake,Northern Pike,Female,834.0,882.0,5.41,Mature,8.0,1.137,2018
2018-06-17,Long Lake (64-25-W4),Lake,Northern Pike,Male,393.0,419.0,0.44,Mature,4.0,0.161,2018
2018-06-17,Long Lake (64-25-W4),Lake,Northern Pike,Male,427.0,456.0,0.5,Mature,4.0,0.257,2018
2018-06-17,Long Lake (64-25-W4),Lake,Northern Pike,Male,423.0,452.0,0.51,Mature,3.0,0.242,2018
2018-06-17,Long Lake (64-25-W4),Lake,Northern Pike,Male,470.0,497.0,0.63,Mature,5.0,0.47,2018
2018-06-17,Long Lake (64-25-W4),Lake,Northern Pike,Female,597.0,632.0,1.205,Mature,6.0,0.74,2018
2018-06-17,Long Lake (64-25-W4),Lake,Northern Pike,Male,596.0,638.0,1.43,Mature,6.0,0.416,2018
2018-06-17,Long Lake (64-25-W4),Lake,Northern Pike,Female,334.0,357.0,0.26,Mature,2.0,0.133,2018
2018-06-17,Long Lake (64-25-W4),Lake,Northern Pike,Male,532.0,563.0,1.18,Mature,5.0,0.08,2018
2018-06-17,Long Lake (64-25-W4),Lake,Northern Pike,Male,497.0,530.0,0.805,Mature,4.0,0.277,2018
2018-06-17,Long Lake (64-25-W4),Lake,Northern Pike,Female,445.0,476.0,0.54,Mature,4.0,0.457,2018
2011-05-14,Loon River,River,Walleye,Female,446.0,471.0,0.415,Unknown,,0.263,2011
2011-05-14,Loon River,River,Walleye,Male,472.0,504.0,0.245,Unknown,,0.603,2011
2011-05-14,Loon River,River,Walleye,Female,713.0,755.0,2.455,Unknown,,0.191,2011
2011-05-14,Loon River,River,Walleye,Male,426.0,452.0,0.84,Unknown,,0.286,2011
2014-09-15,Magee Lake (Lower Chain Lake),Lake,Northern Pike,Male,511.0,541.0,1.075,Mature,4.0,0.232,2014
2014-09-15,Magee Lake (Lower Chain Lake),Lake,Northern Pike,Female,550.0,579.0,1.106,Mature,5.0,0.426,2014
2014-09-15,Magee Lake (Lower Chain Lake),Lake,Northern Pike,Female,662.0,694.0,2.133,Mature,6.0,0.206,2014
2014-09-15,Magee Lake (Lower Chain Lake),Lake,Northern Pike,Male,530.0,560.0,1.166,Mature,4.0,0.307,2014
2014-09-15,Magee Lake (Lower Chain Lake),Lake,Northern Pike,Female,605.0,640.0,1.81,Mature,5.0,0.218,2014
2014-09-15,Magee Lake (Lower Chain Lake),Lake,Northern Pike,Female,565.0,592.0,1.443,Mature,6.0,0.207,2014
2014-09-16,Magee Lake (Lower Chain Lake),Lake,Northern Pike,Female,546.0,575.0,1.461,Mature,5.0,0.179,2014
2014-09-16,Magee Lake (Lower Chain Lake),Lake,Northern Pike,Female,588.0,617.0,1.356,Mature,6.0,0.3,2014
2014-09-16,Magee Lake (Lower Chain Lake),Lake,Northern Pike,Female,599.0,621.0,1.497,Mature,6.0,0.254,2014
2014-09-16,Magee Lake (Lower Chain Lake),Lake,Northern Pike,Male,555.0,585.0,1.167,Mature,5.0,0.355,2014
2014-09-16,Magee Lake (Lower Chain Lake),Lake,Northern Pike,Female,585.0,615.0,1.485,Mature,6.0,0.318,2014
2014-09-16,Magee Lake (Lower Chain Lake),Lake,Northern Pike,Female,620.0,651.0,1.852,Mature,6.0,0.338,2014
2012-09-20,Marie Lake,Lake,Lake Whitefish,Female,389.0,436.0,0.65,Mature,,0.03,2012
2012-09-20,Marie Lake,Lake,Lake Whitefish,Female,372.0,416.0,0.6,Mature,,0.028,2012
2012-09-20,Marie Lake,Lake,Lake Whitefish,Male,363.0,403.0,0.6,Mature,,0.024,2012
2012-09-20,Marie Lake,Lake,Lake Whitefish,Male,383.0,433.0,0.675,Mature,,0.035,2012
2012-09-20,Marie Lake,Lake,Lake Whitefish,Male,447.0,499.0,1.175,Mature,,0.021,2012
2012-09-20,Marie Lake,Lake,Lake Whitefish,Female,370.0,419.0,0.6,Mature,,0.044,2012
2012-09-20,Marie Lake,Lake,Lake Whitefish,Male,,510.0,1.2,Unknown,,0.158,2012
2012-09-20,Marie Lake,Lake,Lake Whitefish,Male,,446.0,0.85,Unknown,,0.035,2012
2012-09-20,Marie Lake,Lake,Northern Pike,Female,710.0,755.0,2.7,Mature,8.0,0.408,2012
2012-09-20,Marie Lake,Lake,Northern Pike,Male,,647.0,1.5,Unknown,,0.239,2012
2012-09-20,Marie Lake,Lake,Northern Pike,Male,,515.0,0.8,Unknown,,0.084,2012
2012-09-20,Marie Lake,Lake,Northern Pike,Male,,703.0,2.85,Unknown,,0.231,2012
2012-09-20,Marie Lake,Lake,Northern Pike,Male,,666.0,1.85,Unknown,,0.188,2012
2012-09-20,Marie Lake,Lake,Northern Pike,Male,,780.0,3.3,Unknown,,0.405,2012
2012-09-20,Marie Lake,Lake,Northern Pike,Male,,536.0,0.9,Unknown,,0.131,2012
2015-09-09,Marie Lake,Lake,Northern Pike,Female,952.0,1000.0,7.4,Mature,13.0,0.418,2015
2015-09-09,Marie Lake,Lake,Northern Pike,Female,962.0,1010.0,7.5,Mature,15.0,0.462,2015
2015-09-09,Marie Lake,Lake,Northern Pike,Female,610.0,641.0,1.825,Mature,4.0,0.259,2015
2015-09-09,Marie Lake,Lake,Northern Pike,Female,935.0,983.0,6.7,Mature,11.0,0.339,2015
2015-09-09,Marie Lake,Lake,Northern Pike,Female,741.0,787.0,3.3,Mature,9.0,0.435,2015
2015-09-09,Marie Lake,Lake,Northern Pike,Female,925.0,971.0,7.7,Mature,13.0,0.354,2015
2015-09-09,Marie Lake,Lake,Northern Pike,Male,744.0,790.0,3.675,Mature,11.0,0.402,2015
2015-09-09,Marie Lake,Lake,Northern Pike,Female,575.0,616.0,1.475,Mature,4.0,0.162,2015
2015-09-10,Marie Lake,Lake,Northern Pike,Female,935.0,978.0,7.2,Mature,12.0,0.49,2015
2015-09-10,Marie Lake,Lake,Northern Pike,Female,884.0,925.0,5.975,Mature,13.0,0.544,2015
2015-09-10,Marie Lake,Lake,Northern Pike,Female,801.0,843.0,4.275,Mature,4.0,0.33,2015
2015-09-10,Marie Lake,Lake,Northern Pike,Male,610.0,652.0,1.675,Mature,7.0,0.342,2015
2015-09-10,Marie Lake,Lake,Northern Pike,Female,609.0,645.0,1.425,Mature,4.0,0.255,2015
2015-09-10,Marie Lake,Lake,Northern Pike,Male,615.0,651.0,1.6,Mature,6.0,0.475,2015
2015-09-10,Marie Lake,Lake,Northern Pike,Female,700.0,741.0,2.4,Mature,7.0,0.316,2015
2012-09-20,Marie Lake,Lake,Walleye,Female,390.0,412.0,0.6,Immature,6.0,0.124,2012
2012-09-20,Marie Lake,Lake,Walleye,Male,405.0,430.0,0.65,Immature,,0.122,2012
2012-09-20,Marie Lake,Lake,Walleye,Male,420.0,446.0,0.675,Mature,6.0,0.132,2012
2012-09-20,Marie Lake,Lake,Walleye,Female,440.0,465.0,0.875,Immature,7.0,0.105,2012
2012-09-20,Marie Lake,Lake,Walleye,Female,415.0,439.0,0.7,Immature,6.0,0.125,2012
2012-09-20,Marie Lake,Lake,Walleye,Male,436.0,464.0,0.9,Mature,9.0,0.182,2012
2012-09-20,Marie Lake,Lake,Walleye,Male,532.0,564.0,1.65,Mature,15.0,0.369,2012
2012-09-20,Marie Lake,Lake,Walleye,Female,432.0,456.0,0.8,Immature,,0.213,2012
2012-09-20,Marie Lake,Lake,Walleye,Female,563.0,592.0,2.15,Mature,13.0,0.341,2012
2012-09-20,Marie Lake,Lake,Walleye,Female,627.0,658.0,2.85,Mature,,0.351,2012
2012-09-20,Marie Lake,Lake,Walleye,Female,434.0,456.0,0.85,Immature,6.0,0.129,2012
2012-09-20,Marie Lake,Lake,Walleye,Female,439.0,462.0,0.9,Immature,,0.117,2012
2015-09-09,Marie Lake,Lake,Walleye,Female,693.0,718.0,4.6,Mature,17.0,0.536,2015
2015-09-09,Marie Lake,Lake,Walleye,Female,427.0,452.0,0.8,Mature,9.0,0.184,2015
2015-09-09,Marie Lake,Lake,Walleye,Male,453.0,480.0,0.9,Mature,9.0,0.244,2015
2015-09-09,Marie Lake,Lake,Walleye,Female,490.0,520.0,1.2,Immature,10.0,0.242,2015
2015-09-09,Marie Lake,Lake,Walleye,Female,452.0,479.0,0.9,Immature,9.0,0.269,2015
2015-09-09,Marie Lake,Lake,Walleye,Female,495.0,518.0,1.3,Immature,9.0,0.258,2015
2015-09-10,Marie Lake,Lake,Walleye,Female,507.0,536.0,1.1,Mature,9.0,0.269,2015
2015-09-10,Marie Lake,Lake,Walleye,Female,440.0,463.0,0.825,Mature,8.0,0.219,2015
2015-09-10,Marie Lake,Lake,Walleye,Male,405.0,430.0,0.675,Mature,8.0,0.166,2015
2015-09-10,Marie Lake,Lake,Walleye,Female,466.0,490.0,1.0,Mature,8.0,0.151,2015
2015-09-10,Marie Lake,Lake,Walleye,Male,429.0,455.0,0.85,Mature,9.0,0.167,2015
2015-09-10,Marie Lake,Lake,Walleye,Female,491.0,522.0,1.2,Immature,9.0,0.229,2015
2015-09-10,Marie Lake,Lake,Walleye,Male,441.0,465.0,1.0,Mature,9.0,0.268,2015
2013-09-18,May Lake,Lake,Lake Whitefish,Male,483.0,540.0,1.898,Mature,,0.054,2013
2013-09-18,May Lake,Lake,Lake Whitefish,Male,499.0,566.0,2.125,Mature,,0.033,2013
2013-09-19,May Lake,Lake,Lake Whitefish,Male,505.0,568.0,2.037,Mature,,0.066,2013
2013-09-19,May Lake,Lake,Lake Whitefish,Female,520.0,575.0,2.5,Mature,,0.036,2013
2013-09-19,May Lake,Lake,Lake Whitefish,Male,500.0,550.0,2.4,Mature,,0.042,2013
2013-09-19,May Lake,Lake,Lake Whitefish,Female,480.0,535.0,1.851,Mature,,0.057,2013
2013-09-19,May Lake,Lake,Lake Whitefish,Female,421.0,468.0,1.259,Mature,,0.035,2013
2013-09-19,May Lake,Lake,Lake Whitefish,Male,513.0,564.0,2.109,Mature,,0.058,2013
2013-09-19,May Lake,Lake,Lake Whitefish,Female,511.0,572.0,2.45,Mature,,0.081,2013
2013-09-19,May Lake,Lake,Lake Whitefish,Female,527.0,589.0,2.5,Mature,,0.083,2013
2013-09-19,May Lake,Lake,Lake Whitefish,Male,491.0,550.0,2.175,Mature,,0.054,2013
2013-09-19,May Lake,Lake,Lake Whitefish,Female,525.0,573.0,2.5,Mature,,0.071,2013
2013-09-20,May Lake,Lake,Lake Whitefish,Male,495.0,,1.9,Unknown,,0.05,2013
2013-09-20,May Lake,Lake,Lake Whitefish,Female,515.0,,2.423,Unknown,,0.104,2013
2013-09-20,May Lake,Lake,Lake Whitefish,Female,504.0,,1.963,Unknown,,0.036,2013
2013-09-18,May Lake,Lake,Northern Pike,Female,812.0,852.0,4.3,Mature,10.0,0.484,2013
2013-09-18,May Lake,Lake,Northern Pike,Female,550.0,585.0,1.047,Mature,3.0,0.285,2013
2013-09-18,May Lake,Lake,Northern Pike,Male,528.0,562.0,1.058,Mature,4.0,0.175,2013
2013-09-19,May Lake,Lake,Northern Pike,Male,605.0,643.0,1.472,Mature,8.0,0.397,2013
2013-09-19,May Lake,Lake,Northern Pike,Male,560.0,596.0,0.893,Mature,5.0,0.553,2013
2013-09-19,May Lake,Lake,Northern Pike,Female,589.0,630.0,1.5,Mature,4.0,0.294,2013
2013-09-19,May Lake,Lake,Northern Pike,Female,524.0,557.0,0.896,Mature,3.0,0.126,2013
2013-09-19,May Lake,Lake,Northern Pike,Male,452.0,485.0,0.691,Mature,3.0,0.112,2013
2013-09-19,May Lake,Lake,Northern Pike,Female,679.0,725.0,1.575,Mature,9.0,0.614,2013
2013-09-19,May Lake,Lake,Northern Pike,Male,502.0,531.0,0.8,Mature,2.0,0.122,2013
2013-09-19,May Lake,Lake,Northern Pike,Female,528.0,560.0,0.892,Mature,4.0,0.143,2013
2013-09-19,May Lake,Lake,Northern Pike,Male,501.0,535.0,0.864,Mature,3.0,0.141,2013
2013-09-19,May Lake,Lake,Northern Pike,Female,564.0,603.0,1.164,Mature,5.0,0.204,2013
2013-09-19,May Lake,Lake,Northern Pike,Male,450.0,482.0,0.579,Mature,2.0,0.12,2013
2013-09-19,May Lake,Lake,Northern Pike,Female,805.0,843.0,4.3,Mature,11.0,0.609,2013
2013-09-18,May Lake,Lake,Walleye,Male,564.0,589.0,1.052,Mature,8.0,0.213,2013
2013-09-18,May Lake,Lake,Walleye,Male,297.0,313.0,0.275,Immature,3.0,0.332,2013
2013-09-18,May Lake,Lake,Walleye,Female,499.0,517.0,1.325,Mature,7.0,0.293,2013
2013-09-18,May Lake,Lake,Walleye,Female,415.0,428.0,0.694,Immature,5.0,0.175,2013
2013-09-18,May Lake,Lake,Walleye,Female,448.0,475.0,0.984,Mature,6.0,0.323,2013
2013-09-18,May Lake,Lake,Walleye,Female,382.0,407.0,0.523,Immature,5.0,0.292,2013
2013-09-18,May Lake,Lake,Walleye,Male,457.0,481.0,1.09,Mature,10.0,0.446,2013
2013-09-18,May Lake,Lake,Walleye,Female,355.0,377.0,0.447,Immature,4.0,0.128,2013
2013-09-18,May Lake,Lake,Walleye,Female,547.0,575.0,1.743,Mature,12.0,0.169,2013
2013-09-18,May Lake,Lake,Walleye,Male,447.0,473.0,1.025,Mature,15.0,0.557,2013
2013-09-18,May Lake,Lake,Walleye,Female,413.0,436.0,0.722,Immature,5.0,0.151,2013
2013-09-18,May Lake,Lake,Walleye,Male,458.0,461.0,0.95,Mature,7.0,0.13,2013
2013-09-18,May Lake,Lake,Walleye,Male,478.0,501.0,1.304,Mature,7.0,0.201,2013
2013-09-18,May Lake,Lake,Walleye,Female,499.0,517.0,1.325,Unknown,,0.69,2013
2013-09-18,May Lake,Lake,Walleye,Female,517.0,544.0,1.37,Mature,15.0,0.653,2013
2009-11-25,McGregor Lake,Lake,Northern Pike,Unknown,800.0,818.0,4.6,Unknown,,0.871,2009
2009-11-25,McGregor Lake,Lake,Northern Pike,Unknown,798.0,828.0,3.8,Unknown,,1.132,2009
2009-11-25,McGregor Lake,Lake,Walleye,Unknown,575.0,606.0,1.89,Unknown,,0.623,2009
2009-11-25,McGregor Lake,Lake,Walleye,Unknown,565.0,596.0,1.766,Unknown,,0.546,2009
2009-11-25,McGregor Lake,Lake,Walleye,Unknown,435.0,495.0,1.152,Unknown,,0.453,2009
2009-11-25,McGregor Lake,Lake,Walleye,Unknown,556.0,585.0,1.661,Unknown,,0.526,2009
2009-11-25,McGregor Lake,Lake,Walleye,Unknown,591.0,617.0,2.002,Unknown,,0.591,2009
2009-11-25,McGregor Lake,Lake,Walleye,Unknown,475.0,505.0,1.397,Unknown,,0.855,2009
2009-11-25,McGregor Lake,Lake,Walleye,Unknown,525.0,553.0,1.725,Unknown,,0.414,2009
2009-11-25,McGregor Lake,Lake,Walleye,Unknown,540.0,565.0,1.638,Unknown,,0.623,2009
2009-11-25,McGregor Lake,Lake,Walleye,Unknown,595.0,622.0,2.215,Unknown,,0.605,2009
2009-11-25,McGregor Lake,Lake,Walleye,Unknown,615.0,640.0,3.004,Unknown,,0.694,2009
2009-11-25,McGregor Lake,Lake,Walleye,Unknown,635.0,655.0,2.632,Unknown,,0.891,2009
2009-11-25,McGregor Lake,Lake,Walleye,Unknown,505.0,555.0,1.64,Unknown,,0.617,2009
2012-08-10,McLeod Lake (Carson Lake),Lake,Rainbow Trout,Male,,364.0,0.494,Unknown,,0.04,2012
2012-08-10,McLeod Lake (Carson Lake),Lake,Rainbow Trout,Female,,353.0,0.489,Unknown,,0.059,2012
2012-08-10,McLeod Lake (Carson Lake),Lake,Rainbow Trout,Male,,293.0,0.247,Unknown,,0.046,2012
2012-08-10,McLeod Lake (Carson Lake),Lake,Rainbow Trout,Male,,239.0,0.172,Unknown,,0.027,2012
2012-08-10,McLeod Lake (Carson Lake),Lake,Rainbow Trout,Male,,339.0,0.417,Unknown,,0.063,2012
2012-08-10,McLeod Lake (Carson Lake),Lake,Rainbow Trout,Male,,250.0,0.174,Unknown,,0.039,2012
2012-08-10,McLeod Lake (Carson Lake),Lake,Rainbow Trout,Male,,327.0,0.378,Unknown,,0.068,2012
2011-08-24,McMillan Lake,Lake,Northern Pike,Female,656.0,690.0,1.83,Unknown,,0.374,2011
2011-08-24,McMillan Lake,Lake,Northern Pike,Female,616.0,652.0,1.7,Unknown,,0.212,2011
2011-08-24,McMillan Lake,Lake,Northern Pike,Female,750.0,787.0,2.61,Unknown,,0.488,2011
2011-08-24,McMillan Lake,Lake,Northern Pike,Female,604.0,647.0,1.465,Unknown,,0.425,2011
2011-08-24,McMillan Lake,Lake,Northern Pike,Female,725.0,770.0,2.36,Unknown,,0.599,2011
2011-08-24,McMillan Lake,Lake,Northern Pike,Female,671.0,714.0,2.15,Unknown,,0.394,2011
2011-08-24,McMillan Lake,Lake,Northern Pike,Female,752.0,796.0,2.695,Unknown,,0.536,2011
2011-08-24,McMillan Lake,Lake,Northern Pike,Female,589.0,635.0,1.56,Unknown,,0.243,2011
2011-08-24,McMillan Lake,Lake,Northern Pike,Female,666.0,709.0,1.82,Unknown,,0.452,2011
2011-08-24,McMillan Lake,Lake,Northern Pike,Female,660.0,696.0,2.105,Unknown,,0.417,2011
2011-08-24,McMillan Lake,Lake,Northern Pike,Female,633.0,664.0,1.61,Unknown,,0.348,2011
2011-08-24,McMillan Lake,Lake,Northern Pike,Female,606.0,644.0,1.565,Unknown,,0.369,2011
2011-08-24,McMillan Lake,Lake,Northern Pike,Female,629.0,663.0,1.86,Unknown,,0.231,2011
2010-08-03,Meander River,River,Northern Pike,Unknown,468.0,498.0,0.72,Unknown,,0.084,2010
2010-08-03,Meander River,River,Northern Pike,Unknown,495.0,525.0,0.79,Unknown,,0.16,2010
2010-08-03,Meander River,River,Northern Pike,Unknown,541.0,572.0,1.16,Unknown,,0.18,2010
2010-09-01,Meander River,River,Northern Pike,Female,580.0,617.0,1.667,Unknown,,0.155,2010
2010-09-01,Meander River,River,Northern Pike,Unknown,605.0,639.0,1.833,Unknown,,0.269,2010
2010-09-01,Meander River,River,Northern Pike,Unknown,593.0,626.0,1.794,Unknown,,0.23,2010
2010-09-01,Meander River,River,Northern Pike,Unknown,660.0,700.0,2.1,Unknown,,0.247,2010
2010-08-03,Meander River,River,Walleye,Unknown,335.0,355.0,0.355,Unknown,,0.215,2010
2010-08-03,Meander River,River,Walleye,Unknown,400.0,422.0,0.755,Unknown,,0.148,2010
2010-08-03,Meander River,River,Walleye,Unknown,394.0,411.0,0.67,Unknown,,0.155,2010
2006-11-08,Milk River Ridge Reservoir,Reservoir,Lake Whitefish,Unknown,346.0,397.0,0.571,Unknown,,0.111,2006
2006-11-08,Milk River Ridge Reservoir,Reservoir,Lake Whitefish,Unknown,415.0,475.0,0.926,Unknown,,0.123,2006
2006-11-08,Milk River Ridge Reservoir,Reservoir,Lake Whitefish,Unknown,435.0,494.0,0.981,Unknown,,0.142,2006
2006-11-08,Milk River Ridge Reservoir,Reservoir,Lake Whitefish,Unknown,417.0,475.0,0.876,Unknown,,0.166,2006
2006-11-08,Milk River Ridge Reservoir,Reservoir,Lake Whitefish,Unknown,402.0,450.0,0.915,Unknown,,0.105,2006
2006-11-08,Milk River Ridge Reservoir,Reservoir,Lake Whitefish,Unknown,435.0,497.0,0.983,Unknown,,0.151,2006
2006-11-08,Milk River Ridge Reservoir,Reservoir,Lake Whitefish,Unknown,403.0,462.0,0.876,Unknown,,0.184,2006
2006-11-08,Milk River Ridge Reservoir,Reservoir,Lake Whitefish,Unknown,420.0,484.0,1.103,Unknown,,0.149,2006
2006-11-08,Milk River Ridge Reservoir,Reservoir,Lake Whitefish,Unknown,427.0,488.0,0.977,Unknown,,0.122,2006
2006-11-08,Milk River Ridge Reservoir,Reservoir,Lake Whitefish,Unknown,433.0,496.0,1.116,Unknown,,0.157,2006
2006-11-08,Milk River Ridge Reservoir,Reservoir,Northern Pike,Unknown,609.0,646.0,1.768,Unknown,,0.217,2006
2006-11-08,Milk River Ridge Reservoir,Reservoir,Northern Pike,Unknown,674.0,714.0,2.402,Unknown,,0.216,2006
2006-11-08,Milk River Ridge Reservoir,Reservoir,Northern Pike,Unknown,523.0,557.0,0.993,Unknown,,0.196,2006
2006-11-08,Milk River Ridge Reservoir,Reservoir,Northern Pike,Unknown,691.0,730.0,2.461,Unknown,,0.22,2006
2006-11-08,Milk River Ridge Reservoir,Reservoir,Northern Pike,Unknown,700.0,744.0,2.4,Unknown,,0.196,2006
2006-11-08,Milk River Ridge Reservoir,Reservoir,Northern Pike,Unknown,545.0,580.0,1.499,Unknown,,0.183,2006
2006-11-08,Milk River Ridge Reservoir,Reservoir,Northern Pike,Unknown,614.0,649.0,1.883,Unknown,,0.225,2006
2006-11-08,Milk River Ridge Reservoir,Reservoir,Northern Pike,Unknown,648.0,685.0,1.954,Unknown,,0.204,2006
2006-11-08,Milk River Ridge Reservoir,Reservoir,Northern Pike,Unknown,711.0,751.0,2.714,Unknown,,0.2,2006
2006-11-08,Milk River Ridge Reservoir,Reservoir,Northern Pike,Unknown,709.0,747.0,3.255,Unknown,,0.196,2006
2006-11-08,Milk River Ridge Reservoir,Reservoir,Walleye,Unknown,625.0,656.0,3.363,Unknown,,0.769,2006
2006-11-08,Milk River Ridge Reservoir,Reservoir,Walleye,Unknown,502.0,530.0,1.474,Unknown,,0.556,2006
2006-11-08,Milk River Ridge Reservoir,Reservoir,Walleye,Unknown,399.0,425.0,0.706,Unknown,,0.358,2006
2006-11-08,Milk River Ridge Reservoir,Reservoir,Walleye,Unknown,420.0,445.0,0.789,Unknown,,0.282,2006
2006-11-08,Milk River Ridge Reservoir,Reservoir,Walleye,Unknown,453.0,482.0,1.119,Unknown,,0.438,2006
2006-11-08,Milk River Ridge Reservoir,Reservoir,Walleye,Unknown,595.0,625.0,2.713,Unknown,,0.494,2006
2006-11-08,Milk River Ridge Reservoir,Reservoir,Walleye,Unknown,455.0,486.0,1.14,Unknown,,0.344,2006
2006-11-08,Milk River Ridge Reservoir,Reservoir,Walleye,Unknown,407.0,429.0,0.781,Unknown,,0.263,2006
2006-11-08,Milk River Ridge Reservoir,Reservoir,Walleye,Unknown,408.0,437.0,0.86,Unknown,,0.381,2006
2006-11-08,Milk River Ridge Reservoir,Reservoir,Walleye,Unknown,553.0,582.0,2.319,Unknown,,0.413,2006
2012-09-14,Moonshine Lake (Mirage Lake),Lake,Brown Trout,Unknown,,250.0,0.174,Unknown,,0.084,2012
2012-08-27,Moonshine Lake (Mirage Lake),Lake,Rainbow Trout,Male,,261.0,0.2,Unknown,,0.047,2012
2012-08-27,Moonshine Lake (Mirage Lake),Lake,Rainbow Trout,Female,,396.0,0.63,Unknown,,0.091,2012
2012-08-27,Moonshine Lake (Mirage Lake),Lake,Rainbow Trout,Male,,265.0,0.21,Unknown,,0.059,2012
2012-08-27,Moonshine Lake (Mirage Lake),Lake,Rainbow Trout,Female,,359.0,0.57,Unknown,,0.054,2012
2012-08-27,Moonshine Lake (Mirage Lake),Lake,Rainbow Trout,Male,,243.0,0.15,Unknown,,0.096,2012
2012-08-27,Moonshine Lake (Mirage Lake),Lake,Rainbow Trout,Male,,264.0,0.21,Unknown,,0.077,2012
2012-08-27,Moonshine Lake (Mirage Lake),Lake,Rainbow Trout,Female,,255.0,0.18,Unknown,,0.051,2012
2012-08-27,Moonshine Lake (Mirage Lake),Lake,Rainbow Trout,Female,,258.0,0.19,Unknown,,0.053,2012
2012-08-27,Moonshine Lake (Mirage Lake),Lake,Rainbow Trout,Male,,287.0,0.27,Unknown,,0.06,2012
2012-08-27,Moonshine Lake (Mirage Lake),Lake,Rainbow Trout,Male,,249.0,0.18,Unknown,,0.037,2012
2012-08-27,Moonshine Lake (Mirage Lake),Lake,Rainbow Trout,Female,,353.0,0.47,Unknown,,0.122,2012
2012-08-27,Moonshine Lake (Mirage Lake),Lake,Rainbow Trout,Male,,351.0,0.45,Unknown,,0.075,2012
2012-08-27,Moonshine Lake (Mirage Lake),Lake,Rainbow Trout,Male,,263.0,0.21,Unknown,,0.049,2012
2012-08-27,Moonshine Lake (Mirage Lake),Lake,Rainbow Trout,Female,,245.0,0.17,Unknown,,0.055,2012
2012-08-27,Moonshine Lake (Mirage Lake),Lake,Rainbow Trout,Male,,349.0,0.55,Unknown,,0.096,2012
2012-09-14,Moonshine Lake (Mirage Lake),Lake,Rainbow Trout,Male,,260.0,0.246,Unknown,,0.061,2012
2012-09-17,Moonshine Lake (Mirage Lake),Lake,Rainbow Trout,Unknown,,260.0,0.21,Unknown,,0.08,2012
2012-09-17,Moonshine Lake (Mirage Lake),Lake,Rainbow Trout,Unknown,,290.0,0.282,Unknown,,0.073,2012
2012-09-17,Moonshine Lake (Mirage Lake),Lake,Rainbow Trout,Unknown,,250.0,0.2,Unknown,,0.054,2012
2012-09-17,Moonshine Lake (Mirage Lake),Lake,Rainbow Trout,Unknown,,270.0,0.214,Unknown,,0.081,2012
2012-09-17,Moonshine Lake (Mirage Lake),Lake,Rainbow Trout,Unknown,,320.0,0.454,Unknown,,0.108,2012
2012-09-17,Moonshine Lake (Mirage Lake),Lake,Rainbow Trout,Male,,290.0,0.298,Unknown,,0.046,2012
2012-09-17,Moonshine Lake (Mirage Lake),Lake,Rainbow Trout,Male,,250.0,0.214,Unknown,,0.071,2012
2012-09-17,Moonshine Lake (Mirage Lake),Lake,Rainbow Trout,Male,,280.0,0.294,Unknown,,0.061,2012
2012-09-05,Moose Lake,Lake,Cisco,Male,,450.0,1.1,Unknown,,0.102,2012
2012-09-05,Moose Lake,Lake,Cisco,Female,,350.0,0.56,Unknown,,0.057,2012
2012-09-05,Moose Lake,Lake,Cisco,Female,,360.0,0.588,Unknown,,0.047,2012
2012-09-05,Moose Lake,Lake,Cisco,Female,,360.0,0.806,Unknown,,0.055,2012
2012-09-05,Moose Lake,Lake,Cisco,Female,,450.0,1.42,Unknown,,0.087,2012
2012-09-05,Moose Lake,Lake,Cisco,Unknown,,410.0,0.966,Unknown,,0.107,2012
2012-09-05,Moose Lake,Lake,Cisco,Female,,420.0,1.05,Unknown,,0.105,2012
2012-09-05,Moose Lake,Lake,Cisco,Unknown,,380.0,0.666,Unknown,,0.067,2012
2012-09-05,Moose Lake,Lake,Cisco,Female,,390.0,0.758,Unknown,,0.055,2012
2012-09-05,Moose Lake,Lake,Cisco,Female,,360.0,0.61,Unknown,,0.083,2012
2012-09-05,Moose Lake,Lake,Cisco,Female,,440.0,1.168,Unknown,,0.087,2012
2012-10-02,Moose Lake,Lake,Cisco,Male,,440.0,1.2,Unknown,,0.098,2012
2012-10-02,Moose Lake,Lake,Cisco,Male,,380.0,0.77,Unknown,,0.075,2012
2012-10-02,Moose Lake,Lake,Cisco,Female,,430.0,1.22,Unknown,,0.161,2012
2012-10-02,Moose Lake,Lake,Cisco,Male,,410.0,0.92,Unknown,,0.109,2012
2012-10-02,Moose Lake,Lake,Cisco,Unknown,,450.0,1.2,Unknown,,0.147,2012
2012-10-02,Moose Lake,Lake,Cisco,Unknown,,370.0,1.0,Unknown,,0.146,2012
2012-10-02,Moose Lake,Lake,Cisco,Female,,440.0,1.09,Unknown,,0.123,2012
2012-10-02,Moose Lake,Lake,Cisco,Female,,400.0,0.96,Unknown,,0.075,2012
2012-10-02,Moose Lake,Lake,Cisco,Female,,360.0,0.84,Unknown,,0.07,2012
2012-10-02,Moose Lake,Lake,Cisco,Female,,420.0,0.92,Unknown,,0.099,2012
2012-10-02,Moose Lake,Lake,Cisco,Female,,360.0,0.78,Unknown,,0.067,2012
2012-10-02,Moose Lake,Lake,Cisco,Male,,380.0,0.89,Unknown,,0.047,2012
2012-10-02,Moose Lake,Lake,Cisco,Male,,310.0,0.39,Unknown,,0.043,2012
2012-10-02,Moose Lake,Lake,Cisco,Female,,390.0,0.74,Unknown,,0.074,2012
2012-10-02,Moose Lake,Lake,Cisco,Female,,360.0,0.78,Unknown,,0.067,2012
2012-08-01,Moose Lake,Lake,Lake Whitefish,Female,,580.0,2.35,Unknown,,0.031,2012
2012-08-01,Moose Lake,Lake,Lake Whitefish,Female,,630.0,2.86,Unknown,,0.029,2012
2012-09-05,Moose Lake,Lake,Lake Whitefish,Female,,580.0,2.5,Unknown,,0.055,2012
2012-09-05,Moose Lake,Lake,Lake Whitefish,Female,,630.0,2.6,Unknown,,0.108,2012
2012-10-02,Moose Lake,Lake,Lake Whitefish,Female,,590.0,2.6,Unknown,,0.067,2012
2008-09-04,Moose Lake,Lake,Northern Pike,Female,,650.0,1.16,Unknown,,0.495,2008
2011-09-17,Moose Lake,Lake,Northern Pike,Male,572.0,605.0,1.255,Mature,9.0,0.459,2011
2011-09-17,Moose Lake,Lake,Northern Pike,Female,592.0,632.0,1.13,Mature,8.0,0.581,2011
2011-09-17,Moose Lake,Lake,Northern Pike,Female,610.0,648.0,1.375,Mature,9.0,0.464,2011
2011-09-17,Moose Lake,Lake,Northern Pike,Male,500.0,525.0,1.095,Mature,4.0,0.244,2011
2011-09-17,Moose Lake,Lake,Northern Pike,Male,555.0,591.0,1.175,Mature,8.0,0.535,2011
2011-09-17,Moose Lake,Lake,Northern Pike,Male,442.0,473.0,0.66,Mature,3.0,0.11,2011
2011-09-17,Moose Lake,Lake,Northern Pike,Male,542.0,580.0,1.1,Mature,7.0,0.346,2011
2011-09-17,Moose Lake,Lake,Northern Pike,Male,528.0,559.0,1.125,Mature,7.0,0.188,2011
2011-09-17,Moose Lake,Lake,Northern Pike,Female,610.0,641.0,1.235,Mature,9.0,0.639,2011
2011-09-17,Moose Lake,Lake,Northern Pike,Male,523.0,555.0,1.085,Mature,6.0,0.325,2011
2011-09-17,Moose Lake,Lake,Northern Pike,Male,540.0,574.0,1.16,Mature,7.0,0.331,2011
2011-09-17,Moose Lake,Lake,Northern Pike,Male,525.0,560.0,1.105,Mature,6.0,0.216,2011
2011-09-17,Moose Lake,Lake,Northern Pike,Female,570.0,608.0,1.265,Mature,8.0,0.33,2011
2011-09-17,Moose Lake,Lake,Northern Pike,Female,624.0,661.0,1.7,Mature,11.0,0.462,2011
2011-09-17,Moose Lake,Lake,Northern Pike,Female,531.0,564.0,1.185,Mature,6.0,0.085,2011
2011-09-17,Moose Lake,Lake,Northern Pike,Female,507.0,540.0,0.85,Mature,4.0,0.139,2011
2011-09-17,Moose Lake,Lake,Northern Pike,Male,573.0,611.0,1.335,Mature,9.0,0.316,2011
2012-08-01,Moose Lake,Lake,Northern Pike,Male,,600.0,0.97,Unknown,,0.464,2012
2012-08-01,Moose Lake,Lake,Northern Pike,Male,,590.0,1.32,Unknown,,0.21,2012
2012-08-01,Moose Lake,Lake,Northern Pike,Male,,570.0,1.13,Unknown,,0.218,2012
2012-08-01,Moose Lake,Lake,Northern Pike,Female,,600.0,1.17,Unknown,,0.22,2012
2012-08-01,Moose Lake,Lake,Northern Pike,Female,,640.0,1.49,Unknown,,0.337,2012
2012-08-01,Moose Lake,Lake,Northern Pike,Female,,650.0,1.29,Unknown,,0.445,2012
2012-08-01,Moose Lake,Lake,Northern Pike,Female,,610.0,1.35,Unknown,,0.308,2012
2012-08-01,Moose Lake,Lake,Northern Pike,Male,,630.0,1.49,Unknown,,0.184,2012
2012-08-01,Moose Lake,Lake,Northern Pike,Female,,700.0,1.65,Unknown,,0.532,2012
2012-09-05,Moose Lake,Lake,Northern Pike,Female,,620.0,1.356,Unknown,,0.269,2012
2012-09-05,Moose Lake,Lake,Northern Pike,Female,,650.0,1.16,Unknown,,0.495,2012
2012-09-05,Moose Lake,Lake,Northern Pike,Female,,620.0,1.614,Unknown,,0.26,2012
2012-09-05,Moose Lake,Lake,Northern Pike,Female,,645.0,1.8,Unknown,,0.197,2012
2012-09-05,Moose Lake,Lake,Northern Pike,Female,,630.0,1.644,Unknown,,0.332,2012
2012-09-05,Moose Lake,Lake,Northern Pike,Female,,630.0,1.71,Unknown,,0.181,2012
2012-09-05,Moose Lake,Lake,Northern Pike,Female,,690.0,1.976,Unknown,,0.326,2012
2012-09-05,Moose Lake,Lake,Northern Pike,Female,,650.0,2.2,Unknown,,0.173,2012
2012-09-05,Moose Lake,Lake,Northern Pike,Female,,900.0,4.9,Unknown,,1.316,2012
2012-09-05,Moose Lake,Lake,Northern Pike,Female,,890.0,6.91,Unknown,,0.803,2012
2012-09-05,Moose Lake,Lake,Northern Pike,Female,,830.0,5.45,Unknown,,1.083,2012
2012-10-02,Moose Lake,Lake,Northern Pike,Female,,660.0,1.57,Unknown,,0.382,2012
2012-10-02,Moose Lake,Lake,Northern Pike,Female,,660.0,1.97,Unknown,,0.269,2012
2012-10-02,Moose Lake,Lake,Northern Pike,Female,,560.0,1.04,Unknown,,0.114,2012
2012-10-02,Moose Lake,Lake,Northern Pike,Male,,590.0,1.77,Unknown,,0.29,2012
2012-10-02,Moose Lake,Lake,Northern Pike,Female,,650.0,1.68,Unknown,,0.52,2012
2012-10-02,Moose Lake,Lake,Northern Pike,Female,,680.0,1.96,Unknown,,0.426,2012
2012-10-02,Moose Lake,Lake,Northern Pike,Female,,530.0,1.19,Unknown,,0.106,2012
2012-10-02,Moose Lake,Lake,Northern Pike,Female,,670.0,1.93,Unknown,,0.314,2012
2012-10-02,Moose Lake,Lake,Northern Pike,Female,,630.0,1.69,Unknown,,0.192,2012
2012-10-02,Moose Lake,Lake,Northern Pike,Female,,620.0,1.65,Unknown,,0.262,2012
2012-10-02,Moose Lake,Lake,Northern Pike,Female,,830.0,5.406,Unknown,,0.76,2012
2012-10-02,Moose Lake,Lake,Northern Pike,Female,,660.0,2.1,Unknown,,0.215,2012
2012-10-02,Moose Lake,Lake,Northern Pike,Female,,610.0,1.57,Unknown,,0.19,2012
2017-10-04,Moose Lake,Lake,Northern Pike,Female,686.0,722.0,2.7,Mature,6.0,0.29,2017
2017-10-04,Moose Lake,Lake,Northern Pike,Female,640.0,677.0,2.03,Mature,4.0,0.223,2017
2017-10-04,Moose Lake,Lake,Northern Pike,Female,630.0,666.0,2.105,Mature,6.0,0.315,2017
2017-10-04,Moose Lake,Lake,Northern Pike,Male,600.0,640.0,1.66,Mature,6.0,0.228,2017
2017-10-04,Moose Lake,Lake,Northern Pike,Female,611.0,651.0,1.86,Mature,4.0,0.296,2017
2017-10-04,Moose Lake,Lake,Northern Pike,Female,635.0,675.0,1.835,Mature,4.0,0.209,2017
2017-10-04,Moose Lake,Lake,Northern Pike,Female,642.0,681.0,1.966,Mature,6.0,0.41,2017
2017-10-04,Moose Lake,Lake,Northern Pike,Female,610.0,651.0,1.44,Mature,5.0,0.324,2017
2017-10-04,Moose Lake,Lake,Northern Pike,Female,615.0,651.0,1.675,Mature,5.0,0.296,2017
2017-10-04,Moose Lake,Lake,Northern Pike,Female,610.0,644.0,1.585,Mature,5.0,0.381,2017
2017-10-04,Moose Lake,Lake,Northern Pike,Female,609.0,645.0,1.675,Mature,5.0,0.163,2017
2017-10-04,Moose Lake,Lake,Northern Pike,Female,680.0,720.0,2.414,Mature,8.0,0.353,2017
2017-10-04,Moose Lake,Lake,Northern Pike,Female,689.0,730.0,2.548,Mature,6.0,0.574,2017
2017-10-04,Moose Lake,Lake,Northern Pike,Female,640.0,678.0,2.032,Mature,6.0,0.463,2017
2011-09-17,Moose Lake,Lake,Walleye,Female,562.0,593.0,1.935,Mature,10.0,0.476,2011
2011-09-17,Moose Lake,Lake,Walleye,Female,574.0,604.0,1.985,Mature,12.0,0.598,2011
2011-09-17,Moose Lake,Lake,Walleye,Female,559.0,586.0,1.91,Mature,10.0,0.628,2011
2011-09-17,Moose Lake,Lake,Walleye,Female,521.0,552.0,1.63,Mature,10.0,0.42,2011
2011-09-17,Moose Lake,Lake,Walleye,Female,522.0,551.0,1.53,Mature,9.0,0.438,2011
2011-09-17,Moose Lake,Lake,Walleye,Male,522.0,550.0,1.455,Mature,12.0,0.529,2011
2011-09-17,Moose Lake,Lake,Walleye,Male,476.0,507.0,1.26,Mature,11.0,0.391,2011
2011-09-17,Moose Lake,Lake,Walleye,Male,459.0,485.0,1.24,Mature,8.0,0.323,2011
2011-09-17,Moose Lake,Lake,Walleye,Female,570.0,601.0,1.91,Mature,13.0,0.65,2011
2011-09-17,Moose Lake,Lake,Walleye,Male,490.0,526.0,1.475,Mature,7.0,0.295,2011
2012-08-01,Moose Lake,Lake,Walleye,Female,,620.0,2.05,Unknown,,0.708,2012
2012-08-01,Moose Lake,Lake,Walleye,Female,,640.0,2.29,Unknown,,0.64,2012
2012-08-01,Moose Lake,Lake,Walleye,Male,,500.0,1.06,Unknown,,0.297,2012
2012-08-01,Moose Lake,Lake,Walleye,Male,,510.0,1.18,Unknown,,0.619,2012
2012-08-01,Moose Lake,Lake,Walleye,Female,,600.0,1.79,Unknown,,0.506,2012
2012-08-01,Moose Lake,Lake,Walleye,Female,,550.0,1.51,Unknown,,0.432,2012
2012-08-01,Moose Lake,Lake,Walleye,Male,,540.0,1.46,Unknown,,0.592,2012
2012-08-01,Moose Lake,Lake,Walleye,Female,,530.0,1.25,Unknown,,0.285,2012
2012-08-01,Moose Lake,Lake,Walleye,Male,,530.0,1.37,Unknown,,0.655,2012
2012-08-01,Moose Lake,Lake,Walleye,Male,,550.0,1.38,Unknown,,0.448,2012
2012-08-01,Moose Lake,Lake,Walleye,Female,,600.0,1.81,Unknown,,0.353,2012
2012-08-01,Moose Lake,Lake,Walleye,Female,,580.0,1.65,Unknown,,0.283,2012
2012-08-01,Moose Lake,Lake,Walleye,Female,,630.0,2.23,Unknown,,0.677,2012
2012-08-01,Moose Lake,Lake,Walleye,Female,,600.0,1.88,Unknown,,0.703,2012
2012-08-01,Moose Lake,Lake,Walleye,Female,,530.0,1.3,Unknown,,0.586,2012
2012-09-05,Moose Lake,Lake,Walleye,Unknown,,530.0,1.5,Unknown,,0.569,2012
2012-09-05,Moose Lake,Lake,Walleye,Unknown,,500.0,1.44,Unknown,,0.525,2012
2012-09-05,Moose Lake,Lake,Walleye,Unknown,,530.0,1.558,Unknown,,0.657,2012
2012-09-05,Moose Lake,Lake,Walleye,Unknown,,530.0,1.432,Unknown,,0.649,2012
2012-09-05,Moose Lake,Lake,Walleye,Unknown,,520.0,1.38,Unknown,,0.446,2012
2012-09-05,Moose Lake,Lake,Walleye,Unknown,,540.0,1.5,Unknown,,0.771,2012
2012-09-05,Moose Lake,Lake,Walleye,Unknown,,540.0,1.548,Unknown,,0.687,2012
2012-09-05,Moose Lake,Lake,Walleye,Female,,480.0,1.14,Unknown,,0.208,2012
2012-10-02,Moose Lake,Lake,Walleye,Female,,545.0,1.55,Unknown,,0.324,2012
2012-10-02,Moose Lake,Lake,Walleye,Female,,550.0,1.76,Unknown,,0.376,2012
2012-10-02,Moose Lake,Lake,Walleye,Female,,610.0,2.35,Unknown,,0.411,2012
2012-10-02,Moose Lake,Lake,Walleye,Female,,530.0,1.47,Unknown,,0.362,2012
2012-10-02,Moose Lake,Lake,Walleye,Female,,560.0,2.22,Unknown,,0.359,2012
2012-10-02,Moose Lake,Lake,Walleye,Female,,600.0,2.3,Unknown,,0.637,2012
2012-10-02,Moose Lake,Lake,Walleye,Male,,500.0,1.33,Unknown,,0.411,2012
2012-10-02,Moose Lake,Lake,Walleye,Male,,550.0,1.56,Unknown,,0.73,2012
2012-10-02,Moose Lake,Lake,Walleye,Unknown,,580.0,1.9,Unknown,,0.629,2012
2012-10-02,Moose Lake,Lake,Walleye,Female,,500.0,1.18,Unknown,,0.181,2012
2012-10-02,Moose Lake,Lake,Walleye,Female,,530.0,1.45,Unknown,,0.272,2012
2012-10-02,Moose Lake,Lake,Walleye,Female,,610.0,2.8,Unknown,,0.628,2012
2012-10-02,Moose Lake,Lake,Walleye,Female,,510.0,1.32,Unknown,,0.348,2012
2012-10-02,Moose Lake,Lake,Walleye,Female,,540.0,1.58,Unknown,,0.23,2012
2012-10-02,Moose Lake,Lake,Walleye,Male,,500.0,1.32,Unknown,,0.423,2012
2017-10-04,Moose Lake,Lake,Walleye,Female,608.0,630.0,2.744,Mature,11.0,0.557,2017
2017-10-04,Moose Lake,Lake,Walleye,Female,520.0,550.0,1.7,Mature,7.0,0.372,2017
2017-10-04,Moose Lake,Lake,Walleye,Male,524.0,550.0,1.65,Mature,10.0,0.54,2017
2017-10-04,Moose Lake,Lake,Walleye,Male,482.0,513.0,1.29,Mature,13.0,0.584,2017
2017-10-04,Moose Lake,Lake,Walleye,Female,585.0,620.0,2.35,Mature,10.0,0.517,2017
2017-10-04,Moose Lake,Lake,Walleye,Male,496.0,524.0,1.545,Mature,10.0,0.505,2017
2017-10-04,Moose Lake,Lake,Walleye,Female,539.0,566.0,1.79,Mature,7.0,0.413,2017
2017-10-04,Moose Lake,Lake,Walleye,Female,539.0,569.0,1.92,Mature,10.0,0.37,2017
2017-10-04,Moose Lake,Lake,Walleye,Female,550.0,580.0,1.992,Mature,8.0,0.377,2017
2017-10-04,Moose Lake,Lake,Walleye,Female,624.0,659.0,1.935,Mature,,0.809,2017
2017-10-04,Moose Lake,Lake,Walleye,Male,504.0,528.0,1.438,Mature,7.0,0.444,2017
2017-10-04,Moose Lake,Lake,Walleye,Female,495.0,522.0,1.434,Mature,6.0,0.394,2017
2017-10-04,Moose Lake,Lake,Walleye,Female,559.0,586.0,1.985,Mature,9.0,0.483,2017
2017-10-04,Moose Lake,Lake,Walleye,Male,485.0,510.0,1.292,Mature,12.0,0.565,2017
2017-10-04,Moose Lake,Lake,Walleye,Male,551.0,581.0,1.862,Mature,15.0,0.608,2017
2017-10-04,Moose Lake,Lake,Walleye,Female,562.0,592.0,2.03,Mature,8.0,0.381,2017
2012-08-01,Moose Lake,Lake,Yellow Perch,Male,,250.0,0.201,Unknown,,0.05,2012
2012-08-01,Moose Lake,Lake,Yellow Perch,Male,,215.0,0.229,Unknown,,0.071,2012
2012-08-01,Moose Lake,Lake,Yellow Perch,Male,,225.0,0.144,Unknown,,0.042,2012
2012-08-01,Moose Lake,Lake,Yellow Perch,Male,,225.0,0.14,Unknown,,0.048,2012
2012-08-01,Moose Lake,Lake,Yellow Perch,Female,,220.0,0.151,Unknown,,0.048,2012
2012-08-01,Moose Lake,Lake,Yellow Perch,Male,,235.0,0.161,Unknown,,0.053,2012
2012-08-01,Moose Lake,Lake,Yellow Perch,Male,,270.0,0.258,Unknown,,0.056,2012
2012-08-01,Moose Lake,Lake,Yellow Perch,Male,,255.0,0.251,Unknown,,0.074,2012
2012-08-01,Moose Lake,Lake,Yellow Perch,Female,,240.0,0.179,Unknown,,0.076,2012
2012-08-01,Moose Lake,Lake,Yellow Perch,Female,,245.0,0.178,Unknown,,0.06,2012
2012-08-01,Moose Lake,Lake,Yellow Perch,Male,,230.0,0.168,Unknown,,0.06,2012
2012-08-01,Moose Lake,Lake,Yellow Perch,Female,,225.0,0.147,Unknown,,0.044,2012
2012-09-05,Moose Lake,Lake,Yellow Perch,Female,,260.0,0.24,Unknown,,0.042,2012
2012-09-05,Moose Lake,Lake,Yellow Perch,Female,,250.0,0.18,Unknown,,0.062,2012
2012-09-05,Moose Lake,Lake,Yellow Perch,Female,,250.0,0.214,Unknown,,0.005,2012
2012-09-05,Moose Lake,Lake,Yellow Perch,Female,,250.0,0.232,Unknown,,0.108,2012
2012-09-05,Moose Lake,Lake,Yellow Perch,Male,,240.0,0.18,Unknown,,0.051,2012
2012-09-05,Moose Lake,Lake,Yellow Perch,Female,,220.0,0.14,Unknown,,0.065,2012
2012-09-05,Moose Lake,Lake,Yellow Perch,Female,,250.0,0.218,Unknown,,0.047,2012
2012-09-05,Moose Lake,Lake,Yellow Perch,Female,,270.0,0.222,Unknown,,0.078,2012
2012-10-02,Moose Lake,Lake,Yellow Perch,Female,,230.0,0.168,Unknown,,0.044,2012
2012-10-02,Moose Lake,Lake,Yellow Perch,Unknown,,170.0,0.078,Unknown,,0.052,2012
2012-10-02,Moose Lake,Lake,Yellow Perch,Female,,280.0,0.288,Unknown,,0.102,2012
2012-10-02,Moose Lake,Lake,Yellow Perch,Female,,270.0,0.316,Unknown,,0.117,2012
2012-10-02,Moose Lake,Lake,Yellow Perch,Unknown,,220.0,0.126,Unknown,,0.102,2012
2012-10-02,Moose Lake,Lake,Yellow Perch,Female,,210.0,0.112,Unknown,,0.055,2012
2012-10-02,Moose Lake,Lake,Yellow Perch,Unknown,,170.0,0.052,Unknown,,0.037,2012
2012-10-02,Moose Lake,Lake,Yellow Perch,Unknown,,190.0,0.08,Unknown,,0.024,2012
2012-10-02,Moose Lake,Lake,Yellow Perch,Unknown,,170.0,0.062,Unknown,,0.043,2012
2012-10-02,Moose Lake,Lake,Yellow Perch,Unknown,,170.0,0.056,Unknown,,0.043,2012
2012-10-02,Moose Lake,Lake,Yellow Perch,Unknown,,200.0,0.096,Unknown,,0.041,2012
2012-10-02,Moose Lake,Lake,Yellow Perch,Female,,190.0,0.072,Unknown,,0.04,2012
2012-10-02,Moose Lake,Lake,Yellow Perch,Unknown,,190.0,0.072,Unknown,,0.038,2012
2012-10-02,Moose Lake,Lake,Yellow Perch,Unknown,,170.0,0.06,Unknown,,0.056,2012
2012-10-02,Moose Lake,Lake,Yellow Perch,Unknown,,190.0,0.068,Unknown,,0.026,2012
2012-10-02,Moose Lake,Lake,Yellow Perch,Unknown,,160.0,0.046,Unknown,,0.024,2012
2015-09-30,Muskwa Lake,Lake,Northern Pike,Female,424.0,450.0,0.54,Mature,,0.054,2015
2015-09-30,Muskwa Lake,Lake,Northern Pike,Male,545.0,576.0,1.1,Mature,9.0,0.228,2015
2015-09-30,Muskwa Lake,Lake,Northern Pike,Male,446.0,469.0,0.71,Mature,4.0,0.079,2015
2015-09-30,Muskwa Lake,Lake,Northern Pike,Female,501.0,532.0,1.01,Mature,,0.055,2015
2015-09-30,Muskwa Lake,Lake,Northern Pike,Female,763.0,801.0,3.22,Mature,6.0,0.414,2015
2015-09-30,Muskwa Lake,Lake,Northern Pike,Male,459.0,490.0,0.685,Mature,4.0,0.124,2015
2015-09-30,Muskwa Lake,Lake,Northern Pike,Female,946.0,997.0,7.04,Mature,11.0,0.912,2015
2015-09-30,Muskwa Lake,Lake,Northern Pike,Female,513.0,543.0,1.0,Mature,5.0,0.167,2015
2015-09-30,Muskwa Lake,Lake,Northern Pike,Female,815.0,850.0,4.06,Mature,8.0,0.481,2015
2015-09-30,Muskwa Lake,Lake,Northern Pike,Female,525.0,552.0,1.19,Mature,5.0,0.118,2015
2015-09-30,Muskwa Lake,Lake,Northern Pike,Female,766.0,807.0,3.395,Mature,11.0,0.553,2015
2015-09-30,Muskwa Lake,Lake,Northern Pike,Female,466.0,498.0,0.78,Mature,2.0,0.094,2015
2015-09-30,Muskwa Lake,Lake,Northern Pike,Male,516.0,552.0,1.06,Mature,5.0,0.091,2015
2015-09-30,Muskwa Lake,Lake,Northern Pike,Female,800.0,842.0,3.85,Mature,7.0,0.349,2015
2015-09-30,Muskwa Lake,Lake,Northern Pike,Male,503.0,534.0,1.005,Mature,4.0,0.096,2015
2015-09-30,Muskwa Lake,Lake,Northern Pike,Male,460.0,490.0,0.855,Mature,4.0,0.146,2015
2015-09-30,Muskwa Lake,Lake,Northern Pike,Male,651.0,690.0,2.04,Mature,10.0,0.248,2015
2015-09-30,Muskwa Lake,Lake,Northern Pike,Male,483.0,510.0,0.94,Mature,5.0,0.096,2015
2015-09-30,Muskwa Lake,Lake,Northern Pike,Male,439.0,472.0,0.61,Mature,4.0,0.121,2015
2015-09-30,Muskwa Lake,Lake,Northern Pike,Female,442.0,470.0,0.6,Mature,,0.04,2015
2015-09-30,Muskwa Lake,Lake,Northern Pike,Male,465.0,499.0,0.83,Mature,5.0,0.118,2015
2015-09-30,Muskwa Lake,Lake,Northern Pike,Female,777.0,819.0,3.89,Mature,9.0,0.545,2015
2015-09-30,Muskwa Lake,Lake,Northern Pike,Female,518.0,546.0,0.965,Mature,4.0,0.13,2015
2015-09-30,Muskwa Lake,Lake,Northern Pike,Male,532.0,563.0,1.095,Mature,4.0,0.123,2015
2015-09-30,Muskwa Lake,Lake,Northern Pike,Male,461.0,490.0,0.815,Mature,5.0,0.128,2015
2015-09-30,Muskwa Lake,Lake,Northern Pike,Male,620.0,655.0,1.39,Mature,5.0,0.229,2015
2015-09-30,Muskwa Lake,Lake,Walleye,Female,424.0,446.0,0.91,Immature,3.0,0.082,2015
2015-09-30,Muskwa Lake,Lake,Walleye,Female,584.0,609.0,2.465,Mature,9.0,0.354,2015
2015-09-30,Muskwa Lake,Lake,Walleye,Male,412.0,435.0,0.87,Mature,3.0,0.076,2015
2015-09-30,Muskwa Lake,Lake,Walleye,Female,546.0,577.0,2.08,Mature,9.0,0.21,2015
2015-09-30,Muskwa Lake,Lake,Walleye,Female,441.0,463.0,1.11,Mature,3.0,0.071,2015
2015-09-30,Muskwa Lake,Lake,Walleye,Male,413.0,437.0,0.86,Mature,4.0,0.211,2015
2015-09-30,Muskwa Lake,Lake,Walleye,Female,430.0,453.0,0.94,Mature,3.0,0.057,2015
2015-09-30,Muskwa Lake,Lake,Walleye,Male,526.0,533.0,1.72,Mature,7.0,0.22,2015
2007-08-03,Namur Lake,Lake,Lake Trout,Female,621.0,,2.38,Mature,15.0,0.703,2007
2007-08-03,Namur Lake,Lake,Lake Trout,Male,538.0,,1.67,Mature,7.0,0.545,2007
2007-08-03,Namur Lake,Lake,Lake Trout,Male,612.0,,2.34,Mature,10.0,0.404,2007
2007-08-03,Namur Lake,Lake,Lake Trout,Female,741.0,,3.66,Mature,18.0,0.772,2007
2007-08-03,Namur Lake,Lake,Lake Trout,Male,612.0,,2.24,Mature,12.0,0.65,2007
2007-08-03,Namur Lake,Lake,Lake Trout,Female,462.0,,0.97,Immature,4.0,0.169,2007
2007-08-03,Namur Lake,Lake,Lake Trout,Female,540.0,,1.57,Mature,8.0,0.51,2007
2007-08-03,Namur Lake,Lake,Lake Trout,Male,580.0,,2.18,Mature,9.0,0.488,2007
2007-08-03,Namur Lake,Lake,Lake Trout,Male,562.0,,1.61,Mature,12.0,0.631,2007
2007-08-03,Namur Lake,Lake,Lake Trout,Male,524.0,,1.57,Mature,10.0,0.42,2007
2007-08-03,Namur Lake,Lake,Lake Trout,Male,478.0,,1.12,Mature,7.0,0.198,2007
2007-08-03,Namur Lake,Lake,Lake Trout,Female,608.0,,2.12,Mature,11.0,0.435,2007
2007-08-03,Namur Lake,Lake,Lake Trout,Male,621.0,,2.19,Mature,13.0,0.698,2007
2007-08-03,Namur Lake,Lake,Lake Trout,Female,427.0,,0.73,Immature,5.0,0.126,2007
2007-08-03,Namur Lake,Lake,Lake Trout,Male,482.0,,1.2,Mature,8.0,0.193,2007
2007-08-03,Namur Lake,Lake,Lake Trout,Male,485.0,,1.16,Mature,6.0,0.205,2007
2018-06-17,Narrow Lake,Lake,Burbot,Male,,570.0,1.435,Mature,6.0,0.132,2018
2018-06-17,Narrow Lake,Lake,Northern Pike,Female,998.0,1040.0,7.4,Mature,10.0,2.484,2018
2018-06-17,Narrow Lake,Lake,Northern Pike,Male,476.0,508.0,0.675,Mature,4.0,0.494,2018
2018-06-17,Narrow Lake,Lake,Northern Pike,Female,481.0,510.0,0.65,Mature,3.0,0.705,2018
2018-06-17,Narrow Lake,Lake,Northern Pike,Female,530.0,564.0,0.96,Mature,4.0,0.837,2018
2018-06-17,Narrow Lake,Lake,Northern Pike,Female,527.0,555.0,0.77,Mature,5.0,0.912,2018
2018-06-17,Narrow Lake,Lake,Northern Pike,Female,577.0,622.0,1.35,Mature,6.0,0.868,2018
2018-06-17,Narrow Lake,Lake,Northern Pike,Male,510.0,545.0,0.92,Mature,4.0,0.628,2018
2018-06-17,Narrow Lake,Lake,Northern Pike,Male,402.0,427.0,0.505,Mature,2.0,0.33,2018
2018-06-17,Narrow Lake,Lake,Northern Pike,Male,574.0,610.0,1.22,Mature,6.0,1.223,2018
2018-06-17,Narrow Lake,Lake,Northern Pike,Female,635.0,678.0,1.605,Mature,5.0,0.858,2018
2018-06-17,Narrow Lake,Lake,Northern Pike,Male,523.0,558.0,1.105,Mature,5.0,0.692,2018
2018-06-17,Narrow Lake,Lake,Northern Pike,Female,570.0,608.0,1.27,Mature,5.0,0.623,2018
2018-06-17,Narrow Lake,Lake,Northern Pike,Female,796.0,837.0,3.56,Mature,8.0,0.862,2018
2018-06-17,Narrow Lake,Lake,Northern Pike,Male,483.0,514.0,0.75,Mature,5.0,0.708,2018
2018-06-17,Narrow Lake,Lake,Northern Pike,Female,513.0,545.0,0.825,Mature,5.0,0.863,2018
2018-06-17,Narrow Lake,Lake,Northern Pike,Male,488.0,518.0,0.73,Mature,4.0,0.622,2018
2018-06-17,Narrow Lake,Lake,Walleye,Female,553.0,579.0,1.39,Mature,7.0,1.186,2018
2018-06-17,Narrow Lake,Lake,Walleye,Male,613.0,639.0,1.925,Mature,17.0,1.684,2018
2018-06-17,Narrow Lake,Lake,Walleye,Male,565.0,590.0,1.69,Mature,9.0,1.237,2018
2012-01-24,Nipisi Lake,Lake,Northern Pike,Female,764.0,802.0,2.91,Unknown,,0.139,2012
2012-01-24,Nipisi Lake,Lake,Northern Pike,Female,837.0,882.0,4.51,Unknown,,0.181,2012
2012-01-24,Nipisi Lake,Lake,Northern Pike,Female,790.0,847.0,4.025,Unknown,,0.193,2012
2012-01-24,Nipisi Lake,Lake,Northern Pike,Female,894.0,948.0,6.34,Unknown,,0.143,2012
2012-01-24,Nipisi Lake,Lake,Northern Pike,Female,860.0,907.0,5.1,Unknown,,0.175,2012
2012-01-24,Nipisi Lake,Lake,Northern Pike,Female,616.0,649.0,1.645,Unknown,,0.098,2012
2012-01-24,Nipisi Lake,Lake,Northern Pike,Female,627.0,664.0,1.88,Unknown,,0.069,2012
2012-01-24,Nipisi Lake,Lake,Northern Pike,Female,614.0,650.0,1.495,Unknown,,0.097,2012
2012-01-24,Nipisi Lake,Lake,Northern Pike,Female,601.0,639.0,1.62,Unknown,,0.051,2012
2012-01-24,Nipisi Lake,Lake,Northern Pike,Female,675.0,713.0,2.27,Unknown,,0.102,2012
2012-01-24,Nipisi Lake,Lake,Northern Pike,Female,747.0,785.0,2.935,Unknown,,0.121,2012
2012-01-24,Nipisi Lake,Lake,Northern Pike,Male,640.0,674.0,2.105,Unknown,,0.081,2012
2012-01-24,Nipisi Lake,Lake,Northern Pike,Female,771.0,810.0,3.26,Unknown,,0.163,2012
2012-01-24,Nipisi Lake,Lake,Northern Pike,Female,670.0,706.0,2.16,Unknown,,0.087,2012
2012-01-24,Nipisi Lake,Lake,Northern Pike,Female,639.0,678.0,1.895,Unknown,,0.068,2012
2012-01-24,Nipisi Lake,Lake,Northern Pike,Male,600.0,637.0,1.585,Unknown,,0.057,2012
2012-01-24,Nipisi Lake,Lake,Northern Pike,Female,646.0,682.0,2.105,Unknown,,0.071,2012
2012-01-24,Nipisi Lake,Lake,Northern Pike,Female,642.0,681.0,1.785,Unknown,,0.113,2012
2012-01-24,Nipisi Lake,Lake,Northern Pike,Female,650.0,695.0,1.96,Unknown,,0.075,2012
2012-01-24,Nipisi Lake,Lake,Northern Pike,Female,752.0,796.0,2.54,Unknown,,0.142,2012
2015-09-15,North Buck Lake,Lake,Lake Whitefish,Male,,484.0,1.038,Mature,8.0,0.022,2015
2015-09-15,North Buck Lake,Lake,Lake Whitefish,Female,,490.0,1.339,Mature,6.0,0.037,2015
2015-09-15,North Buck Lake,Lake,Lake Whitefish,Female,,475.0,1.123,Mature,5.0,0.037,2015
2015-09-15,North Buck Lake,Lake,Lake Whitefish,Male,,514.0,1.286,Mature,9.0,0.012,2015
2015-09-15,North Buck Lake,Lake,Lake Whitefish,Female,,520.0,1.405,Mature,9.0,0.031,2015
2015-09-15,North Buck Lake,Lake,Lake Whitefish,Female,,456.0,0.8965,Mature,6.0,0.029,2015
2015-09-15,North Buck Lake,Lake,Lake Whitefish,Female,,514.0,1.376,Mature,7.0,0.032,2015
2015-09-15,North Buck Lake,Lake,Lake Whitefish,Female,,465.0,0.957,Mature,6.0,0.039,2015
2015-09-15,North Buck Lake,Lake,Lake Whitefish,Male,,538.0,1.343,Mature,9.0,0.045,2015
2015-09-15,North Buck Lake,Lake,Lake Whitefish,Male,,443.0,0.856,Mature,6.0,0.025,2015
2015-09-15,North Buck Lake,Lake,Lake Whitefish,Female,,539.0,1.57,Mature,10.0,0.032,2015
2015-09-15,North Buck Lake,Lake,Northern Pike,Female,,569.0,0.869,Mature,7.0,0.216,2015
2015-09-15,North Buck Lake,Lake,Northern Pike,Female,,495.0,0.617,Mature,,0.156,2015
2015-09-15,North Buck Lake,Lake,Northern Pike,Female,,589.0,0.972,Mature,8.0,0.425,2015
2015-09-15,North Buck Lake,Lake,Northern Pike,Male,,459.0,0.57,Mature,,0.323,2015
2015-09-15,North Buck Lake,Lake,Northern Pike,Female,,604.0,1.283,Mature,7.0,0.27,2015
2015-09-15,North Buck Lake,Lake,Northern Pike,Female,,555.0,1.03,Mature,5.0,0.213,2015
2015-09-15,North Buck Lake,Lake,Northern Pike,Male,,469.0,0.519,Mature,4.0,0.225,2015
2015-09-15,North Buck Lake,Lake,Northern Pike,Female,,852.0,4.5,Mature,9.0,0.452,2015
2015-09-15,North Buck Lake,Lake,Northern Pike,Male,,480.0,0.537,Mature,6.0,0.313,2015
2015-09-15,North Buck Lake,Lake,Northern Pike,Female,,500.0,0.706,Mature,3.0,0.128,2015
2015-09-15,North Buck Lake,Lake,Northern Pike,Female,,871.0,4.83,Mature,10.0,0.528,2015
2015-09-15,North Buck Lake,Lake,Northern Pike,Female,,766.0,3.7,Mature,9.0,0.649,2015
2015-09-15,North Buck Lake,Lake,Northern Pike,Female,,439.0,0.456,Mature,,0.094,2015
2015-09-15,North Buck Lake,Lake,Northern Pike,Male,,477.0,0.644,Mature,4.0,0.127,2015
2015-09-15,North Buck Lake,Lake,Northern Pike,Female,,461.0,0.564,Mature,3.0,0.076,2015
2015-09-16,North Buck Lake,Lake,Northern Pike,Female,,628.0,1.429,Mature,8.0,0.336,2015
2015-09-16,North Buck Lake,Lake,Northern Pike,Male,,610.0,1.005,Mature,7.0,0.492,2015
2016-06-13,North Saskatchewan River (between Edmonton and Devon),River,Goldeye,Male,318.0,350.0,0.324,Unknown,6.0,0.199,2016
2016-06-13,North Saskatchewan River (between Edmonton and Devon),River,Goldeye,Female,355.0,391.0,0.472,Unknown,10.0,0.376,2016
2016-06-07,North Saskatchewan River (east of Edmonton),River,Mooneye,Female,415.0,445.0,0.872,Mature,11.0,0.742,2016
2016-06-07,North Saskatchewan River (east of Edmonton),River,Mooneye,Female,310.0,343.0,0.392,Mature,7.0,0.263,2016
2016-06-07,North Saskatchewan River (east of Edmonton),River,Mooneye,Male,280.0,309.0,0.282,Mature,,0.275,2016
2016-06-07,North Saskatchewan River (east of Edmonton),River,Mooneye,Male,251.0,277.0,0.234,Mature,4.0,0.148,2016
2016-06-07,North Saskatchewan River (east of Edmonton),River,Mooneye,Female,236.0,262.0,0.191,Immature,3.0,0.194,2016
2016-06-07,North Saskatchewan River (east of Edmonton),River,Mooneye,Female,287.0,313.0,0.318,Mature,6.0,0.245,2016
2016-06-07,North Saskatchewan River (east of Edmonton),River,Mooneye,Female,262.0,288.0,0.222,Mature,3.0,0.187,2016
2016-06-08,North Saskatchewan River (east of Edmonton),River,Mooneye,Female,340.0,369.0,0.62,Mature,10.0,0.485,2016
2016-06-08,North Saskatchewan River (east of Edmonton),River,Mooneye,Male,323.0,356.0,0.446,Mature,9.0,0.264,2016
2016-06-08,North Saskatchewan River (east of Edmonton),River,Mooneye,Male,303.0,340.0,0.378,Immature,9.0,0.255,2016
2016-06-08,North Saskatchewan River (east of Edmonton),River,Mooneye,Female,286.0,308.0,0.302,Immature,5.0,0.204,2016
2016-06-08,North Saskatchewan River (east of Edmonton),River,Mooneye,Female,305.0,333.0,0.394,Immature,,0.16,2016
2016-06-08,North Saskatchewan River (east of Edmonton),River,Mooneye,Female,339.0,370.0,0.58,Mature,11.0,0.391,2016
2016-06-09,North Saskatchewan River (east of Edmonton),River,Mooneye,Female,333.0,366.0,0.534,Unknown,10.0,0.417,2016
2016-06-09,North Saskatchewan River (east of Edmonton),River,Mooneye,Female,311.0,342.0,0.43,Unknown,9.0,0.272,2016
2016-06-09,North Saskatchewan River (east of Edmonton),River,Mooneye,Female,317.0,353.0,0.49,Mature,10.0,0.265,2016
2016-06-07,North Saskatchewan River (east of Edmonton),River,Sauger,Female,425.0,448.0,0.826,Mature,8.0,0.894,2016
2016-06-09,North Saskatchewan River (east of Edmonton),River,Sauger,Female,437.0,459.0,0.878,Mature,8.0,0.755,2016
2016-06-10,North Saskatchewan River (east of Edmonton),River,Sauger,Male,390.0,413.0,0.53,Mature,8.0,1.136,2016
2016-06-10,North Saskatchewan River (east of Edmonton),River,Sauger,Male,372.0,394.0,0.474,Mature,3.0,0.487,2016
2016-06-10,North Saskatchewan River (east of Edmonton),River,Sauger,Female,413.0,437.0,0.698,Mature,8.0,0.978,2016
2016-06-07,North Saskatchewan River (east of Edmonton),River,Walleye,Male,324.0,341.0,0.349,Immature,3.0,0.202,2016
2016-06-07,North Saskatchewan River (east of Edmonton),River,Walleye,Female,643.0,671.0,2.987,Mature,14.0,0.806,2016
2016-06-07,North Saskatchewan River (east of Edmonton),River,Walleye,Male,337.0,355.0,0.412,Immature,3.0,0.232,2016
2016-06-07,North Saskatchewan River (east of Edmonton),River,Walleye,Female,536.0,555.0,1.69,Mature,8.0,0.488,2016
2016-06-07,North Saskatchewan River (east of Edmonton),River,Walleye,Female,335.0,353.0,0.384,Immature,2.0,0.227,2016
2016-06-07,North Saskatchewan River (east of Edmonton),River,Walleye,Female,325.0,347.0,0.346,Immature,3.0,0.201,2016
2016-06-07,North Saskatchewan River (east of Edmonton),River,Walleye,Unknown,143.0,154.0,0.03,Immature,1.0,0.257,2016
2016-06-07,North Saskatchewan River (east of Edmonton),River,Walleye,Unknown,140.0,151.0,0.027,Immature,1.0,0.258,2016
2016-06-07,North Saskatchewan River (east of Edmonton),River,Walleye,Female,172.0,184.0,0.051,Immature,1.0,0.346,2016
2016-06-07,North Saskatchewan River (east of Edmonton),River,Walleye,Male,178.0,187.0,0.061,Immature,1.0,0.241,2016
2016-06-07,North Saskatchewan River (east of Edmonton),River,Walleye,Female,335.0,351.0,0.382,Immature,2.0,0.264,2016
2016-06-07,North Saskatchewan River (east of Edmonton),River,Walleye,Female,327.0,343.0,0.375,Immature,2.0,0.243,2016
2016-06-07,North Saskatchewan River (east of Edmonton),River,Walleye,Female,330.0,347.0,0.38,Immature,2.0,0.243,2016
2016-06-07,North Saskatchewan River (east of Edmonton),River,Walleye,Female,320.0,340.0,0.354,Immature,3.0,0.256,2016
2016-06-07,North Saskatchewan River (east of Edmonton),River,Walleye,Male,365.0,385.0,0.492,Immature,3.0,0.327,2016
2016-06-07,North Saskatchewan River (east of Edmonton),River,Walleye,Female,325.0,345.0,0.368,Immature,2.0,0.256,2016
2016-06-07,North Saskatchewan River (east of Edmonton),River,Walleye,Female,368.0,387.0,0.52,Immature,3.0,0.329,2016
2016-06-07,North Saskatchewan River (east of Edmonton),River,Walleye,Male,360.0,377.0,0.442,Immature,3.0,0.234,2016
2016-06-09,North Saskatchewan River (east of Edmonton),River,Walleye,Female,594.0,628.0,2.525,Mature,12.0,0.778,2016
2016-07-05,North Saskatchewan River (west of Edmonton),River,Goldeye,Unknown,347.0,374.0,0.448,Unknown,,0.354,2016
2016-07-05,North Saskatchewan River (west of Edmonton),River,Goldeye,Unknown,342.0,369.0,0.446,Unknown,,0.477,2016
2016-07-06,North Saskatchewan River (west of Edmonton),River,Goldeye,Male,338.0,371.0,0.41,Mature,5.0,0.278,2016
2016-07-05,North Saskatchewan River (west of Edmonton),River,Mooneye,Unknown,283.0,316.0,0.334,Unknown,,0.285,2016
2016-07-05,North Saskatchewan River (west of Edmonton),River,Mooneye,Unknown,292.0,327.0,0.354,Unknown,,0.39,2016
2016-07-05,North Saskatchewan River (west of Edmonton),River,Walleye,Unknown,535.0,570.0,1.876,Unknown,,0.375,2016
2016-07-05,North Saskatchewan River (west of Edmonton),River,Walleye,Unknown,407.0,434.0,0.72,Unknown,,0.248,2016
2016-07-05,North Saskatchewan River (west of Edmonton),River,Walleye,Unknown,486.0,516.0,1.248,Unknown,,0.445,2016
2016-06-14,North Saskatchewan River (within Edmonton),River,Goldeye,Female,353.0,387.0,0.469,Mature,9.0,0.344,2016
2016-06-14,North Saskatchewan River (within Edmonton),River,Goldeye,Male,370.0,403.0,0.527,Mature,13.0,0.531,2016
2016-06-14,North Saskatchewan River (within Edmonton),River,Northern Pike,Female,520.0,552.0,1.055,Mature,5.0,0.258,2016
2016-06-14,North Saskatchewan River (within Edmonton),River,Northern Pike,Male,483.0,516.0,0.716,Mature,6.0,0.233,2016
2016-06-14,North Saskatchewan River (within Edmonton),River,Walleye,Unknown,702.0,,3.989,Mature,17.0,0.908,2016
2010-09-20,North Wabasca Lake,Lake,Northern Pike,Female,885.0,936.0,5.65,Mature,,0.29,2010
2010-09-20,North Wabasca Lake,Lake,Northern Pike,Female,976.0,1010.0,8.745,Mature,,0.46,2010
2010-09-20,North Wabasca Lake,Lake,Northern Pike,Female,950.0,997.0,8.2,Mature,,0.517,2010
2010-09-20,North Wabasca Lake,Lake,Northern Pike,Female,896.0,942.0,5.86,Mature,,0.306,2010
2010-09-21,North Wabasca Lake,Lake,Northern Pike,Female,910.0,960.0,5.995,Mature,,0.287,2010
2010-09-21,North Wabasca Lake,Lake,Northern Pike,Female,590.0,628.0,1.52,Mature,,0.342,2010
2010-09-21,North Wabasca Lake,Lake,Northern Pike,Female,720.0,760.0,2.405,Mature,,0.287,2010
2010-09-21,North Wabasca Lake,Lake,Northern Pike,Male,653.0,697.0,1.72,Mature,,0.248,2010
2010-09-21,North Wabasca Lake,Lake,Northern Pike,Female,618.0,650.0,1.355,Mature,,0.128,2010
2010-09-21,North Wabasca Lake,Lake,Northern Pike,Male,605.0,641.0,1.485,Mature,,0.198,2010
2010-09-20,North Wabasca Lake,Lake,Walleye,Female,521.0,546.0,1.62,Mature,,0.271,2010
2010-09-20,North Wabasca Lake,Lake,Walleye,Female,530.0,560.0,1.7,Mature,,0.129,2010
2010-09-20,North Wabasca Lake,Lake,Walleye,Female,,511.0,1.2,Unknown,,0.3,2010
2010-09-20,North Wabasca Lake,Lake,Walleye,Female,557.0,583.0,1.855,Mature,,0.25,2010
2010-09-20,North Wabasca Lake,Lake,Walleye,Female,617.0,650.0,2.205,Mature,,0.556,2010
2010-09-21,North Wabasca Lake,Lake,Walleye,Male,473.0,502.0,1.14,Mature,,0.17,2010
2010-09-21,North Wabasca Lake,Lake,Walleye,Male,490.0,520.0,1.465,Mature,,0.081,2010
2010-09-21,North Wabasca Lake,Lake,Walleye,Female,565.0,592.0,2.005,Mature,,0.38,2010
2010-09-21,North Wabasca Lake,Lake,Walleye,Female,555.0,575.0,1.95,Mature,,0.107,2010
2010-09-21,North Wabasca Lake,Lake,Walleye,Female,590.0,623.0,2.315,Mature,,0.408,2010
2006-10-20,Oldman River (Lethbridge - the weir),River,Northern Pike,Unknown,367.0,390.0,0.33,Unknown,,0.131,2006
2006-10-20,Oldman River (Lethbridge - the weir),River,Northern Pike,Unknown,305.0,325.0,0.195,Unknown,,0.108,2006
2006-10-20,Oldman River (Lethbridge - the weir),River,Northern Pike,Unknown,295.0,315.0,0.19,Unknown,,0.082,2006
2006-10-20,Oldman River (Lethbridge - the weir),River,Northern Pike,Unknown,332.0,350.0,0.27,Unknown,,0.087,2006
2006-10-20,Oldman River (Lethbridge - the weir),River,Northern Pike,Unknown,350.0,371.0,0.34,Unknown,,0.088,2006
2006-10-20,Oldman River (Lethbridge - the weir),River,Northern Pike,Unknown,281.0,297.0,0.15,Unknown,,0.105,2006
2006-10-20,Oldman River (Lethbridge - the weir),River,Northern Pike,Unknown,360.0,380.0,0.315,Unknown,,0.087,2006
2006-10-20,Oldman River (Lethbridge - the weir),River,Northern Pike,Unknown,669.0,711.0,2.615,Unknown,,0.209,2006
2006-10-20,Oldman River (Lethbridge - the weir),River,Northern Pike,Unknown,615.0,655.0,1.925,Unknown,,0.287,2006
2006-10-20,Oldman River (Lethbridge - the weir),River,Northern Pike,Unknown,580.0,616.0,1.37,Unknown,,0.199,2006
2006-10-20,Oldman River (Lethbridge - the weir),River,White Sucker,Unknown,403.0,437.0,1.06,Unknown,,0.255,2006
2006-10-20,Oldman River (Lethbridge - the weir),River,White Sucker,Unknown,469.0,510.0,1.75,Unknown,,0.669,2006
2006-10-20,Oldman River (Lethbridge - the weir),River,White Sucker,Unknown,416.0,450.0,1.2,Unknown,,0.325,2006
2006-10-20,Oldman River (Lethbridge - the weir),River,White Sucker,Unknown,477.0,510.0,1.655,Unknown,,0.4,2006
2006-10-20,Oldman River (Lethbridge - the weir),River,White Sucker,Unknown,365.0,388.0,0.8,Unknown,,0.157,2006
2006-10-20,Oldman River (Lethbridge - the weir),River,White Sucker,Unknown,408.0,440.0,1.215,Unknown,,0.159,2006
2006-10-20,Oldman River (Lethbridge - the weir),River,White Sucker,Unknown,385.0,414.0,0.96,Unknown,,0.322,2006
2006-10-20,Oldman River (Lethbridge - the weir),River,White Sucker,Unknown,415.0,447.0,1.165,Unknown,,0.278,2006
2006-10-20,Oldman River (Lethbridge - the weir),River,White Sucker,Unknown,378.0,404.0,0.885,Unknown,,0.125,2006
2006-10-20,Oldman River (Lethbridge - the weir),River,White Sucker,Unknown,335.0,367.0,0.56,Unknown,,0.112,2006
2006-10-23,"Oldman River (Lethbridge, Paradise Canyon Golf)",River,Northern Pike,Unknown,284.0,302.0,0.16,Unknown,,0.104,2006
2006-10-23,"Oldman River (Lethbridge, Paradise Canyon Golf)",River,Northern Pike,Unknown,347.0,368.0,0.3,Unknown,,0.187,2006
2006-10-23,"Oldman River (Lethbridge, Paradise Canyon Golf)",River,Northern Pike,Unknown,667.0,704.0,2.505,Unknown,,0.242,2006
2006-10-23,"Oldman River (Lethbridge, Paradise Canyon Golf)",River,Northern Pike,Unknown,730.0,776.0,3.6,Unknown,,0.576,2006
2006-10-23,"Oldman River (Lethbridge, Paradise Canyon Golf)",River,Northern Pike,Unknown,588.0,627.0,1.57,Unknown,,0.249,2006
2015-09-29,Orloff Lake,Lake,Lake Whitefish,Female,,588.0,2.675,Mature,15.0,0.06,2015
2015-09-29,Orloff Lake,Lake,Lake Whitefish,Male,,567.0,1.877,Mature,9.0,0.029,2015
2015-09-29,Orloff Lake,Lake,Lake Whitefish,Male,,617.0,2.245,Mature,19.0,0.046,2015
2015-09-29,Orloff Lake,Lake,Lake Whitefish,Female,,375.0,0.581,Immature,3.0,0.019,2015
2015-09-29,Orloff Lake,Lake,Lake Whitefish,Male,,582.0,2.371,Mature,18.0,0.033,2015
2015-09-29,Orloff Lake,Lake,Lake Whitefish,Male,,540.0,1.797,Mature,10.0,0.036,2015
2015-09-29,Orloff Lake,Lake,Lake Whitefish,Female,,545.0,2.269,Mature,7.0,0.039,2015
2015-09-29,Orloff Lake,Lake,Lake Whitefish,Male,,551.0,1.9,Mature,7.0,0.037,2015
2015-09-29,Orloff Lake,Lake,Lake Whitefish,Female,,580.0,2.512,Mature,10.0,0.063,2015
2015-09-29,Orloff Lake,Lake,Lake Whitefish,Female,,498.0,1.535,Mature,6.0,0.039,2015
2015-09-29,Orloff Lake,Lake,Northern Pike,Female,,664.0,1.547,Mature,6.0,0.319,2015
2015-09-29,Orloff Lake,Lake,Northern Pike,Female,,615.0,1.247,Mature,4.0,0.187,2015
2015-09-29,Orloff Lake,Lake,Northern Pike,Female,,907.0,5.7,Mature,12.0,0.426,2015
2015-09-29,Orloff Lake,Lake,Northern Pike,Male,,583.0,1.118,Mature,5.0,0.15,2015
2015-09-29,Orloff Lake,Lake,Northern Pike,Female,,660.0,1.166,Mature,6.0,0.385,2015
2015-09-29,Orloff Lake,Lake,Northern Pike,Female,,698.0,1.185,Mature,7.0,0.539,2015
2015-09-29,Orloff Lake,Lake,Northern Pike,Female,,654.0,1.465,Mature,5.0,0.142,2015
2015-09-29,Orloff Lake,Lake,Northern Pike,Male,,659.0,1.693,Immature,5.0,0.172,2015
2015-09-29,Orloff Lake,Lake,Northern Pike,Female,,733.0,1.77,Mature,7.0,0.312,2015
2015-09-29,Orloff Lake,Lake,Northern Pike,Female,,633.0,1.45,Mature,4.0,0.149,2015
2015-09-29,Orloff Lake,Lake,Walleye,Female,,394.0,0.524,Immature,5.0,0.098,2015
2015-09-29,Orloff Lake,Lake,Walleye,Female,,462.0,0.807,Immature,5.0,0.097,2015
2015-09-29,Orloff Lake,Lake,Walleye,Male,,424.0,0.647,Mature,5.0,0.066,2015
2015-09-29,Orloff Lake,Lake,Walleye,Female,,518.0,1.167,Mature,11.0,0.228,2015
2015-09-29,Orloff Lake,Lake,Walleye,Female,,529.0,1.238,Mature,11.0,0.312,2015
2015-09-29,Orloff Lake,Lake,Walleye,Male,,505.0,0.981,Mature,15.0,0.217,2015
2015-09-29,Orloff Lake,Lake,Walleye,Male,,528.0,1.119,Mature,15.0,0.374,2015
2015-09-29,Orloff Lake,Lake,Walleye,Male,,460.0,0.903,Mature,7.0,0.141,2015
2015-09-29,Orloff Lake,Lake,Walleye,Male,,497.0,1.044,Mature,11.0,0.259,2015
2015-09-29,Orloff Lake,Lake,Walleye,Male,,413.0,0.598,Mature,5.0,0.099,2015
2015-09-29,Orloff Lake,Lake,Walleye,Unknown,,510.0,1.92,Unknown,,0.334,2015
2011-07-20,Peerless Lake,Lake,Lake Trout,Female,620.0,672.0,,Unknown,11.0,0.054,2011
2011-07-20,Peerless Lake,Lake,Lake Trout,Female,753.0,825.0,5.3,Unknown,23.0,0.314,2011
2011-07-20,Peerless Lake,Lake,Lake Trout,Male,627.0,677.0,2.51,Unknown,11.0,0.136,2011
2011-07-20,Peerless Lake,Lake,Lake Trout,Male,708.0,777.0,4.88,Unknown,12.0,0.176,2011
2011-07-21,Peerless Lake,Lake,Lake Trout,Female,580.0,628.0,2.32,Unknown,8.0,0.067,2011
2011-07-21,Peerless Lake,Lake,Lake Trout,Female,723.0,781.0,4.31,Unknown,14.0,0.134,2011
2011-07-21,Peerless Lake,Lake,Lake Trout,Male,600.0,665.0,4.22,Unknown,21.0,0.235,2011
2011-07-21,Peerless Lake,Lake,Lake Trout,Male,618.0,669.0,2.63,Unknown,9.0,0.076,2011
2011-07-21,Peerless Lake,Lake,Lake Trout,Female,708.0,775.0,4.42,Unknown,15.0,0.212,2011
2006-09-19,Pigeon Lake,Lake,Lake Whitefish,Unknown,406.0,458.0,1.246,Unknown,,0.023,2006
2006-09-19,Pigeon Lake,Lake,Lake Whitefish,Female,425.0,476.0,1.194,Immature,,0.021,2006
2006-09-19,Pigeon Lake,Lake,Lake Whitefish,Unknown,420.0,468.0,1.195,Unknown,,0.02,2006
2006-09-19,Pigeon Lake,Lake,Lake Whitefish,Unknown,429.0,473.0,1.16,Unknown,,0.021,2006
2006-09-19,Pigeon Lake,Lake,Lake Whitefish,Unknown,425.0,468.0,1.276,Unknown,,0.026,2006
2006-09-19,Pigeon Lake,Lake,Lake Whitefish,Unknown,385.0,431.0,1.047,Unknown,,0.018,2006
2006-09-20,Pigeon Lake,Lake,Lake Whitefish,Unknown,400.0,449.0,1.157,Unknown,,0.022,2006
2006-09-20,Pigeon Lake,Lake,Lake Whitefish,Unknown,349.0,395.0,0.755,Unknown,,0.02,2006
2006-09-20,Pigeon Lake,Lake,Lake Whitefish,Unknown,398.0,447.0,1.091,Unknown,,0.022,2006
2012-07-31,Pigeon Lake,Lake,Lake Whitefish,Male,,525.0,1.778,Unknown,,0.044,2012
2012-07-31,Pigeon Lake,Lake,Lake Whitefish,Male,,514.0,1.6,Unknown,,0.055,2012
2012-07-31,Pigeon Lake,Lake,Lake Whitefish,Male,,516.0,1.778,Unknown,,0.043,2012
2012-07-31,Pigeon Lake,Lake,Lake Whitefish,Female,,514.0,1.938,Unknown,,0.024,2012
2012-07-31,Pigeon Lake,Lake,Lake Whitefish,Male,,525.0,1.843,Unknown,,0.043,2012
2012-07-31,Pigeon Lake,Lake,Lake Whitefish,Male,,539.0,2.14,Unknown,,0.035,2012
2012-07-31,Pigeon Lake,Lake,Lake Whitefish,Female,,552.0,1.963,Unknown,,0.059,2012
2012-07-31,Pigeon Lake,Lake,Lake Whitefish,Female,,506.0,1.488,Unknown,,0.064,2012
2012-07-31,Pigeon Lake,Lake,Lake Whitefish,Female,,548.0,2.091,Unknown,,0.045,2012
2012-07-31,Pigeon Lake,Lake,Lake Whitefish,Male,,559.0,1.966,Unknown,,0.043,2012
2012-07-31,Pigeon Lake,Lake,Lake Whitefish,Female,,550.0,2.1,Unknown,,0.039,2012
2012-08-24,Pigeon Lake,Lake,Lake Whitefish,Female,,569.0,2.55,Unknown,,0.046,2012
2012-08-24,Pigeon Lake,Lake,Lake Whitefish,Female,,514.0,1.77,Unknown,,0.048,2012
2012-08-24,Pigeon Lake,Lake,Lake Whitefish,Male,,524.0,1.81,Unknown,,0.05,2012
2012-08-24,Pigeon Lake,Lake,Lake Whitefish,Male,,580.0,1.54,Unknown,,0.035,2012
2012-08-24,Pigeon Lake,Lake,Lake Whitefish,Male,,537.0,1.9,Unknown,,0.04,2012
2012-08-24,Pigeon Lake,Lake,Lake Whitefish,Female,,557.0,2.32,Unknown,,0.04,2012
2012-08-24,Pigeon Lake,Lake,Lake Whitefish,Male,,545.0,1.84,Unknown,,0.06,2012
2012-08-24,Pigeon Lake,Lake,Lake Whitefish,Male,,568.0,2.29,Unknown,,0.047,2012
2012-08-24,Pigeon Lake,Lake,Lake Whitefish,Male,,546.0,1.9,Unknown,,0.04,2012
2012-08-24,Pigeon Lake,Lake,Lake Whitefish,Female,,555.0,2.26,Unknown,,0.045,2012
2012-08-24,Pigeon Lake,Lake,Lake Whitefish,Male,,528.0,1.63,Unknown,,0.047,2012
2012-08-24,Pigeon Lake,Lake,Lake Whitefish,Male,,516.0,1.63,Unknown,,0.044,2012
2012-08-24,Pigeon Lake,Lake,Lake Whitefish,Male,,549.0,2.01,Unknown,,0.045,2012
2012-08-24,Pigeon Lake,Lake,Lake Whitefish,Male,,508.0,1.68,Unknown,,0.055,2012
2012-08-24,Pigeon Lake,Lake,Lake Whitefish,Male,,562.0,2.09,Unknown,,0.06,2012
2012-08-24,Pigeon Lake,Lake,Lake Whitefish,Male,,495.0,1.32,Unknown,,0.028,2012
2012-08-24,Pigeon Lake,Lake,Lake Whitefish,Female,,584.0,2.28,Unknown,,0.049,2012
2012-09-19,Pigeon Lake,Lake,Lake Whitefish,Male,,540.0,1.968,Unknown,,0.038,2012
2012-09-19,Pigeon Lake,Lake,Lake Whitefish,Male,,540.0,2.208,Unknown,,0.032,2012
2012-09-19,Pigeon Lake,Lake,Lake Whitefish,Male,,550.0,2.342,Unknown,,0.032,2012
2012-09-19,Pigeon Lake,Lake,Lake Whitefish,Male,,510.0,2.014,Unknown,,0.052,2012
2012-09-19,Pigeon Lake,Lake,Lake Whitefish,Male,,560.0,2.524,Unknown,,0.038,2012
2012-09-19,Pigeon Lake,Lake,Lake Whitefish,Female,,510.0,2.012,Unknown,,0.035,2012
2012-09-19,Pigeon Lake,Lake,Lake Whitefish,Female,,500.0,1.702,Unknown,,0.03,2012
2012-09-19,Pigeon Lake,Lake,Lake Whitefish,Male,,520.0,1.638,Unknown,,0.041,2012
2012-09-19,Pigeon Lake,Lake,Lake Whitefish,Male,,560.0,2.154,Unknown,,0.039,2012
2012-09-19,Pigeon Lake,Lake,Lake Whitefish,Male,,500.0,1.416,Unknown,,0.037,2012
2018-09-24,Pigeon Lake,Lake,Lake Whitefish,Male,450.0,506.0,1.58,Mature,7.0,0.037,2018
2018-09-24,Pigeon Lake,Lake,Lake Whitefish,Male,485.0,536.0,2.02,Mature,7.0,0.038,2018
2018-09-24,Pigeon Lake,Lake,Lake Whitefish,Male,472.0,528.0,1.867,Mature,7.0,0.037,2018
2018-09-24,Pigeon Lake,Lake,Lake Whitefish,Female,544.0,607.0,3.235,Mature,10.0,0.083,2018
2018-09-24,Pigeon Lake,Lake,Lake Whitefish,Male,491.0,522.0,2.14,Mature,8.0,0.026,2018
2018-09-24,Pigeon Lake,Lake,Lake Whitefish,Female,454.0,515.0,1.674,Mature,6.0,0.028,2018
2018-09-24,Pigeon Lake,Lake,Lake Whitefish,Male,504.0,567.0,2.605,Mature,8.0,0.032,2018
2018-09-24,Pigeon Lake,Lake,Lake Whitefish,Female,475.0,533.0,1.968,Mature,9.0,0.048,2018
2018-09-24,Pigeon Lake,Lake,Lake Whitefish,Male,457.0,516.0,1.548,Mature,20.0,0.037,2018
2018-09-25,Pigeon Lake,Lake,Lake Whitefish,Male,492.0,553.0,2.045,Mature,9.0,0.039,2018
2018-09-25,Pigeon Lake,Lake,Lake Whitefish,Male,501.0,562.0,2.215,Mature,8.0,0.033,2018
2018-09-25,Pigeon Lake,Lake,Lake Whitefish,Female,495.0,558.0,2.21,Mature,25.0,0.068,2018
2018-09-25,Pigeon Lake,Lake,Lake Whitefish,Male,507.0,572.0,2.05,Mature,8.0,0.043,2018
2018-09-25,Pigeon Lake,Lake,Lake Whitefish,Male,495.0,556.0,2.31,Mature,10.0,0.045,2018
2018-09-25,Pigeon Lake,Lake,Lake Whitefish,Female,478.0,539.0,2.03,Mature,8.0,0.041,2018
2012-07-31,Pigeon Lake,Lake,Northern Pike,Male,,654.0,1.762,Unknown,,0.089,2012
2012-08-24,Pigeon Lake,Lake,Northern Pike,Female,,598.0,1.07,Unknown,,0.077,2012
2012-08-24,Pigeon Lake,Lake,Northern Pike,Female,,586.0,1.24,Unknown,,0.05,2012
2018-09-24,Pigeon Lake,Lake,Northern Pike,Male,614.0,651.0,1.72,Mature,5.0,0.135,2018
2018-09-24,Pigeon Lake,Lake,Northern Pike,Male,532.0,566.0,1.08,Mature,3.0,0.1,2018
2018-09-26,Pigeon Lake,Lake,Northern Pike,Male,569.0,603.0,1.302,Mature,6.0,0.13,2018
2018-09-26,Pigeon Lake,Lake,Northern Pike,Female,555.0,593.0,1.27,Mature,5.0,0.096,2018
2018-09-26,Pigeon Lake,Lake,Northern Pike,Female,676.0,718.0,2.002,Mature,6.0,0.175,2018
2020-09-22,Pigeon Lake,Lake,Northern Pike,Female,542.0,573.0,1.156,Mature,4.0,0.1,2020
2020-09-22,Pigeon Lake,Lake,Northern Pike,Male,517.0,545.0,1.146,Mature,4.0,0.087,2020
2006-09-19,Pigeon Lake,Lake,Walleye,Female,532.0,560.0,1.474,Immature,8.0,0.093,2006
2006-09-19,Pigeon Lake,Lake,Walleye,Female,505.0,530.0,1.08,Immature,7.0,0.117,2006
2006-09-19,Pigeon Lake,Lake,Walleye,Female,514.0,538.0,1.303,Mature,8.0,0.082,2006
2006-09-19,Pigeon Lake,Lake,Walleye,Female,511.0,537.0,1.362,Mature,10.0,0.117,2006
2006-09-19,Pigeon Lake,Lake,Walleye,Female,480.0,510.0,1.132,Mature,10.0,0.128,2006
2006-09-19,Pigeon Lake,Lake,Walleye,Female,474.0,499.0,1.104,Mature,9.0,0.11,2006
2006-09-19,Pigeon Lake,Lake,Walleye,Female,504.0,539.0,1.272,Mature,10.0,0.119,2006
2006-09-19,Pigeon Lake,Lake,Walleye,Male,477.0,505.0,1.194,Mature,9.0,0.133,2006
2006-09-19,Pigeon Lake,Lake,Walleye,Male,481.0,504.0,1.104,Mature,12.0,0.113,2006
2006-09-19,Pigeon Lake,Lake,Walleye,Female,488.0,516.0,1.207,Mature,9.0,0.132,2006
2012-07-31,Pigeon Lake,Lake,Walleye,Unknown,,495.0,1.175,Unknown,,0.189,2012
2012-07-31,Pigeon Lake,Lake,Walleye,Male,,542.0,1.442,Unknown,,0.137,2012
2012-07-31,Pigeon Lake,Lake,Walleye,Male,,475.0,0.841,Unknown,,0.199,2012
2012-07-31,Pigeon Lake,Lake,Walleye,Female,,423.0,0.705,Unknown,,0.063,2012
2012-07-31,Pigeon Lake,Lake,Walleye,Male,,439.0,0.74,Unknown,,0.056,2012
2012-07-31,Pigeon Lake,Lake,Walleye,Female,,438.0,0.82,Unknown,,0.103,2012
2012-07-31,Pigeon Lake,Lake,Walleye,Male,,513.0,1.23,Unknown,,0.189,2012
2012-07-31,Pigeon Lake,Lake,Walleye,Female,,504.0,1.15,Unknown,,0.156,2012
2012-07-31,Pigeon Lake,Lake,Walleye,Female,,511.0,1.293,Unknown,,0.278,2012
2012-07-31,Pigeon Lake,Lake,Walleye,Male,,526.0,1.258,Unknown,,0.155,2012
2012-07-31,Pigeon Lake,Lake,Walleye,Male,,495.0,1.102,Unknown,,0.168,2012
2012-07-31,Pigeon Lake,Lake,Walleye,Male,,503.0,1.194,Unknown,,0.098,2012
2012-07-31,Pigeon Lake,Lake,Walleye,Male,,496.0,1.142,Unknown,,0.126,2012
2012-07-31,Pigeon Lake,Lake,Walleye,Male,,495.0,1.034,Unknown,,0.156,2012
2012-07-31,Pigeon Lake,Lake,Walleye,Male,,525.0,1.278,Unknown,,0.162,2012
2012-08-24,Pigeon Lake,Lake,Walleye,Female,,495.0,1.1,Unknown,,0.098,2012
2012-08-24,Pigeon Lake,Lake,Walleye,Male,,478.0,0.89,Unknown,,0.249,2012
2012-08-24,Pigeon Lake,Lake,Walleye,Female,,476.0,1.13,Unknown,,0.19,2012
2012-08-24,Pigeon Lake,Lake,Walleye,Female,,515.0,1.25,Unknown,,0.166,2012
2012-08-24,Pigeon Lake,Lake,Walleye,Female,,456.0,0.68,Unknown,,0.147,2012
2012-09-19,Pigeon Lake,Lake,Walleye,Female,,540.0,1.35,Unknown,,0.169,2012
2012-09-19,Pigeon Lake,Lake,Walleye,Female,,550.0,1.668,Unknown,,0.098,2012
2012-09-19,Pigeon Lake,Lake,Walleye,Female,,500.0,1.471,Unknown,,0.144,2012
2012-09-19,Pigeon Lake,Lake,Walleye,Male,,430.0,0.885,Unknown,,0.057,2012
2012-09-19,Pigeon Lake,Lake,Walleye,Female,,500.0,1.285,Unknown,,0.079,2012
2012-09-19,Pigeon Lake,Lake,Walleye,Unknown,,490.0,1.27,Unknown,,0.147,2012
2012-09-19,Pigeon Lake,Lake,Walleye,Male,,420.0,0.918,Unknown,,0.059,2012
2012-09-19,Pigeon Lake,Lake,Walleye,Unknown,,370.0,0.54,Unknown,,0.048,2012
2012-09-19,Pigeon Lake,Lake,Walleye,Male,,460.0,1.184,Unknown,,0.13,2012
2012-09-19,Pigeon Lake,Lake,Walleye,Male,,500.0,1.2,Unknown,,0.174,2012
2012-09-19,Pigeon Lake,Lake,Walleye,Female,,520.0,1.334,Unknown,,0.126,2012
2018-09-24,Pigeon Lake,Lake,Walleye,Female,513.0,541.0,1.39,Mature,12.0,0.252,2018
2018-09-24,Pigeon Lake,Lake,Walleye,Male,492.0,520.0,1.205,Mature,9.0,0.147,2018
2018-09-24,Pigeon Lake,Lake,Walleye,Female,512.0,550.0,1.385,Mature,12.0,0.147,2018
2018-09-24,Pigeon Lake,Lake,Walleye,Female,522.0,551.0,1.305,Mature,11.0,0.172,2018
2018-09-24,Pigeon Lake,Lake,Walleye,Female,490.0,525.0,1.204,Mature,11.0,0.149,2018
2018-09-25,Pigeon Lake,Lake,Walleye,Male,458.0,485.0,1.21,Mature,12.0,0.185,2018
2018-09-25,Pigeon Lake,Lake,Walleye,Female,517.0,545.0,1.4,Mature,11.0,0.23,2018
2018-09-25,Pigeon Lake,Lake,Walleye,Female,532.0,568.0,1.295,Mature,21.0,0.502,2018
2018-09-25,Pigeon Lake,Lake,Walleye,Female,511.0,539.0,1.32,Mature,12.0,0.169,2018
2018-09-25,Pigeon Lake,Lake,Walleye,Female,533.0,560.0,1.385,Mature,14.0,0.194,2018
2018-09-25,Pigeon Lake,Lake,Walleye,Female,524.0,553.0,1.31,Mature,20.0,0.34,2018
2018-09-25,Pigeon Lake,Lake,Walleye,Male,524.0,548.0,1.58,Mature,20.0,0.361,2018
2018-09-25,Pigeon Lake,Lake,Walleye,Male,496.0,526.0,1.23,Mature,20.0,0.272,2018
2018-09-25,Pigeon Lake,Lake,Walleye,Male,479.0,508.0,1.29,Mature,20.0,0.292,2018
2018-09-25,Pigeon Lake,Lake,Walleye,Male,493.0,522.0,1.26,Mature,20.0,0.335,2018
2007-11-14,Pine Coulee Reservoir,Reservoir,Burbot,Unknown,503.0,,0.83,Unknown,,0.332,2007
2007-11-14,Pine Coulee Reservoir,Reservoir,Burbot,Unknown,439.0,,0.735,Unknown,,0.222,2007
2007-11-14,Pine Coulee Reservoir,Reservoir,Northern Pike,Unknown,442.0,,0.64,Unknown,,0.133,2007
2007-11-14,Pine Coulee Reservoir,Reservoir,Northern Pike,Unknown,416.0,,0.455,Unknown,,0.112,2007
2007-11-14,Pine Coulee Reservoir,Reservoir,Northern Pike,Unknown,407.0,,0.455,Unknown,,0.153,2007
2014-08-12,Pine Coulee Reservoir,Reservoir,Northern Pike,Unknown,437.0,465.0,0.63,Unknown,,0.276,2014
2003-10-07,Pine Coulee Reservoir,Reservoir,Walleye,Unknown,244.0,,0.169,Unknown,,0.57,2003
2003-10-07,Pine Coulee Reservoir,Reservoir,Walleye,Unknown,271.0,,0.215,Unknown,,0.428,2003
2003-10-07,Pine Coulee Reservoir,Reservoir,Walleye,Unknown,249.0,,0.203,Unknown,,0.499,2003
2003-10-07,Pine Coulee Reservoir,Reservoir,Walleye,Unknown,245.0,,0.178,Unknown,,0.697,2003
2003-10-07,Pine Coulee Reservoir,Reservoir,Walleye,Unknown,273.0,,0.215,Unknown,,0.455,2003
2003-10-07,Pine Coulee Reservoir,Reservoir,Walleye,Unknown,278.0,,0.221,Unknown,,0.614,2003
2003-10-07,Pine Coulee Reservoir,Reservoir,Walleye,Unknown,300.0,,0.283,Unknown,,0.357,2003
2003-10-07,Pine Coulee Reservoir,Reservoir,Walleye,Unknown,262.0,,0.209,Unknown,,0.501,2003
2003-10-07,Pine Coulee Reservoir,Reservoir,Walleye,Unknown,249.0,,0.181,Unknown,,0.439,2003
2003-10-07,Pine Coulee Reservoir,Reservoir,Walleye,Unknown,312.0,,0.294,Unknown,,0.475,2003
2003-10-07,Pine Coulee Reservoir,Reservoir,Walleye,Unknown,278.0,,0.234,Unknown,,0.379,2003
2003-10-07,Pine Coulee Reservoir,Reservoir,Walleye,Unknown,260.0,,0.209,Unknown,,0.676,2003
2003-10-07,Pine Coulee Reservoir,Reservoir,Walleye,Unknown,317.0,,0.325,Unknown,,0.497,2003
2003-10-07,Pine Coulee Reservoir,Reservoir,Walleye,Unknown,235.0,,0.167,Unknown,,0.571,2003
2003-10-07,Pine Coulee Reservoir,Reservoir,Walleye,Unknown,266.0,,0.221,Unknown,,0.591,2003
2004-10-01,Pine Coulee Reservoir,Reservoir,Walleye,Unknown,,318.0,0.331,Unknown,,0.766,2004
2004-10-01,Pine Coulee Reservoir,Reservoir,Walleye,Unknown,,323.0,0.332,Unknown,,0.794,2004
2004-10-01,Pine Coulee Reservoir,Reservoir,Walleye,Unknown,,265.0,0.235,Unknown,,0.724,2004
2004-10-01,Pine Coulee Reservoir,Reservoir,Walleye,Unknown,,334.0,0.395,Unknown,,0.547,2004
2004-10-01,Pine Coulee Reservoir,Reservoir,Walleye,Unknown,,269.0,0.207,Unknown,,0.531,2004
2004-10-01,Pine Coulee Reservoir,Reservoir,Walleye,Unknown,,324.0,0.323,Unknown,,0.575,2004
2004-10-01,Pine Coulee Reservoir,Reservoir,Walleye,Unknown,,315.0,0.32,Unknown,,0.989,2004
2004-10-01,Pine Coulee Reservoir,Reservoir,Walleye,Unknown,,292.0,0.259,Unknown,,0.542,2004
2004-10-01,Pine Coulee Reservoir,Reservoir,Walleye,Unknown,,298.0,0.266,Unknown,,0.675,2004
2004-10-14,Pine Coulee Reservoir,Reservoir,Walleye,Unknown,329.0,,0.338,Unknown,,0.703,2004
2004-10-14,Pine Coulee Reservoir,Reservoir,Walleye,Unknown,315.0,,0.347,Unknown,,0.579,2004
2004-10-14,Pine Coulee Reservoir,Reservoir,Walleye,Unknown,295.0,,0.273,Unknown,,0.577,2004
2005-04-20,Pine Coulee Reservoir,Reservoir,Walleye,Male,282.0,,0.21,Mature,,0.488,2005
2005-04-20,Pine Coulee Reservoir,Reservoir,Walleye,Male,288.0,,0.22,Mature,,0.731,2005
2005-04-20,Pine Coulee Reservoir,Reservoir,Walleye,Male,282.0,,0.225,Mature,,0.838,2005
2005-04-20,Pine Coulee Reservoir,Reservoir,Walleye,Male,293.0,,0.23,Mature,,0.655,2005
2005-04-20,Pine Coulee Reservoir,Reservoir,Walleye,Male,295.0,,0.235,Mature,,0.746,2005
2005-04-20,Pine Coulee Reservoir,Reservoir,Walleye,Male,290.0,,0.265,Mature,,0.64,2005
2005-04-20,Pine Coulee Reservoir,Reservoir,Walleye,Male,298.0,,0.28,Mature,,0.585,2005
2005-04-20,Pine Coulee Reservoir,Reservoir,Walleye,Male,303.0,,0.285,Mature,,1.067,2005
2005-04-20,Pine Coulee Reservoir,Reservoir,Walleye,Male,309.0,,0.305,Mature,,0.843,2005
2005-04-20,Pine Coulee Reservoir,Reservoir,Walleye,Male,311.0,,0.305,Mature,,0.687,2005
2005-04-20,Pine Coulee Reservoir,Reservoir,Walleye,Unknown,317.0,,0.325,Unknown,,0.885,2005
2005-04-20,Pine Coulee Reservoir,Reservoir,Walleye,Male,321.0,,0.33,Mature,,0.739,2005
2005-04-20,Pine Coulee Reservoir,Reservoir,Walleye,Male,326.0,,0.33,Mature,,0.964,2005
2005-04-20,Pine Coulee Reservoir,Reservoir,Walleye,Male,324.0,,0.34,Mature,,0.769,2005
2005-04-20,Pine Coulee Reservoir,Reservoir,Walleye,Male,334.0,,0.345,Mature,,0.829,2005
2005-04-20,Pine Coulee Reservoir,Reservoir,Walleye,Male,332.0,,0.355,Mature,,0.984,2005
2005-04-20,Pine Coulee Reservoir,Reservoir,Walleye,Male,331.0,,0.36,Mature,,0.851,2005
2005-04-20,Pine Coulee Reservoir,Reservoir,Walleye,Male,340.0,,0.365,Mature,,0.975,2005
2005-04-20,Pine Coulee Reservoir,Reservoir,Walleye,Male,335.0,,0.375,Mature,,0.811,2005
2005-04-20,Pine Coulee Reservoir,Reservoir,Walleye,Male,375.0,,0.47,Mature,,0.787,2005
2007-11-14,Pine Coulee Reservoir,Reservoir,Walleye,Unknown,,,,Unknown,,0.037,2007
2007-11-14,Pine Coulee Reservoir,Reservoir,Walleye,Male,332.0,,0.375,Mature,,0.719,2007
2007-11-14,Pine Coulee Reservoir,Reservoir,Walleye,Female,371.0,,0.5,Mature,,0.804,2007
2007-11-14,Pine Coulee Reservoir,Reservoir,Walleye,Male,353.0,,0.44,Mature,,0.601,2007
2007-11-14,Pine Coulee Reservoir,Reservoir,Walleye,Male,364.0,,0.485,Mature,,0.693,2007
2007-11-14,Pine Coulee Reservoir,Reservoir,Walleye,Male,339.0,,0.395,Mature,,0.636,2007
2007-11-14,Pine Coulee Reservoir,Reservoir,Walleye,Male,324.0,,0.35,Mature,,0.55,2007
2007-11-14,Pine Coulee Reservoir,Reservoir,Walleye,Male,331.0,,0.405,Mature,,0.514,2007
2007-11-14,Pine Coulee Reservoir,Reservoir,Walleye,Female,277.0,,0.245,Immature,,0.146,2007
2007-11-14,Pine Coulee Reservoir,Reservoir,Walleye,Female,276.0,,0.245,Immature,,0.226,2007
2007-11-14,Pine Coulee Reservoir,Reservoir,Walleye,Male,346.0,,0.41,Mature,,0.665,2007
2007-11-14,Pine Coulee Reservoir,Reservoir,Walleye,Male,328.0,,0.35,Mature,,0.662,2007
2007-11-14,Pine Coulee Reservoir,Reservoir,Walleye,Male,355.0,,0.465,Mature,,0.636,2007
2007-11-14,Pine Coulee Reservoir,Reservoir,Walleye,Male,331.0,,0.385,Mature,,0.715,2007
2007-11-14,Pine Coulee Reservoir,Reservoir,Walleye,Male,322.0,,0.355,Mature,,0.73,2007
2007-11-14,Pine Coulee Reservoir,Reservoir,Walleye,Male,336.0,,0.4,Mature,,0.542,2007
2007-11-14,Pine Coulee Reservoir,Reservoir,Walleye,Male,339.0,,0.4,Mature,,0.576,2007
2007-11-14,Pine Coulee Reservoir,Reservoir,Walleye,Male,296.0,,0.27,Mature,,0.581,2007
2007-11-14,Pine Coulee Reservoir,Reservoir,Walleye,Male,326.0,,0.375,Mature,,0.456,2007
2007-11-14,Pine Coulee Reservoir,Reservoir,Walleye,Male,311.0,,0.32,Mature,,0.561,2007
2007-11-14,Pine Coulee Reservoir,Reservoir,Walleye,Male,310.0,,0.305,Mature,,0.132,2007
2007-11-14,Pine Coulee Reservoir,Reservoir,Walleye,Male,330.0,,0.36,Mature,,0.558,2007
2007-11-14,Pine Coulee Reservoir,Reservoir,Walleye,Male,343.0,,0.39,Mature,,0.823,2007
2007-11-14,Pine Coulee Reservoir,Reservoir,Walleye,Female,345.0,,0.41,Immature,,0.7,2007
2007-11-14,Pine Coulee Reservoir,Reservoir,Walleye,Male,329.0,,0.36,Mature,,0.651,2007
2007-11-14,Pine Coulee Reservoir,Reservoir,Walleye,Male,320.0,,0.335,Mature,,0.73,2007
2007-11-14,Pine Coulee Reservoir,Reservoir,Walleye,Female,336.0,,0.405,Mature,,0.73,2007
2007-11-14,Pine Coulee Reservoir,Reservoir,Walleye,Male,332.0,,0.37,Mature,,0.621,2007
2007-11-14,Pine Coulee Reservoir,Reservoir,Walleye,Male,325.0,,0.315,Mature,,0.644,2007
2007-11-14,Pine Coulee Reservoir,Reservoir,Walleye,Male,335.0,,0.355,Mature,,0.594,2007
2014-08-12,Pine Coulee Reservoir,Reservoir,Walleye,Unknown,383.0,404.0,0.45,Unknown,,0.626,2014
2014-08-12,Pine Coulee Reservoir,Reservoir,Walleye,Unknown,359.0,377.0,0.47,Unknown,,0.706,2014
2014-08-12,Pine Coulee Reservoir,Reservoir,Walleye,Unknown,365.0,389.0,0.47,Unknown,,0.782,2014
2014-08-12,Pine Coulee Reservoir,Reservoir,Walleye,Unknown,352.0,374.0,0.46,Unknown,,0.591,2014
2014-08-12,Pine Coulee Reservoir,Reservoir,Walleye,Unknown,348.0,369.0,0.48,Unknown,,0.564,2014
2014-08-12,Pine Coulee Reservoir,Reservoir,Walleye,Unknown,372.0,389.0,0.46,Unknown,,0.539,2014
2014-08-12,Pine Coulee Reservoir,Reservoir,Walleye,Unknown,350.0,370.0,0.48,Unknown,,0.762,2014
2014-08-12,Pine Coulee Reservoir,Reservoir,Walleye,Unknown,367.0,389.0,0.51,Unknown,,0.739,2014
2014-08-12,Pine Coulee Reservoir,Reservoir,Walleye,Unknown,341.0,362.0,0.47,Unknown,,0.663,2014
2014-08-12,Pine Coulee Reservoir,Reservoir,Walleye,Unknown,368.0,390.0,0.51,Unknown,,0.775,2014
2014-08-12,Pine Coulee Reservoir,Reservoir,Walleye,Unknown,376.0,397.0,0.47,Unknown,,0.879,2014
2014-08-12,Pine Coulee Reservoir,Reservoir,Walleye,Unknown,365.0,388.0,0.52,Unknown,,0.256,2014
2014-08-12,Pine Coulee Reservoir,Reservoir,Walleye,Unknown,370.0,390.0,0.5,Unknown,,0.65,2014
2014-08-12,Pine Coulee Reservoir,Reservoir,Walleye,Unknown,381.0,403.0,0.46,Unknown,,0.771,2014
2014-08-12,Pine Coulee Reservoir,Reservoir,Walleye,Unknown,374.0,395.0,0.45,Unknown,,0.882,2014
2014-08-12,Pine Coulee Reservoir,Reservoir,Walleye,Unknown,361.0,384.0,0.46,Unknown,,0.971,2014
2014-08-12,Pine Coulee Reservoir,Reservoir,Walleye,Unknown,337.0,353.0,0.36,Unknown,,0.762,2014
2007-11-14,Pine Coulee Reservoir,Reservoir,White Sucker,Unknown,309.0,,0.435,Unknown,,0.095,2007
2007-11-14,Pine Coulee Reservoir,Reservoir,White Sucker,Unknown,321.0,,0.505,Unknown,,0.102,2007
2007-11-14,Pine Coulee Reservoir,Reservoir,White Sucker,Unknown,378.0,,0.9,Unknown,,0.24,2007
2007-11-14,Pine Coulee Reservoir,Reservoir,White Sucker,Unknown,409.0,,0.985,Unknown,,0.261,2007
2007-11-14,Pine Coulee Reservoir,Reservoir,White Sucker,Unknown,409.0,,1.1,Unknown,,0.267,2007
2007-11-14,Pine Coulee Reservoir,Reservoir,White Sucker,Unknown,386.0,,0.91,Unknown,,0.172,2007
2006-09-27,Pine Lake,Lake,Northern Pike,Male,583.0,615.0,1.415,Mature,6.0,0.251,2006
2006-09-27,Pine Lake,Lake,Northern Pike,Male,637.0,674.0,1.685,Mature,8.0,0.579,2006
2006-09-27,Pine Lake,Lake,Northern Pike,Female,608.0,640.0,1.687,Mature,5.0,0.227,2006
2006-09-27,Pine Lake,Lake,Northern Pike,Female,608.0,642.0,1.477,Mature,6.0,0.218,2006
2006-09-27,Pine Lake,Lake,Northern Pike,Female,602.0,636.0,1.626,Mature,5.0,0.223,2006
2006-09-27,Pine Lake,Lake,Northern Pike,Female,593.0,631.0,1.554,Mature,5.0,0.203,2006
2006-09-27,Pine Lake,Lake,Northern Pike,Female,620.0,654.0,1.719,Mature,7.0,0.211,2006
2006-09-27,Pine Lake,Lake,Northern Pike,Male,612.0,650.0,1.597,Mature,6.0,0.304,2006
2006-09-27,Pine Lake,Lake,Northern Pike,Male,578.0,616.0,1.491,Mature,7.0,0.335,2006
2006-09-27,Pine Lake,Lake,Northern Pike,Female,502.0,570.0,1.487,Mature,5.0,0.245,2006
2006-09-27,Pine Lake,Lake,Northern Pike,Female,573.0,602.0,1.444,Mature,4.0,0.159,2006
2012-09-25,Pine Lake,Lake,Northern Pike,Male,,500.0,0.904,Unknown,,0.142,2012
2012-09-25,Pine Lake,Lake,Northern Pike,Male,,560.0,1.254,Unknown,,0.21,2012
2012-09-25,Pine Lake,Lake,Northern Pike,Female,,650.0,1.918,Unknown,,0.337,2012
2012-09-25,Pine Lake,Lake,Northern Pike,Female,,600.0,1.5,Unknown,,0.174,2012
2012-09-25,Pine Lake,Lake,Northern Pike,Female,,610.0,1.512,Unknown,,0.323,2012
2019-09-24,Pine Lake,Lake,Northern Pike,Female,533.0,566.0,1.266,Mature,,0.173,2019
2019-09-24,Pine Lake,Lake,Northern Pike,Female,541.0,575.0,1.178,Mature,,0.221,2019
2019-09-24,Pine Lake,Lake,Northern Pike,Male,481.0,511.0,0.908,Mature,,0.181,2019
2019-09-24,Pine Lake,Lake,Northern Pike,Female,534.0,560.0,1.116,Mature,,0.201,2019
2019-09-24,Pine Lake,Lake,Northern Pike,Female,538.0,567.0,1.102,Mature,,0.179,2019
2019-09-24,Pine Lake,Lake,Northern Pike,Female,570.0,599.0,1.27,Mature,,0.181,2019
2019-09-24,Pine Lake,Lake,Northern Pike,Female,829.0,879.0,3.716,Mature,,0.566,2019
2019-09-24,Pine Lake,Lake,Northern Pike,Female,527.0,558.0,1.088,Mature,,0.176,2019
2019-09-24,Pine Lake,Lake,Northern Pike,Female,599.0,633.0,1.456,Mature,,0.211,2019
2019-09-24,Pine Lake,Lake,Northern Pike,Male,554.0,589.0,1.432,Mature,,0.233,2019
2019-09-24,Pine Lake,Lake,Northern Pike,Female,535.0,565.0,1.128,Mature,,0.16,2019
2019-09-24,Pine Lake,Lake,Northern Pike,Female,509.0,538.0,0.954,Mature,,0.129,2019
2019-09-24,Pine Lake,Lake,Northern Pike,Female,544.0,575.0,1.242,Mature,,0.126,2019
2019-09-24,Pine Lake,Lake,Northern Pike,Male,539.0,570.0,1.15,Mature,,0.173,2019
2019-09-24,Pine Lake,Lake,Northern Pike,Female,560.0,591.0,1.196,Mature,,0.203,2019
2019-09-24,Pine Lake,Lake,Northern Pike,Female,536.0,563.0,1.16,Mature,,0.128,2019
2019-09-24,Pine Lake,Lake,Northern Pike,Female,576.0,612.0,1.344,Mature,,0.194,2019
2019-09-24,Pine Lake,Lake,Northern Pike,Female,627.0,660.0,1.652,Mature,,0.31,2019
2019-09-25,Pine Lake,Lake,Northern Pike,Female,640.0,671.0,1.956,Mature,,0.273,2019
2019-09-25,Pine Lake,Lake,Northern Pike,Female,620.0,651.0,1.728,Mature,,0.329,2019
2019-09-25,Pine Lake,Lake,Northern Pike,Female,580.0,614.0,1.36,Mature,,0.266,2019
2019-09-25,Pine Lake,Lake,Northern Pike,Female,570.0,601.0,1.468,Mature,,0.186,2019
2019-09-25,Pine Lake,Lake,Northern Pike,Female,600.0,622.0,1.568,Mature,,0.187,2019
2019-09-26,Pine Lake,Lake,Northern Pike,Female,580.0,618.0,1.46,Mature,,0.245,2019
2019-09-26,Pine Lake,Lake,Northern Pike,Female,598.0,634.0,1.51,Mature,,0.29,2019
2006-09-27,Pine Lake,Lake,Walleye,Male,548.0,578.0,1.499,Mature,9.0,0.941,2006
2006-09-27,Pine Lake,Lake,Walleye,Female,528.0,554.0,1.762,Mature,9.0,0.335,2006
2006-09-27,Pine Lake,Lake,Walleye,Male,469.0,493.0,1.302,Mature,8.0,0.23,2006
2006-09-27,Pine Lake,Lake,Walleye,Unknown,,,,Unknown,,0.163,2006
2006-09-27,Pine Lake,Lake,Walleye,Female,486.0,518.0,1.372,Mature,6.0,0.268,2006
2006-09-27,Pine Lake,Lake,Walleye,Male,508.0,535.0,1.521,Mature,13.0,0.572,2006
2006-09-27,Pine Lake,Lake,Walleye,Male,460.0,479.0,1.134,Mature,9.0,0.53,2006
2006-09-27,Pine Lake,Lake,Walleye,Male,522.0,548.0,1.48,Mature,13.0,0.73,2006
2006-09-27,Pine Lake,Lake,Walleye,Male,536.0,564.0,1.868,Mature,8.0,0.343,2006
2006-09-27,Pine Lake,Lake,Walleye,Male,458.0,483.0,1.113,Mature,5.0,0.16,2006
2006-09-27,Pine Lake,Lake,Walleye,Female,458.0,487.0,1.239,Mature,9.0,0.231,2006
2012-09-25,Pine Lake,Lake,Walleye,Female,,490.0,1.142,Unknown,,0.177,2012
2012-09-25,Pine Lake,Lake,Walleye,Male,,480.0,1.1,Unknown,,0.294,2012
2012-09-25,Pine Lake,Lake,Walleye,Unknown,,450.0,1.01,Unknown,,0.118,2012
2012-09-25,Pine Lake,Lake,Walleye,Female,,550.0,1.334,Unknown,,0.658,2012
2012-09-25,Pine Lake,Lake,Walleye,Female,,450.0,0.972,Unknown,,0.121,2012
2019-09-24,Pine Lake,Lake,Walleye,Female,409.0,432.0,0.862,Immature,,0.1,2019
2019-09-24,Pine Lake,Lake,Walleye,Female,406.0,430.0,0.812,Immature,,0.138,2019
2019-09-25,Pine Lake,Lake,Walleye,Female,411.0,436.0,0.882,Immature,,0.156,2019
2019-09-25,Pine Lake,Lake,Walleye,Female,431.0,450.0,0.902,Immature,,0.22,2019
2019-09-25,Pine Lake,Lake,Walleye,Female,445.0,464.0,1.032,Mature,,0.081,2019
2019-09-25,Pine Lake,Lake,Walleye,Male,370.0,389.0,0.586,Mature,,0.117,2019
2018-09-12,Pinehurst Lake,Lake,Lake Whitefish,Male,428.0,483.0,1.048,Mature,,0.144,2018
2018-09-12,Pinehurst Lake,Lake,Lake Whitefish,Male,457.0,513.0,1.42,Mature,,0.046,2018
2018-09-12,Pinehurst Lake,Lake,Lake Whitefish,Male,424.0,474.0,1.03,Mature,,0.077,2018
2018-09-12,Pinehurst Lake,Lake,Lake Whitefish,Male,479.0,535.0,1.653,Mature,,0.087,2018
2018-09-12,Pinehurst Lake,Lake,Lake Whitefish,Female,430.0,486.0,1.087,Mature,,0.074,2018
2018-09-12,Pinehurst Lake,Lake,Lake Whitefish,Male,435.0,487.0,1.2,Mature,,0.043,2018
2018-09-12,Pinehurst Lake,Lake,Lake Whitefish,Female,467.0,529.0,1.338,Mature,,0.054,2018
2018-09-12,Pinehurst Lake,Lake,Lake Whitefish,Female,446.0,501.0,1.267,Mature,,0.086,2018
2018-09-12,Pinehurst Lake,Lake,Lake Whitefish,Male,470.0,517.0,1.437,Mature,,0.078,2018
2018-09-12,Pinehurst Lake,Lake,Lake Whitefish,Male,480.0,540.0,1.538,Mature,,0.053,2018
2018-09-12,Pinehurst Lake,Lake,Lake Whitefish,Female,463.0,524.0,1.571,Mature,,0.129,2018
2018-09-12,Pinehurst Lake,Lake,Lake Whitefish,Female,472.0,525.0,1.565,Mature,,0.134,2018
2018-09-13,Pinehurst Lake,Lake,Lake Whitefish,Male,448.0,504.0,1.254,Mature,,0.097,2018
2018-09-13,Pinehurst Lake,Lake,Lake Whitefish,Female,445.0,500.0,1.228,Mature,,0.061,2018
2018-09-13,Pinehurst Lake,Lake,Lake Whitefish,Female,489.0,547.0,1.64,Mature,,0.129,2018
2018-09-13,Pinehurst Lake,Lake,Lake Whitefish,Female,474.0,533.0,1.614,Mature,,0.086,2018
2018-09-13,Pinehurst Lake,Lake,Lake Whitefish,Male,461.0,508.0,1.391,Mature,,0.101,2018
2018-09-13,Pinehurst Lake,Lake,Lake Whitefish,Female,440.0,499.0,1.356,Mature,,0.069,2018
2018-09-13,Pinehurst Lake,Lake,Lake Whitefish,Male,480.0,542.0,1.633,Mature,,0.154,2018
2018-09-13,Pinehurst Lake,Lake,Lake Whitefish,Female,489.0,552.0,1.49,Mature,,0.053,2018
2018-09-13,Pinehurst Lake,Lake,Lake Whitefish,Female,462.0,518.0,1.228,Mature,,0.101,2018
2018-09-13,Pinehurst Lake,Lake,Lake Whitefish,Male,488.0,553.0,1.548,Mature,,0.154,2018
2010-09-28,Pinehurst Lake,Lake,Northern Pike,Female,697.0,739.0,2.303,Mature,8.0,0.661,2010
2010-09-28,Pinehurst Lake,Lake,Northern Pike,Male,626.0,665.0,1.316,Mature,10.0,0.669,2010
2010-09-28,Pinehurst Lake,Lake,Northern Pike,Female,871.0,921.0,6.15,Mature,13.0,1.069,2010
2010-09-28,Pinehurst Lake,Lake,Northern Pike,Female,1105.0,1168.0,9.2,Mature,12.0,0.944,2010
2010-09-28,Pinehurst Lake,Lake,Northern Pike,Female,730.0,778.0,2.938,Mature,9.0,0.584,2010
2010-09-29,Pinehurst Lake,Lake,Northern Pike,Female,895.0,940.0,5.7,Mature,12.0,1.135,2010
2010-09-29,Pinehurst Lake,Lake,Northern Pike,Female,962.0,1010.0,7.14,Mature,12.0,1.189,2010
2010-09-29,Pinehurst Lake,Lake,Northern Pike,Female,916.0,960.0,6.0,Mature,13.0,1.129,2010
2010-09-30,Pinehurst Lake,Lake,Northern Pike,Female,660.0,703.0,2.131,Mature,6.0,0.458,2010
2010-09-30,Pinehurst Lake,Lake,Northern Pike,Unknown,535.0,575.0,0.994,Unknown,,0.24,2010
2018-09-12,Pinehurst Lake,Lake,Northern Pike,Female,970.0,1020.0,7.9,Mature,,1.198,2018
2018-09-12,Pinehurst Lake,Lake,Northern Pike,Male,615.0,655.0,1.448,Mature,,1.334,2018
2018-09-12,Pinehurst Lake,Lake,Northern Pike,Female,898.0,950.0,6.35,Mature,,1.19,2018
2018-09-12,Pinehurst Lake,Lake,Northern Pike,Male,718.0,756.0,3.039,Mature,,0.541,2018
2018-09-12,Pinehurst Lake,Lake,Northern Pike,Male,685.0,725.0,2.965,Mature,,0.941,2018
2018-09-12,Pinehurst Lake,Lake,Northern Pike,Female,916.0,966.0,6.4,Mature,,1.042,2018
2018-09-12,Pinehurst Lake,Lake,Northern Pike,Female,730.0,771.0,3.44,Mature,,0.761,2018
2018-09-13,Pinehurst Lake,Lake,Northern Pike,Female,898.0,950.0,5.5,Mature,,1.723,2018
2018-09-13,Pinehurst Lake,Lake,Northern Pike,Female,925.0,948.0,5.625,Mature,,1.418,2018
2018-09-13,Pinehurst Lake,Lake,Northern Pike,Female,847.0,890.0,5.3,Mature,,1.731,2018
2018-09-13,Pinehurst Lake,Lake,Northern Pike,Female,875.0,919.0,6.7,Mature,,1.261,2018
2018-09-14,Pinehurst Lake,Lake,Northern Pike,Female,645.0,688.0,1.895,Mature,,0.797,2018
2018-09-14,Pinehurst Lake,Lake,Northern Pike,Female,745.0,786.0,3.768,Mature,,1.694,2018
2018-09-14,Pinehurst Lake,Lake,Northern Pike,Female,706.0,750.0,2.962,Mature,,0.918,2018
2018-09-14,Pinehurst Lake,Lake,Northern Pike,Female,624.0,667.0,1.595,Mature,,0.634,2018
2010-09-28,Pinehurst Lake,Lake,Walleye,Female,440.0,471.0,1.131,Mature,9.0,0.336,2010
2010-09-28,Pinehurst Lake,Lake,Walleye,Male,514.0,543.0,1.668,Mature,12.0,0.499,2010
2010-09-28,Pinehurst Lake,Lake,Walleye,Female,508.0,548.0,1.89,Mature,12.0,0.664,2010
2010-09-28,Pinehurst Lake,Lake,Walleye,Male,377.0,400.0,0.507,Immature,7.0,0.272,2010
2010-09-28,Pinehurst Lake,Lake,Walleye,Male,545.0,573.0,2.071,Mature,13.0,0.567,2010
2010-09-28,Pinehurst Lake,Lake,Walleye,Female,667.0,696.0,4.1,Mature,19.0,1.113,2010
2010-09-28,Pinehurst Lake,Lake,Walleye,Male,500.0,526.0,1.606,Mature,13.0,0.498,2010
2010-09-29,Pinehurst Lake,Lake,Walleye,Male,597.0,622.0,2.598,Mature,13.0,0.538,2010
2010-09-30,Pinehurst Lake,Lake,Walleye,Male,643.0,670.0,3.112,Mature,20.0,0.996,2010
2018-09-12,Pinehurst Lake,Lake,Walleye,Male,450.0,477.0,0.893,Mature,,0.521,2018
2018-09-12,Pinehurst Lake,Lake,Walleye,Female,643.0,676.0,3.15,Mature,,1.454,2018
2018-09-12,Pinehurst Lake,Lake,Walleye,Female,650.0,685.0,2.207,Mature,,1.326,2018
2018-09-12,Pinehurst Lake,Lake,Walleye,Female,561.0,590.0,1.869,Mature,,1.06,2018
2018-09-12,Pinehurst Lake,Lake,Walleye,Female,476.0,505.0,1.089,Mature,,0.707,2018
2018-09-12,Pinehurst Lake,Lake,Walleye,Male,450.0,482.0,1.066,Mature,,0.608,2018
2018-09-12,Pinehurst Lake,Lake,Walleye,Female,545.0,573.0,1.451,Mature,,1.185,2018
2018-09-12,Pinehurst Lake,Lake,Walleye,Male,448.0,474.0,0.955,Mature,,0.63,2018
2018-09-12,Pinehurst Lake,Lake,Walleye,Female,483.0,515.0,1.26,Mature,,0.552,2018
2018-09-12,Pinehurst Lake,Lake,Walleye,Male,552.0,580.0,1.629,Mature,,1.183,2018
2018-09-12,Pinehurst Lake,Lake,Walleye,Male,514.0,544.0,1.279,Mature,,0.658,2018
2018-09-12,Pinehurst Lake,Lake,Walleye,Female,500.0,529.0,1.272,Mature,,0.843,2018
2018-09-12,Pinehurst Lake,Lake,Walleye,Male,416.0,443.0,0.804,Mature,,0.407,2018
2018-09-12,Pinehurst Lake,Lake,Walleye,Male,346.0,370.0,0.453,Mature,,0.226,2018
2018-09-12,Pinehurst Lake,Lake,Walleye,Female,693.0,724.0,4.0,Mature,,1.3,2018
2018-09-12,Pinehurst Lake,Lake,Walleye,Female,545.0,585.0,1.459,Mature,,1.121,2018
2018-09-12,Pinehurst Lake,Lake,Walleye,Male,499.0,531.0,1.287,Mature,,0.767,2018
2018-09-12,Pinehurst Lake,Lake,Walleye,Male,461.0,491.0,1.065,Mature,,0.607,2018
2018-09-12,Pinehurst Lake,Lake,Walleye,Male,420.0,446.0,0.89,Mature,,0.395,2018
2018-09-12,Pinehurst Lake,Lake,Walleye,Female,535.0,564.0,1.671,Mature,,0.617,2018
2018-09-12,Pinehurst Lake,Lake,Walleye,Male,415.0,440.0,0.793,Mature,,0.355,2018
2018-09-12,Pinehurst Lake,Lake,Walleye,Female,530.0,563.0,1.487,Mature,,0.91,2018
2018-09-12,Pinehurst Lake,Lake,Walleye,Female,461.0,491.0,0.98,Immature,,0.465,2018
2018-09-12,Pinehurst Lake,Lake,Walleye,Female,592.0,625.0,1.672,Mature,,1.227,2018
2018-09-12,Pinehurst Lake,Lake,Walleye,Female,432.0,463.0,0.74,Mature,,0.522,2018
2018-09-12,Pinehurst Lake,Lake,Walleye,Male,550.0,586.0,1.908,Mature,,1.08,2018
2018-09-12,Pinehurst Lake,Lake,Walleye,Male,528.0,556.0,1.526,Mature,,0.85,2018
2011-07-26,Pitchimi Lake,Lake,Lake Trout,Female,713.0,778.0,3.84,Mature,24.0,0.699,2011
2011-07-26,Pitchimi Lake,Lake,Lake Trout,Male,795.0,865.0,6.455,Mature,27.0,1.221,2011
2011-07-26,Pitchimi Lake,Lake,Lake Trout,Male,774.0,843.0,5.25,Mature,28.0,1.053,2011
2011-07-26,Pitchimi Lake,Lake,Lake Trout,Female,746.0,824.0,5.25,Mature,37.0,0.884,2011
2011-07-26,Pitchimi Lake,Lake,Lake Trout,Male,658.0,711.0,3.45,Mature,30.0,0.626,2011
2011-07-26,Pitchimi Lake,Lake,Lake Trout,Male,676.0,739.0,3.33,Mature,28.0,0.536,2011
2011-07-26,Pitchimi Lake,Lake,Lake Trout,Female,786.0,855.0,4.75,Mature,28.0,0.821,2011
2011-07-26,Pitchimi Lake,Lake,Lake Trout,Male,770.0,836.0,4.95,Mature,25.0,1.223,2011
2011-07-26,Pitchimi Lake,Lake,Lake Trout,Male,687.0,742.0,4.205,Mature,19.0,0.45,2011
2011-07-26,Pitchimi Lake,Lake,Lake Trout,Male,710.0,768.0,3.94,Mature,32.0,0.536,2011
2011-07-26,Pitchimi Lake,Lake,Lake Trout,Female,662.0,720.0,3.905,Mature,13.0,0.487,2011
2011-07-26,Pitchimi Lake,Lake,Lake Trout,Female,655.0,704.0,3.09,Mature,18.0,0.457,2011
2011-07-26,Pitchimi Lake,Lake,Lake Trout,Male,702.0,752.0,4.675,Mature,15.0,0.392,2011
2011-07-26,Pitchimi Lake,Lake,Lake Trout,Male,772.0,834.0,5.695,Mature,30.0,0.744,2011
2011-07-26,Pitchimi Lake,Lake,Lake Trout,Female,820.0,884.0,6.1,Mature,,1.097,2011
2015-07-27,Red Deer River (between Bleriot Ferry and downstream of Drumheller),River,Flathead Chub,Unknown,192.0,216.0,0.082,Unknown,,0.174,2015
2015-07-27,Red Deer River (between Bleriot Ferry and downstream of Drumheller),River,Goldeye,Male,327.0,359.0,0.413,Unknown,,0.532,2015
2015-07-27,Red Deer River (between Bleriot Ferry and downstream of Drumheller),River,Goldeye,Male,321.0,354.0,0.35,Unknown,,0.371,2015
2015-07-27,Red Deer River (between Bleriot Ferry and downstream of Drumheller),River,Goldeye,Female,336.0,372.0,0.465,Unknown,,0.436,2015
2015-07-27,Red Deer River (between Bleriot Ferry and downstream of Drumheller),River,Goldeye,Female,351.0,388.0,0.533,Unknown,,0.317,2015
2015-07-28,Red Deer River (between Bleriot Ferry and downstream of Drumheller),River,Goldeye,Unknown,332.0,359.0,0.436,Unknown,,0.656,2015
2015-07-28,Red Deer River (between Bleriot Ferry and downstream of Drumheller),River,Goldeye,Female,342.0,372.0,0.479,Unknown,,0.331,2015
2015-07-28,Red Deer River (between Bleriot Ferry and downstream of Drumheller),River,Goldeye,Male,322.0,345.0,0.378,Unknown,,0.436,2015
2015-07-28,Red Deer River (between Bleriot Ferry and downstream of Drumheller),River,Goldeye,Female,342.0,367.0,0.484,Unknown,,0.323,2015
2015-07-28,Red Deer River (between Bleriot Ferry and downstream of Drumheller),River,Goldeye,Male,335.0,363.0,0.414,Unknown,,0.396,2015
2015-07-28,Red Deer River (between Bleriot Ferry and downstream of Drumheller),River,Goldeye,Female,380.0,422.0,0.695,Unknown,,0.714,2015
2015-07-29,Red Deer River (between Bleriot Ferry and downstream of Drumheller),River,Goldeye,Female,355.0,390.0,0.528,Unknown,,0.43,2015
2015-07-29,Red Deer River (between Bleriot Ferry and downstream of Drumheller),River,Goldeye,Female,366.0,402.0,0.609,Unknown,,0.528,2015
2015-07-29,Red Deer River (between Bleriot Ferry and downstream of Drumheller),River,Goldeye,Male,341.0,377.0,0.469,Unknown,,0.542,2015
2015-07-29,Red Deer River (between Bleriot Ferry and downstream of Drumheller),River,Goldeye,Female,345.0,378.0,0.504,Unknown,,0.344,2015
2015-07-29,Red Deer River (between Bleriot Ferry and downstream of Drumheller),River,Goldeye,Female,347.0,379.0,0.518,Unknown,,0.343,2015
2015-07-27,Red Deer River (between Bleriot Ferry and downstream of Drumheller),River,Longnose Sucker,Unknown,405.0,437.0,0.884,Unknown,,0.211,2015
2015-07-27,Red Deer River (between Bleriot Ferry and downstream of Drumheller),River,Longnose Sucker,Unknown,397.0,425.0,0.801,Unknown,,0.131,2015
2015-07-27,Red Deer River (between Bleriot Ferry and downstream of Drumheller),River,Longnose Sucker,Unknown,403.0,431.0,0.792,Unknown,,0.182,2015
2015-07-27,Red Deer River (between Bleriot Ferry and downstream of Drumheller),River,Longnose Sucker,Unknown,430.0,456.0,0.8,Unknown,,0.477,2015
2015-07-27,Red Deer River (between Bleriot Ferry and downstream of Drumheller),River,Longnose Sucker,Unknown,405.0,431.0,0.798,Unknown,,0.22,2015
2015-07-28,Red Deer River (between Bleriot Ferry and downstream of Drumheller),River,Longnose Sucker,Unknown,388.0,405.0,0.694,Unknown,,0.217,2015
2015-07-28,Red Deer River (between Bleriot Ferry and downstream of Drumheller),River,Longnose Sucker,Unknown,406.0,436.0,0.738,Unknown,,0.155,2015
2015-07-28,Red Deer River (between Bleriot Ferry and downstream of Drumheller),River,Longnose Sucker,Unknown,407.0,431.0,0.837,Unknown,,0.171,2015
2015-07-28,Red Deer River (between Bleriot Ferry and downstream of Drumheller),River,Longnose Sucker,Unknown,405.0,438.0,0.897,Unknown,,0.129,2015
2015-07-28,Red Deer River (between Bleriot Ferry and downstream of Drumheller),River,Longnose Sucker,Unknown,410.0,436.0,0.912,Unknown,,0.226,2015
2015-07-28,Red Deer River (between Bleriot Ferry and downstream of Drumheller),River,Northern Pike,Unknown,761.0,812.0,3.952,Unknown,,1.072,2015
2015-07-28,Red Deer River (between Bleriot Ferry and downstream of Drumheller),River,Northern Pike,Unknown,574.0,602.0,0.97,Unknown,,0.61,2015
2015-07-29,Red Deer River (between Bleriot Ferry and downstream of Drumheller),River,Northern Pike,Unknown,682.0,721.0,2.062,Unknown,,0.549,2015
2015-07-30,Red Deer River (between Bleriot Ferry and downstream of Drumheller),River,Northern Pike,Unknown,456.0,486.0,0.598,Unknown,,0.183,2015
2015-07-27,Red Deer River (between Bleriot Ferry and downstream of Drumheller),River,Sauger,Unknown,306.0,326.0,0.285,Unknown,,0.731,2015
2015-07-27,Red Deer River (between Bleriot Ferry and downstream of Drumheller),River,Sauger,Unknown,322.0,341.0,0.311,Unknown,,0.506,2015
2015-07-27,Red Deer River (between Bleriot Ferry and downstream of Drumheller),River,Sauger,Unknown,324.0,344.0,0.291,Unknown,,0.992,2015
2015-07-27,Red Deer River (between Bleriot Ferry and downstream of Drumheller),River,Sauger,Unknown,310.0,331.0,0.287,Unknown,,0.597,2015
2015-07-27,Red Deer River (between Bleriot Ferry and downstream of Drumheller),River,Sauger,Unknown,307.0,327.0,0.294,Unknown,,0.298,2015
2015-07-27,Red Deer River (between Bleriot Ferry and downstream of Drumheller),River,Sauger,Unknown,365.0,385.0,0.497,Unknown,,0.279,2015
2015-07-27,Red Deer River (between Bleriot Ferry and downstream of Drumheller),River,Sauger,Unknown,310.0,330.0,0.294,Unknown,,0.526,2015
2015-07-27,Red Deer River (between Bleriot Ferry and downstream of Drumheller),River,Sauger,Female,333.0,351.0,0.342,Unknown,,0.3,2015
2015-07-28,Red Deer River (between Bleriot Ferry and downstream of Drumheller),River,Sauger,Unknown,318.0,339.0,0.294,Unknown,,0.416,2015
2015-07-28,Red Deer River (between Bleriot Ferry and downstream of Drumheller),River,Sauger,Unknown,299.0,315.0,0.238,Unknown,,0.223,2015
2015-07-28,Red Deer River (between Bleriot Ferry and downstream of Drumheller),River,Sauger,Unknown,424.0,451.0,0.745,Unknown,,0.69,2015
2015-07-28,Red Deer River (between Bleriot Ferry and downstream of Drumheller),River,Sauger,Unknown,380.0,404.0,0.494,Unknown,,0.957,2015
2015-07-28,Red Deer River (between Bleriot Ferry and downstream of Drumheller),River,Sauger,Unknown,370.0,393.0,0.436,Unknown,,1.011,2015
2015-07-29,Red Deer River (between Bleriot Ferry and downstream of Drumheller),River,Sauger,Unknown,368.0,387.0,0.442,Unknown,,1.485,2015
2015-07-29,Red Deer River (between Bleriot Ferry and downstream of Drumheller),River,Sauger,Unknown,371.0,393.0,0.481,Unknown,,0.588,2015
2015-07-29,Red Deer River (between Bleriot Ferry and downstream of Drumheller),River,Shorthead Redhorse,Female,474.0,525.0,1.421,Unknown,,0.621,2015
2015-07-29,Red Deer River (between Bleriot Ferry and downstream of Drumheller),River,Shorthead Redhorse,Unknown,416.0,454.0,1.135,Unknown,,0.394,2015
2015-07-29,Red Deer River (between Bleriot Ferry and downstream of Drumheller),River,Shorthead Redhorse,Unknown,405.0,459.0,1.065,Unknown,,0.455,2015
2015-07-29,Red Deer River (between Bleriot Ferry and downstream of Drumheller),River,Shorthead Redhorse,Unknown,415.0,453.0,1.083,Unknown,,0.45,2015
2015-07-29,Red Deer River (between Bleriot Ferry and downstream of Drumheller),River,Shorthead Redhorse,Unknown,429.0,477.0,1.203,Unknown,,0.58,2015
2015-07-29,Red Deer River (between Bleriot Ferry and downstream of Drumheller),River,Shorthead Redhorse,Unknown,407.0,457.0,1.115,Unknown,,0.425,2015
2015-07-29,Red Deer River (between Bleriot Ferry and downstream of Drumheller),River,Shorthead Redhorse,Unknown,388.0,432.0,0.986,Unknown,,0.236,2015
2015-07-29,Red Deer River (between Bleriot Ferry and downstream of Drumheller),River,Shorthead Redhorse,Female,410.0,461.0,1.027,Unknown,,0.361,2015
2015-07-29,Red Deer River (between Bleriot Ferry and downstream of Drumheller),River,Shorthead Redhorse,Unknown,380.0,436.0,0.905,Unknown,,0.305,2015
2015-07-29,Red Deer River (between Bleriot Ferry and downstream of Drumheller),River,Shorthead Redhorse,Unknown,414.0,460.0,1.153,Unknown,,0.237,2015
2015-07-28,Red Deer River (between Bleriot Ferry and downstream of Drumheller),River,Walleye,Unknown,680.0,712.0,3.049,Unknown,,1.323,2015
2015-07-29,Red Deer River (between Bleriot Ferry and downstream of Drumheller),River,Walleye,Unknown,708.0,738.0,4.118,Unknown,,1.034,2015
2015-07-29,Red Deer River (between Bleriot Ferry and downstream of Drumheller),River,Walleye,Unknown,645.0,690.0,2.886,Unknown,,0.716,2015
2015-07-30,Red Deer River (between Bleriot Ferry and downstream of Drumheller),River,Walleye,Unknown,560.0,590.0,1.838,Unknown,,0.585,2015
2015-07-30,Red Deer River (between Bleriot Ferry and downstream of Drumheller),River,Walleye,Unknown,737.0,763.0,3.702,Unknown,,2.004,2015
2015-07-30,Red Deer River (between Bleriot Ferry and downstream of Drumheller),River,Walleye,Unknown,393.0,416.0,0.55,Unknown,,0.43,2015
2015-07-30,Red Deer River (between Bleriot Ferry and downstream of Drumheller),River,Walleye,Unknown,765.0,803.0,4.957,Unknown,,2.117,2015
2015-08-18,Red Deer River (between Dickson Dam and Innisfail Bridge crossing),River,Goldeye,Female,367.0,403.0,0.574,Unknown,,0.502,2015
2015-08-18,Red Deer River (between Dickson Dam and Innisfail Bridge crossing),River,Goldeye,Female,363.0,399.0,0.558,Unknown,,0.474,2015
2015-08-18,Red Deer River (between Dickson Dam and Innisfail Bridge crossing),River,Goldeye,Female,382.0,416.0,0.713,Unknown,,0.492,2015
2015-08-18,Red Deer River (between Dickson Dam and Innisfail Bridge crossing),River,Goldeye,Female,370.0,407.0,0.592,Unknown,,0.523,2015
2015-08-18,Red Deer River (between Dickson Dam and Innisfail Bridge crossing),River,Goldeye,Male,331.0,367.0,0.447,Unknown,,0.476,2015
2015-08-18,Red Deer River (between Dickson Dam and Innisfail Bridge crossing),River,Goldeye,Female,378.0,414.0,0.755,Unknown,,0.526,2015
2015-08-18,Red Deer River (between Dickson Dam and Innisfail Bridge crossing),River,Goldeye,Female,339.0,377.0,0.466,Unknown,,0.413,2015
2015-08-18,Red Deer River (between Dickson Dam and Innisfail Bridge crossing),River,Goldeye,Female,350.0,385.0,0.539,Unknown,,0.555,2015
2015-08-18,Red Deer River (between Dickson Dam and Innisfail Bridge crossing),River,Goldeye,Male,356.0,391.0,0.509,Unknown,,0.769,2015
2015-08-18,Red Deer River (between Dickson Dam and Innisfail Bridge crossing),River,Goldeye,Female,342.0,370.0,0.486,Unknown,,0.405,2015
2015-08-18,Red Deer River (between Dickson Dam and Innisfail Bridge crossing),River,Goldeye,Female,336.0,368.0,0.502,Unknown,,0.356,2015
2015-08-18,Red Deer River (between Dickson Dam and Innisfail Bridge crossing),River,Goldeye,Male,362.0,395.0,0.501,Unknown,,0.466,2015
2015-08-18,Red Deer River (between Dickson Dam and Innisfail Bridge crossing),River,Goldeye,Female,343.0,368.0,0.475,Unknown,,0.382,2015
2015-08-13,Red Deer River (between Dickson Dam and Innisfail Bridge crossing),River,Longnose Sucker,Female,463.0,493.0,1.21,Unknown,,0.259,2015
2015-08-13,Red Deer River (between Dickson Dam and Innisfail Bridge crossing),River,Longnose Sucker,Female,471.0,499.0,1.353,Unknown,,0.127,2015
2015-08-13,Red Deer River (between Dickson Dam and Innisfail Bridge crossing),River,Longnose Sucker,Unknown,464.0,495.0,1.214,Unknown,,0.476,2015
2015-08-13,Red Deer River (between Dickson Dam and Innisfail Bridge crossing),River,Longnose Sucker,Unknown,456.0,481.0,1.35,Unknown,,0.282,2015
2015-08-13,Red Deer River (between Dickson Dam and Innisfail Bridge crossing),River,Longnose Sucker,Female,465.0,491.0,1.248,Unknown,,0.265,2015
2015-08-13,Red Deer River (between Dickson Dam and Innisfail Bridge crossing),River,Longnose Sucker,Unknown,419.0,445.0,1.019,Unknown,,0.239,2015
2015-08-13,Red Deer River (between Dickson Dam and Innisfail Bridge crossing),River,Longnose Sucker,Unknown,437.0,465.0,0.975,Unknown,,0.207,2015
2015-08-13,Red Deer River (between Dickson Dam and Innisfail Bridge crossing),River,Longnose Sucker,Unknown,464.0,492.0,1.411,Unknown,,0.251,2015
2015-08-13,Red Deer River (between Dickson Dam and Innisfail Bridge crossing),River,Longnose Sucker,Unknown,370.0,393.0,0.767,Unknown,,0.087,2015
2015-08-13,Red Deer River (between Dickson Dam and Innisfail Bridge crossing),River,Longnose Sucker,Unknown,415.0,442.0,0.951,Unknown,,0.125,2015
2015-08-13,Red Deer River (between Dickson Dam and Innisfail Bridge crossing),River,Longnose Sucker,Unknown,479.0,513.0,1.501,Unknown,,0.256,2015
2015-08-13,Red Deer River (between Dickson Dam and Innisfail Bridge crossing),River,Longnose Sucker,Unknown,463.0,482.0,1.289,Unknown,,0.252,2015
2015-08-13,Red Deer River (between Dickson Dam and Innisfail Bridge crossing),River,Longnose Sucker,Unknown,444.0,463.0,1.196,Unknown,,0.16,2015
2015-08-13,Red Deer River (between Dickson Dam and Innisfail Bridge crossing),River,Longnose Sucker,Unknown,425.0,456.0,1.063,Unknown,,0.103,2015
2015-08-18,Red Deer River (between Dickson Dam and Innisfail Bridge crossing),River,Longnose Sucker,Female,420.0,448.0,0.793,Unknown,,0.261,2015
2015-08-13,Red Deer River (between Dickson Dam and Innisfail Bridge crossing),River,Mountain Whitefish,Unknown,335.0,361.0,0.59,Unknown,,0.133,2015
2015-08-13,Red Deer River (between Dickson Dam and Innisfail Bridge crossing),River,Mountain Whitefish,Unknown,335.0,359.0,0.486,Unknown,,0.065,2015
2015-08-13,Red Deer River (between Dickson Dam and Innisfail Bridge crossing),River,Mountain Whitefish,Unknown,349.0,378.0,0.589,Unknown,,0.114,2015
2015-08-13,Red Deer River (between Dickson Dam and Innisfail Bridge crossing),River,Mountain Whitefish,Unknown,313.0,339.0,0.477,Unknown,,0.092,2015
2015-08-13,Red Deer River (between Dickson Dam and Innisfail Bridge crossing),River,Mountain Whitefish,Unknown,310.0,337.0,0.46,Unknown,,0.068,2015
2015-08-13,Red Deer River (between Dickson Dam and Innisfail Bridge crossing),River,Mountain Whitefish,Unknown,386.0,410.0,0.717,Unknown,,0.206,2015
2015-08-13,Red Deer River (between Dickson Dam and Innisfail Bridge crossing),River,Mountain Whitefish,Unknown,375.0,397.0,0.65,Unknown,,0.096,2015
2015-08-13,Red Deer River (between Dickson Dam and Innisfail Bridge crossing),River,Mountain Whitefish,Unknown,410.0,433.0,1.087,Unknown,,0.112,2015
2015-08-13,Red Deer River (between Dickson Dam and Innisfail Bridge crossing),River,Mountain Whitefish,Unknown,330.0,353.0,0.55,Unknown,,0.104,2015
2015-08-13,Red Deer River (between Dickson Dam and Innisfail Bridge crossing),River,Mountain Whitefish,Unknown,413.0,438.0,0.897,Unknown,,0.142,2015
2015-08-13,Red Deer River (between Dickson Dam and Innisfail Bridge crossing),River,Mountain Whitefish,Unknown,385.0,410.0,0.871,Unknown,,0.07,2015
2015-08-13,Red Deer River (between Dickson Dam and Innisfail Bridge crossing),River,Mountain Whitefish,Unknown,362.0,385.0,0.765,Unknown,,0.128,2015
2015-08-13,Red Deer River (between Dickson Dam and Innisfail Bridge crossing),River,Mountain Whitefish,Unknown,352.0,378.0,0.551,Unknown,,0.097,2015
2015-08-13,Red Deer River (between Dickson Dam and Innisfail Bridge crossing),River,Mountain Whitefish,Unknown,392.0,420.0,0.841,Unknown,,0.144,2015
2015-08-13,Red Deer River (between Dickson Dam and Innisfail Bridge crossing),River,Mountain Whitefish,Unknown,358.0,383.0,0.679,Unknown,,0.072,2015
2015-08-13,Red Deer River (between Dickson Dam and Innisfail Bridge crossing),River,Northern Pike,Unknown,626.0,665.0,1.875,Unknown,,0.197,2015
2015-08-18,Red Deer River (between Dickson Dam and Innisfail Bridge crossing),River,Northern Pike,Unknown,856.0,908.0,5.419,Unknown,,0.934,2015
2015-08-18,Red Deer River (between Dickson Dam and Innisfail Bridge crossing),River,Northern Pike,Unknown,482.0,516.0,0.89,Unknown,,0.137,2015
2015-08-18,Red Deer River (between Dickson Dam and Innisfail Bridge crossing),River,Shorthead Redhorse,Unknown,400.0,441.0,0.967,Unknown,,0.55,2015
2015-08-18,Red Deer River (between Dickson Dam and Innisfail Bridge crossing),River,Shorthead Redhorse,Unknown,430.0,477.0,1.229,Unknown,,0.499,2015
2015-08-18,Red Deer River (between Dickson Dam and Innisfail Bridge crossing),River,Shorthead Redhorse,Unknown,443.0,496.0,1.413,Unknown,,0.56,2015
2015-08-18,Red Deer River (between Dickson Dam and Innisfail Bridge crossing),River,Shorthead Redhorse,Unknown,364.0,405.0,0.734,Unknown,,0.269,2015
2015-08-18,Red Deer River (between Dickson Dam and Innisfail Bridge crossing),River,Shorthead Redhorse,Unknown,415.0,450.0,0.997,Unknown,,0.488,2015
2015-08-18,Red Deer River (between Dickson Dam and Innisfail Bridge crossing),River,Shorthead Redhorse,Unknown,417.0,463.0,1.069,Unknown,,0.527,2015
2015-08-18,Red Deer River (between Dickson Dam and Innisfail Bridge crossing),River,Shorthead Redhorse,Unknown,443.0,491.0,1.328,Unknown,,0.504,2015
2015-08-18,Red Deer River (between Dickson Dam and Innisfail Bridge crossing),River,Shorthead Redhorse,Unknown,425.0,468.0,1.218,Unknown,,0.548,2015
2015-08-18,Red Deer River (between Dickson Dam and Innisfail Bridge crossing),River,Shorthead Redhorse,Unknown,420.0,469.0,1.095,Unknown,,0.485,2015
2015-08-18,Red Deer River (between Dickson Dam and Innisfail Bridge crossing),River,Shorthead Redhorse,Unknown,410.0,450.0,1.072,Unknown,,0.521,2015
2015-08-18,Red Deer River (between Dickson Dam and Innisfail Bridge crossing),River,Shorthead Redhorse,Unknown,432.0,480.0,1.258,Unknown,,0.477,2015
2015-08-18,Red Deer River (between Dickson Dam and Innisfail Bridge crossing),River,Shorthead Redhorse,Unknown,426.0,473.0,1.131,Unknown,,0.358,2015
2015-08-18,Red Deer River (between Dickson Dam and Innisfail Bridge crossing),River,Shorthead Redhorse,Unknown,402.0,452.0,1.059,Unknown,,0.507,2015
2015-08-18,Red Deer River (between Dickson Dam and Innisfail Bridge crossing),River,Shorthead Redhorse,Unknown,390.0,434.0,0.938,Unknown,,0.474,2015
2015-08-18,Red Deer River (between Dickson Dam and Innisfail Bridge crossing),River,Shorthead Redhorse,Unknown,366.0,403.0,0.753,Unknown,,0.226,2015
2015-08-13,Red Deer River (between Dickson Dam and Innisfail Bridge crossing),River,Walleye,Unknown,437.0,460.0,0.914,Unknown,,0.596,2015
2015-08-13,Red Deer River (between Dickson Dam and Innisfail Bridge crossing),River,Walleye,Unknown,440.0,469.0,0.922,Unknown,,0.223,2015
2015-08-13,Red Deer River (between Dickson Dam and Innisfail Bridge crossing),River,Walleye,Unknown,391.0,416.0,0.705,Unknown,,0.382,2015
2015-08-13,Red Deer River (between Dickson Dam and Innisfail Bridge crossing),River,Walleye,Unknown,550.0,576.0,1.71,Unknown,,0.51,2015
2015-08-13,Red Deer River (between Dickson Dam and Innisfail Bridge crossing),River,Walleye,Unknown,426.0,449.0,0.974,Unknown,,0.464,2015
2015-08-13,Red Deer River (between Dickson Dam and Innisfail Bridge crossing),River,Walleye,Unknown,475.0,505.0,1.287,Unknown,,0.562,2015
2015-08-13,Red Deer River (between Dickson Dam and Innisfail Bridge crossing),River,Walleye,Unknown,675.0,710.0,3.504,Unknown,,1.011,2015
2015-08-13,Red Deer River (between Dickson Dam and Innisfail Bridge crossing),River,Walleye,Unknown,609.0,634.0,2.639,Unknown,,0.615,2015
2015-08-13,Red Deer River (between Dickson Dam and Innisfail Bridge crossing),River,Walleye,Unknown,460.0,487.0,1.145,Unknown,,0.371,2015
2015-08-13,Red Deer River (between Dickson Dam and Innisfail Bridge crossing),River,Walleye,Unknown,740.0,770.0,4.346,Unknown,,1.295,2015
2015-08-13,Red Deer River (between Dickson Dam and Innisfail Bridge crossing),River,Walleye,Unknown,458.0,483.0,0.953,Unknown,,0.297,2015
2015-08-18,Red Deer River (between Dickson Dam and Innisfail Bridge crossing),River,Walleye,Unknown,675.0,701.0,3.685,Unknown,,0.865,2015
2015-08-18,Red Deer River (between Dickson Dam and Innisfail Bridge crossing),River,Walleye,Unknown,670.0,700.0,3.305,Unknown,,1.13,2015
2015-08-18,Red Deer River (between Dickson Dam and Innisfail Bridge crossing),River,Walleye,Female,710.0,746.0,4.681,Unknown,,1.209,2015
2015-08-18,Red Deer River (between Dickson Dam and Innisfail Bridge crossing),River,Walleye,Unknown,433.0,454.0,0.955,Unknown,,0.525,2015
2015-08-18,Red Deer River (between Dickson Dam and Innisfail Bridge crossing),River,Walleye,Unknown,445.0,470.0,0.953,Unknown,,0.684,2015
2014-09-12,Red Deer River (Downstream of the Dickson Dam),River,Mountain Whitefish,Female,405.0,436.0,0.878,Unknown,,0.128,2014
2014-09-12,Red Deer River (Downstream of the Dickson Dam),River,Mountain Whitefish,Female,376.0,409.0,0.552,Unknown,,0.156,2014
2014-09-12,Red Deer River (Downstream of the Dickson Dam),River,Mountain Whitefish,Female,423.0,457.0,0.838,Unknown,,0.346,2014
2014-09-12,Red Deer River (Downstream of the Dickson Dam),River,Mountain Whitefish,Female,332.0,358.0,0.572,Unknown,,0.109,2014
2014-09-12,Red Deer River (Downstream of the Dickson Dam),River,Mountain Whitefish,Male,385.0,417.0,0.564,Unknown,,0.235,2014
2014-09-12,Red Deer River (Downstream of the Dickson Dam),River,Mountain Whitefish,Female,384.0,417.0,0.636,Unknown,,0.148,2014
2014-09-12,Red Deer River (Downstream of the Dickson Dam),River,Mountain Whitefish,Female,376.0,409.0,0.602,Unknown,,0.265,2014
2014-09-12,Red Deer River (Downstream of the Dickson Dam),River,Mountain Whitefish,Male,423.0,455.0,0.66,Unknown,,0.181,2014
2014-09-12,Red Deer River (Downstream of the Dickson Dam),River,Mountain Whitefish,Female,345.0,375.0,0.548,Unknown,,0.158,2014
2014-09-12,Red Deer River (Downstream of the Dickson Dam),River,Mountain Whitefish,Female,341.0,372.0,0.502,Unknown,,0.117,2014
2014-09-12,Red Deer River (Downstream of the Dickson Dam),River,Mountain Whitefish,Male,329.0,358.0,0.396,Unknown,,0.099,2014
2014-09-12,Red Deer River (Downstream of the Dickson Dam),River,Mountain Whitefish,Female,355.0,387.0,0.534,Unknown,,0.248,2014
2014-09-12,Red Deer River (Downstream of the Dickson Dam),River,Mountain Whitefish,Female,386.0,419.0,0.678,Unknown,,0.341,2014
2014-09-12,Red Deer River (Downstream of the Dickson Dam),River,Mountain Whitefish,Male,365.0,397.0,0.574,Unknown,,0.208,2014
2014-09-12,Red Deer River (Downstream of the Dickson Dam),River,Mountain Whitefish,Female,390.0,423.0,0.642,Unknown,,0.276,2014
2014-09-12,Red Deer River (Downstream of the Dickson Dam),River,Northern Pike,Male,749.0,789.0,2.865,Unknown,,0.526,2014
2014-09-12,Red Deer River (Downstream of the Dickson Dam),River,Northern Pike,Male,710.0,755.0,2.75,Unknown,,0.449,2014
2014-09-12,Red Deer River (Downstream of the Dickson Dam),River,Northern Pike,Male,653.0,692.0,2.205,Unknown,,0.271,2014
2014-09-12,Red Deer River (Downstream of the Dickson Dam),River,Northern Pike,Female,555.0,590.0,1.34,Unknown,,0.282,2014
2014-09-12,Red Deer River (Downstream of the Dickson Dam),River,Northern Pike,Male,691.0,730.0,2.88,Unknown,,0.435,2014
2014-09-12,Red Deer River (Downstream of the Dickson Dam),River,Walleye,Female,598.0,625.0,2.015,Unknown,,0.717,2014
2014-09-12,Red Deer River (Downstream of the Dickson Dam),River,Walleye,Male,592.0,620.0,2.261,Unknown,,0.548,2014
2014-09-12,Red Deer River (Downstream of the Dickson Dam),River,Walleye,Male,447.0,470.0,1.68,Unknown,,0.99,2014
2014-09-12,Red Deer River (Downstream of the Dickson Dam),River,Walleye,Male,417.0,451.0,0.936,Unknown,,0.608,2014
2014-09-12,Red Deer River (Downstream of the Dickson Dam),River,Walleye,Male,505.0,532.0,1.34,Unknown,,0.969,2014
2014-09-12,Red Deer River (Downstream of the Dickson Dam),River,Walleye,Female,460.0,480.0,1.685,Unknown,,0.893,2014
2014-09-12,Red Deer River (Downstream of the Dickson Dam),River,Walleye,Male,444.0,467.0,0.873,Unknown,,0.613,2014
2014-09-12,Red Deer River (Downstream of the Dickson Dam),River,Walleye,Male,440.0,468.0,1.04,Unknown,,0.518,2014
2014-09-19,Red Deer River (Hwy 585 Crossing - Tolman Bridge),River,Burbot,Unknown,,698.0,2.008,Unknown,,0.7,2014
2014-09-19,Red Deer River (Hwy 585 Crossing - Tolman Bridge),River,Goldeye,Female,360.0,395.0,0.736,Unknown,,0.565,2014
2014-09-19,Red Deer River (Hwy 585 Crossing - Tolman Bridge),River,Goldeye,Female,374.0,404.0,0.597,Unknown,,0.535,2014
2014-09-19,Red Deer River (Hwy 585 Crossing - Tolman Bridge),River,Goldeye,Male,341.0,373.0,0.466,Unknown,,0.644,2014
2014-09-19,Red Deer River (Hwy 585 Crossing - Tolman Bridge),River,Goldeye,Male,385.0,413.0,0.582,Unknown,,0.538,2014
2014-09-19,Red Deer River (Hwy 585 Crossing - Tolman Bridge),River,Goldeye,Female,330.0,360.0,0.492,Unknown,,0.508,2014
2014-09-19,Red Deer River (Hwy 585 Crossing - Tolman Bridge),River,Goldeye,Female,353.0,382.0,0.549,Unknown,,0.464,2014
2014-09-19,Red Deer River (Hwy 585 Crossing - Tolman Bridge),River,Goldeye,Female,331.0,360.0,0.476,Unknown,,0.306,2014
2014-09-19,Red Deer River (Hwy 585 Crossing - Tolman Bridge),River,Goldeye,Female,370.0,401.0,0.608,Unknown,,0.593,2014
2014-09-19,Red Deer River (Hwy 585 Crossing - Tolman Bridge),River,Goldeye,Female,339.0,366.0,0.525,Unknown,,0.396,2014
2014-09-19,Red Deer River (Hwy 585 Crossing - Tolman Bridge),River,Goldeye,Female,351.0,381.0,0.52,Unknown,,0.365,2014
2014-09-19,Red Deer River (Hwy 585 Crossing - Tolman Bridge),River,Goldeye,Male,329.0,356.0,0.404,Unknown,,0.597,2014
2014-09-19,Red Deer River (Hwy 585 Crossing - Tolman Bridge),River,Goldeye,Female,365.0,398.0,0.595,Unknown,,0.52,2014
2014-09-19,Red Deer River (Hwy 585 Crossing - Tolman Bridge),River,Goldeye,Female,368.0,409.0,0.655,Unknown,,0.645,2014
2014-09-19,Red Deer River (Hwy 585 Crossing - Tolman Bridge),River,Goldeye,Female,370.0,412.0,0.624,Unknown,,0.542,2014
2014-09-19,Red Deer River (Hwy 585 Crossing - Tolman Bridge),River,Goldeye,Male,359.0,393.0,0.613,Unknown,,0.503,2014
2014-09-19,Red Deer River (Hwy 585 Crossing - Tolman Bridge),River,Sauger,Male,425.0,451.0,0.739,Unknown,,0.581,2014
2014-09-19,Red Deer River (Hwy 585 Crossing - Tolman Bridge),River,Sauger,Male,365.0,381.0,0.48,Unknown,,1.285,2014
2014-09-19,Red Deer River (Hwy 585 Crossing - Tolman Bridge),River,Sauger,Male,405.0,421.0,0.645,Unknown,,0.757,2014
2014-09-19,Red Deer River (Hwy 585 Crossing - Tolman Bridge),River,Sauger,Male,337.0,353.0,0.359,Unknown,,0.391,2014
2014-09-19,Red Deer River (Hwy 585 Crossing - Tolman Bridge),River,Sauger,Male,339.0,357.0,0.382,Unknown,,0.907,2014
2014-09-19,Red Deer River (Hwy 585 Crossing - Tolman Bridge),River,Sauger,Male,369.0,389.0,0.505,Unknown,,1.126,2014
2014-09-19,Red Deer River (Hwy 585 Crossing - Tolman Bridge),River,Sauger,Male,355.0,379.0,0.435,Unknown,,0.91,2014
2014-09-19,Red Deer River (Hwy 585 Crossing - Tolman Bridge),River,Sauger,Male,354.0,372.0,0.411,Unknown,,1.112,2014
2014-09-19,Red Deer River (Hwy 585 Crossing - Tolman Bridge),River,Walleye,Male,730.0,774.0,4.664,Unknown,,1.282,2014
2014-09-19,Red Deer River (Hwy 585 Crossing - Tolman Bridge),River,Walleye,Female,715.0,755.0,4.117,Unknown,,0.941,2014
2014-09-19,Red Deer River (Hwy 585 Crossing - Tolman Bridge),River,Walleye,Male,645.0,673.0,2.544,Unknown,,0.866,2014
2014-09-19,Red Deer River (Hwy 585 Crossing - Tolman Bridge),River,Walleye,Female,575.0,607.0,2.076,Unknown,,0.855,2014
2014-09-19,Red Deer River (Hwy 585 Crossing - Tolman Bridge),River,Walleye,Male,495.0,524.0,1.166,Unknown,,0.64,2014
2014-09-19,Red Deer River (Hwy 585 Crossing - Tolman Bridge),River,Walleye,Male,477.0,505.0,1.15,Unknown,,0.517,2014
2006-10-03,Red Deer River (near Blindman River Mouth),River,Mountain Whitefish,Unknown,393.0,422.0,0.991,Unknown,,0.113,2006
2006-10-03,Red Deer River (near Blindman River Mouth),River,Mountain Whitefish,Unknown,440.0,475.0,1.449,Unknown,,0.177,2006
2006-10-03,Red Deer River (near Blindman River Mouth),River,Mountain Whitefish,Unknown,371.0,404.0,0.711,Unknown,,0.103,2006
2006-10-03,Red Deer River (near Blindman River Mouth),River,Mountain Whitefish,Unknown,404.0,441.0,0.863,Unknown,,0.164,2006
2006-10-03,Red Deer River (near Blindman River Mouth),River,Mountain Whitefish,Unknown,405.0,439.0,1.13,Unknown,,0.092,2006
2006-10-24,Red Deer River (near Blindman River Mouth),River,Mountain Whitefish,Unknown,429.0,463.0,1.053,Unknown,,0.163,2006
2006-10-24,Red Deer River (near Blindman River Mouth),River,Mountain Whitefish,Unknown,283.0,308.0,0.308,Unknown,,0.069,2006
2006-10-24,Red Deer River (near Blindman River Mouth),River,Mountain Whitefish,Unknown,285.0,310.0,0.302,Unknown,,0.049,2006
2006-10-24,Red Deer River (near Blindman River Mouth),River,Northern Pike,Unknown,510.0,545.0,1.04,Unknown,,0.314,2006
2006-10-24,Red Deer River (near Blindman River Mouth),River,Northern Pike,Unknown,480.0,510.0,0.833,Unknown,,0.198,2006
2006-10-24,Red Deer River (near Blindman River Mouth),River,Northern Pike,Unknown,765.0,810.0,4.44,Unknown,,0.6,2006
2006-10-26,Red Deer River (near Blindman River Mouth),River,Northern Pike,Unknown,,443.0,0.566,Unknown,,0.138,2006
2006-10-26,Red Deer River (near Blindman River Mouth),River,Northern Pike,Unknown,,530.0,1.02,Unknown,,0.217,2006
2006-10-26,Red Deer River (near Blindman River Mouth),River,Northern Pike,Unknown,,543.0,1.077,Unknown,,0.241,2006
2006-10-26,Red Deer River (near Blindman River Mouth),River,Northern Pike,Unknown,,473.0,0.673,Unknown,,0.165,2006
2006-10-03,Red Deer River (near Blindman River Mouth),River,Walleye,Unknown,599.0,625.0,2.52,Unknown,,0.631,2006
2006-10-03,Red Deer River (near Blindman River Mouth),River,Walleye,Unknown,468.0,495.0,1.279,Unknown,,0.842,2006
2006-10-03,Red Deer River (near Blindman River Mouth),River,Walleye,Unknown,435.0,459.0,0.95,Unknown,,0.482,2006
2006-10-03,Red Deer River (near Blindman River Mouth),River,Walleye,Unknown,546.0,573.0,1.941,Unknown,,0.75,2006
2006-10-03,Red Deer River (near Blindman River Mouth),River,Walleye,Unknown,600.0,630.0,2.433,Unknown,,1.4,2006
2006-10-03,Red Deer River (near Blindman River Mouth),River,Walleye,Unknown,441.0,472.0,1.099,Unknown,,0.732,2006
2006-10-24,Red Deer River (near Blindman River Mouth),River,Walleye,Unknown,353.0,371.0,0.416,Unknown,,0.755,2006
2011-01-28,Richardson Lake,Lake,Lake Whitefish,Unknown,,490.0,1.38,Unknown,,0.045,2011
2011-01-28,Richardson Lake,Lake,Lake Whitefish,Female,,450.0,1.15,Unknown,,0.116,2011
2011-01-28,Richardson Lake,Lake,Lake Whitefish,Unknown,,425.0,0.87,Unknown,,0.06,2011
2011-01-28,Richardson Lake,Lake,Lake Whitefish,Unknown,,460.0,1.07,Unknown,,0.053,2011
2011-01-28,Richardson Lake,Lake,Lake Whitefish,Unknown,,430.0,1.04,Unknown,,0.058,2011
2011-01-28,Richardson Lake,Lake,Lake Whitefish,Unknown,,410.0,0.96,Unknown,,0.034,2011
2011-01-28,Richardson Lake,Lake,Lake Whitefish,Unknown,,433.0,1.01,Unknown,,0.08,2011
2011-01-28,Richardson Lake,Lake,Lake Whitefish,Unknown,,485.0,1.23,Unknown,,0.07,2011
2011-01-28,Richardson Lake,Lake,Lake Whitefish,Unknown,,480.0,1.16,Unknown,,0.043,2011
2011-01-28,Richardson Lake,Lake,Lake Whitefish,Unknown,,425.0,1.0,Unknown,,0.022,2011
2011-01-28,Richardson Lake,Lake,Lake Whitefish,Female,,413.0,0.86,Unknown,,0.068,2011
2011-01-28,Richardson Lake,Lake,Lake Whitefish,Unknown,,413.0,0.91,Unknown,,0.026,2011
2011-01-28,Richardson Lake,Lake,Lake Whitefish,Unknown,,471.0,1.21,Unknown,,0.062,2011
2011-01-28,Richardson Lake,Lake,Lake Whitefish,Unknown,,540.0,1.37,Unknown,,0.159,2011
2011-01-28,Richardson Lake,Lake,Lake Whitefish,Unknown,,500.0,1.73,Unknown,,0.055,2011
2011-01-28,Richardson Lake,Lake,Lake Whitefish,Unknown,,420.0,0.85,Unknown,,0.085,2011
2011-01-28,Richardson Lake,Lake,Lake Whitefish,Unknown,,505.0,1.76,Unknown,,0.055,2011
2011-01-28,Richardson Lake,Lake,Lake Whitefish,Unknown,,425.0,1.26,Unknown,,0.053,2011
2011-01-28,Richardson Lake,Lake,Lake Whitefish,Unknown,,460.0,1.21,Unknown,,0.064,2011
2011-01-28,Richardson Lake,Lake,Lake Whitefish,Unknown,,500.0,1.4,Unknown,,0.153,2011
2018-10-11,Rock Island Lake,Lake,Lake Whitefish,Male,398.0,,0.997,Mature,3.0,0.024,2018
2018-10-11,Rock Island Lake,Lake,Lake Whitefish,Female,467.0,,1.611,Mature,8.0,0.046,2018
2018-10-12,Rock Island Lake,Lake,Lake Whitefish,Male,473.0,,1.677,Mature,8.0,0.021,2018
2018-10-13,Rock Island Lake,Lake,Lake Whitefish,Male,485.0,,1.618,Mature,10.0,0.028,2018
2018-10-13,Rock Island Lake,Lake,Lake Whitefish,Female,442.0,,1.341,Mature,8.0,0.038,2018
2012-09-18,Rock Island Lake,Lake,Northern Pike,Female,438.0,463.0,0.605,Immature,1.0,0.035,2012
2012-09-18,Rock Island Lake,Lake,Northern Pike,Female,543.0,575.0,1.15,Mature,2.0,0.035,2012
2012-09-18,Rock Island Lake,Lake,Northern Pike,Male,645.0,682.0,1.946,Mature,8.0,0.161,2012
2012-09-18,Rock Island Lake,Lake,Northern Pike,Female,594.0,627.0,1.45,Mature,3.0,0.041,2012
2012-09-18,Rock Island Lake,Lake,Northern Pike,Male,386.0,410.0,0.39,Mature,1.0,0.027,2012
2012-09-18,Rock Island Lake,Lake,Northern Pike,Male,484.0,515.0,0.852,Mature,2.0,0.038,2012
2012-09-18,Rock Island Lake,Lake,Northern Pike,Female,644.0,685.0,1.806,Mature,4.0,0.067,2012
2012-09-18,Rock Island Lake,Lake,Northern Pike,Female,694.0,733.0,2.208,Mature,4.0,0.053,2012
2012-09-18,Rock Island Lake,Lake,Northern Pike,Female,464.0,495.0,0.7,Mature,2.0,0.051,2012
2012-09-18,Rock Island Lake,Lake,Northern Pike,Unknown,617.0,660.0,1.634,Mature,3.0,0.058,2012
2012-09-18,Rock Island Lake,Lake,Northern Pike,Male,603.0,641.0,1.396,Mature,7.0,0.331,2012
2012-09-18,Rock Island Lake,Lake,Northern Pike,Female,655.0,695.0,2.132,Mature,4.0,0.073,2012
2012-09-18,Rock Island Lake,Lake,Northern Pike,Male,560.0,590.0,1.31,Mature,3.0,0.039,2012
2012-09-18,Rock Island Lake,Lake,Northern Pike,Male,582.0,616.0,1.422,Mature,5.0,0.073,2012
2012-09-19,Rock Island Lake,Lake,Northern Pike,Female,390.0,417.0,0.444,Immature,1.0,0.034,2012
2012-09-19,Rock Island Lake,Lake,Northern Pike,Female,754.0,796.0,2.55,Mature,9.0,0.211,2012
2012-09-19,Rock Island Lake,Lake,Northern Pike,Male,420.0,448.0,0.536,Mature,1.0,0.037,2012
2018-10-11,Rock Island Lake,Lake,Northern Pike,Male,645.0,,2.057,Mature,5.0,0.202,2018
2018-10-11,Rock Island Lake,Lake,Northern Pike,Female,750.0,,3.248,Mature,6.0,0.159,2018
2018-10-11,Rock Island Lake,Lake,Northern Pike,Female,780.0,,3.529,Mature,6.0,0.119,2018
2018-10-11,Rock Island Lake,Lake,Northern Pike,Female,585.0,,1.66,Mature,5.0,0.099,2018
2018-10-11,Rock Island Lake,Lake,Northern Pike,Male,623.0,,1.987,Mature,4.0,0.129,2018
2018-10-11,Rock Island Lake,Lake,Northern Pike,Female,822.0,,4.654,Mature,7.0,0.176,2018
2018-10-11,Rock Island Lake,Lake,Northern Pike,Female,548.0,,1.306,Mature,3.0,0.048,2018
2018-10-11,Rock Island Lake,Lake,Northern Pike,Female,840.0,,4.94,Mature,7.0,0.14,2018
2018-10-11,Rock Island Lake,Lake,Northern Pike,Female,705.0,,2.717,Mature,6.0,0.173,2018
2018-10-11,Rock Island Lake,Lake,Northern Pike,Female,758.0,,3.443,Mature,6.0,0.144,2018
2018-10-11,Rock Island Lake,Lake,Northern Pike,Female,717.0,,2.472,Mature,6.0,0.133,2018
2018-10-11,Rock Island Lake,Lake,Northern Pike,Male,670.0,,2.409,Mature,6.0,0.217,2018
2018-10-13,Rock Island Lake,Lake,Northern Pike,Female,749.0,,3.494,Mature,6.0,0.147,2018
2012-09-18,Rock Island Lake,Lake,Walleye,Female,385.0,412.0,0.686,Immature,4.0,0.046,2012
2012-09-18,Rock Island Lake,Lake,Walleye,Male,407.0,432.0,0.74,Mature,5.0,0.06,2012
2012-09-18,Rock Island Lake,Lake,Walleye,Male,493.0,522.0,1.392,Mature,8.0,0.071,2012
2012-09-18,Rock Island Lake,Lake,Walleye,Female,424.0,452.0,0.858,Immature,5.0,0.057,2012
2012-09-18,Rock Island Lake,Lake,Walleye,Male,462.0,493.0,1.1,Mature,5.0,0.06,2012
2012-09-18,Rock Island Lake,Lake,Walleye,Male,290.0,310.0,0.258,Mature,2.0,0.046,2012
2012-09-18,Rock Island Lake,Lake,Walleye,Male,414.0,440.0,0.82,Mature,5.0,0.057,2012
2012-09-18,Rock Island Lake,Lake,Walleye,Male,537.0,562.0,1.778,Mature,14.0,0.165,2012
2012-09-18,Rock Island Lake,Lake,Walleye,Female,490.0,522.0,1.496,Mature,8.0,0.075,2012
2012-09-18,Rock Island Lake,Lake,Walleye,Female,600.0,634.0,2.134,Mature,14.0,0.208,2012
2012-09-18,Rock Island Lake,Lake,Walleye,Male,280.0,300.0,0.232,Immature,2.0,0.05,2012
2012-09-18,Rock Island Lake,Lake,Walleye,Male,480.0,510.0,1.304,Mature,8.0,0.095,2012
2012-09-18,Rock Island Lake,Lake,Walleye,Male,554.0,590.0,2.134,Mature,14.0,0.178,2012
2012-09-18,Rock Island Lake,Lake,Walleye,Male,480.0,511.0,1.396,Mature,8.0,0.079,2012
2012-09-19,Rock Island Lake,Lake,Walleye,Female,582.0,614.0,2.172,Mature,22.0,0.296,2012
2012-09-19,Rock Island Lake,Lake,Walleye,Female,659.0,690.0,3.348,Mature,15.0,0.189,2012
2012-09-19,Rock Island Lake,Lake,Walleye,Female,620.0,650.0,2.72,Mature,20.0,0.253,2012
2012-09-19,Rock Island Lake,Lake,Walleye,Male,293.0,312.0,0.262,Immature,2.0,0.045,2012
2012-09-19,Rock Island Lake,Lake,Walleye,Female,632.0,668.0,2.854,Mature,14.0,0.192,2012
2018-10-11,Rock Island Lake,Lake,Walleye,Female,552.0,,2.324,Mature,7.0,0.171,2018
2018-10-11,Rock Island Lake,Lake,Walleye,Male,390.0,,0.789,Mature,3.0,0.083,2018
2018-10-11,Rock Island Lake,Lake,Walleye,Female,555.0,,2.25,Mature,6.0,0.201,2018
2018-10-11,Rock Island Lake,Lake,Walleye,Female,593.0,,2.572,Mature,8.0,0.179,2018
2018-10-11,Rock Island Lake,Lake,Walleye,Male,530.0,,1.988,Mature,6.0,0.131,2018
2018-10-11,Rock Island Lake,Lake,Walleye,Female,552.0,,2.172,Mature,6.0,0.169,2018
2018-10-11,Rock Island Lake,Lake,Walleye,Female,658.0,,3.751,Mature,11.0,0.22,2018
2018-10-11,Rock Island Lake,Lake,Walleye,Female,558.0,,2.345,Mature,6.0,0.16,2018
2018-10-11,Rock Island Lake,Lake,Walleye,Female,445.0,,1.479,Mature,6.0,0.111,2018
2018-10-11,Rock Island Lake,Lake,Walleye,Female,516.0,,1.803,Mature,6.0,0.18,2018
2018-10-11,Rock Island Lake,Lake,Walleye,Male,495.0,,1.521,Mature,6.0,0.145,2018
2018-10-11,Rock Island Lake,Lake,Walleye,Male,533.0,,2.123,Mature,8.0,0.187,2018
2018-10-11,Rock Island Lake,Lake,Walleye,Female,520.0,,1.808,Mature,6.0,0.105,2018
2018-10-11,Rock Island Lake,Lake,Walleye,Male,615.0,,3.089,Mature,8.0,0.174,2018
2018-10-11,Rock Island Lake,Lake,Walleye,Male,555.0,,2.271,Mature,7.0,0.165,2018
2018-10-11,Rock Island Lake,Lake,Walleye,Female,650.0,,3.505,Mature,11.0,0.22,2018
2021-09-22,Rolling Hills Lake,Reservoir,Lake Whitefish,Male,485.0,551.0,1.581,Mature,16.0,0.362,2021
2021-09-22,Rolling Hills Lake,Reservoir,Lake Whitefish,Male,453.0,517.0,1.155,Mature,16.0,0.326,2021
2021-09-22,Rolling Hills Lake,Reservoir,Lake Whitefish,Male,473.0,538.0,1.413,Mature,10.0,0.35,2021
2021-09-22,Rolling Hills Lake,Reservoir,Lake Whitefish,Female,500.0,570.0,1.682,Mature,16.0,0.371,2021
2021-09-22,Rolling Hills Lake,Reservoir,Lake Whitefish,Male,483.0,549.0,1.567,Mature,16.0,0.314,2021
2021-09-22,Rolling Hills Lake,Reservoir,Lake Whitefish,Male,454.0,518.0,1.199,Mature,16.0,0.353,2021
2021-09-22,Rolling Hills Lake,Reservoir,Lake Whitefish,Male,494.0,563.0,1.565,Mature,17.0,0.314,2021
2021-09-22,Rolling Hills Lake,Reservoir,Lake Whitefish,Male,401.0,447.0,0.764,Mature,3.0,0.109,2021
2021-09-22,Rolling Hills Lake,Reservoir,Lake Whitefish,Female,264.0,284.0,0.22,Immature,2.0,0.106,2021
2021-09-22,Rolling Hills Lake,Reservoir,Lake Whitefish,Male,241.0,256.0,0.172,Immature,2.0,0.088,2021
2021-09-22,Rolling Hills Lake,Reservoir,Lake Whitefish,Male,367.0,402.0,0.598,Immature,3.0,0.116,2021
2021-09-22,Rolling Hills Lake,Reservoir,Lake Whitefish,Female,455.0,512.0,1.436,Mature,5.0,0.205,2021
2021-09-22,Rolling Hills Lake,Reservoir,Lake Whitefish,Male,489.0,552.0,1.514,Immature,11.0,0.464,2021
2021-09-22,Rolling Hills Lake,Reservoir,Lake Whitefish,Male,475.0,537.0,1.574,Mature,17.0,0.341,2021
2021-09-22,Rolling Hills Lake,Reservoir,Lake Whitefish,Male,506.0,574.0,1.67,Mature,18.0,0.27,2021
2021-09-22,Rolling Hills Lake,Reservoir,Lake Whitefish,Female,496.0,563.0,1.508,Mature,18.0,0.283,2021
2021-09-22,Rolling Hills Lake,Reservoir,Lake Whitefish,Female,427.0,489.0,1.188,Mature,4.0,0.184,2021
2021-09-22,Rolling Hills Lake,Reservoir,Lake Whitefish,Male,463.0,549.0,1.31,Mature,17.0,0.375,2021
2021-09-22,Rolling Hills Lake,Reservoir,Lake Whitefish,Female,486.0,555.0,1.588,Mature,11.0,0.297,2021
2021-09-22,Rolling Hills Lake,Reservoir,Lake Whitefish,Female,497.0,534.0,1.126,Mature,15.0,0.278,2021
2021-09-22,Rolling Hills Lake,Reservoir,Lake Whitefish,Male,494.0,561.0,1.728,Mature,14.0,0.348,2021
2021-09-22,Rolling Hills Lake,Reservoir,Lake Whitefish,Male,455.0,510.0,1.188,Mature,16.0,0.284,2021
2021-09-22,Rolling Hills Lake,Reservoir,Lake Whitefish,Female,509.0,574.0,1.741,Mature,17.0,0.344,2021
2021-09-22,Rolling Hills Lake,Reservoir,Lake Whitefish,Male,519.0,577.0,1.751,Mature,16.0,0.299,2021
2021-09-22,Rolling Hills Lake,Reservoir,Lake Whitefish,Male,482.0,551.0,1.441,Mature,16.0,0.355,2021
2021-09-22,Rolling Hills Lake,Reservoir,Northern Pike,Male,399.0,425.0,0.37,Mature,2.0,0.61,2021
2021-09-22,Rolling Hills Lake,Reservoir,Northern Pike,Female,631.0,670.0,1.914,Mature,2.0,1.646,2021
2021-09-22,Rolling Hills Lake,Reservoir,Northern Pike,Male,428.0,457.0,0.524,Mature,2.0,0.515,2021
2021-09-22,Rolling Hills Lake,Reservoir,Northern Pike,Female,672.0,715.0,1.894,Mature,5.0,1.097,2021
2021-09-22,Rolling Hills Lake,Reservoir,Northern Pike,Male,450.0,477.0,0.568,Mature,3.0,0.594,2021
2021-09-22,Rolling Hills Lake,Reservoir,Northern Pike,Female,617.0,656.0,1.472,Mature,6.0,1.436,2021
2021-09-22,Rolling Hills Lake,Reservoir,Northern Pike,Male,445.0,470.0,0.531,Mature,2.0,0.567,2021
2021-09-22,Rolling Hills Lake,Reservoir,Northern Pike,Female,687.0,731.0,2.232,Mature,7.0,1.386,2021
2021-09-22,Rolling Hills Lake,Reservoir,Northern Pike,Female,639.0,674.0,1.618,Mature,5.0,1.057,2021
2021-09-22,Rolling Hills Lake,Reservoir,Northern Pike,Female,674.0,715.0,1.913,Mature,6.0,1.297,2021
2021-09-22,Rolling Hills Lake,Reservoir,Northern Pike,Male,440.0,474.0,0.591,Mature,2.0,0.652,2021
2021-09-22,Rolling Hills Lake,Reservoir,Northern Pike,Female,642.0,681.0,1.978,Mature,7.0,1.152,2021
2021-09-22,Rolling Hills Lake,Reservoir,Northern Pike,Female,655.0,697.0,2.138,Mature,6.0,0.998,2021
2021-09-22,Rolling Hills Lake,Reservoir,Northern Pike,Female,685.0,736.0,1.69,Mature,7.0,1.302,2021
2021-09-22,Rolling Hills Lake,Reservoir,Northern Pike,Female,631.0,672.0,1.84,Mature,6.0,0.974,2021
2021-09-22,Rolling Hills Lake,Reservoir,Northern Pike,Female,434.0,460.0,0.488,Immature,2.0,0.396,2021
2021-09-22,Rolling Hills Lake,Reservoir,Northern Pike,Male,406.0,437.0,0.532,Mature,6.0,0.387,2021
2021-09-22,Rolling Hills Lake,Reservoir,Northern Pike,Male,360.0,378.0,0.33,Mature,1.0,0.377,2021
2021-09-22,Rolling Hills Lake,Reservoir,Northern Pike,Male,515.0,547.0,1.022,Mature,2.0,0.461,2021
2021-09-22,Rolling Hills Lake,Reservoir,Northern Pike,Female,669.0,715.0,2.243,Mature,5.0,1.198,2021
2021-09-22,Rolling Hills Lake,Reservoir,Northern Pike,Female,710.0,745.0,1.603,Mature,7.0,0.965,2021
2021-09-22,Rolling Hills Lake,Reservoir,Northern Pike,Female,603.0,639.0,1.355,Mature,4.0,0.863,2021
2021-09-22,Rolling Hills Lake,Reservoir,Northern Pike,Female,700.0,749.0,2.414,Mature,6.0,1.131,2021
2021-09-22,Rolling Hills Lake,Reservoir,Northern Pike,Male,371.0,391.0,0.296,Mature,1.0,0.379,2021
2021-09-22,Rolling Hills Lake,Reservoir,Walleye,Female,498.0,525.0,1.252,Mature,10.0,1.721,2021
2021-09-22,Rolling Hills Lake,Reservoir,Walleye,Female,392.0,420.0,0.612,Immature,4.0,0.834,2021
2021-09-22,Rolling Hills Lake,Reservoir,Walleye,Male,366.0,386.0,0.448,Immature,3.0,0.635,2021
2021-09-22,Rolling Hills Lake,Reservoir,Walleye,Female,513.0,539.0,1.374,Mature,10.0,1.99,2021
2021-09-22,Rolling Hills Lake,Reservoir,Walleye,Female,575.0,605.0,1.908,Mature,14.0,1.789,2021
2021-09-22,Rolling Hills Lake,Reservoir,Walleye,Female,410.0,433.0,0.674,Immature,3.0,0.439,2021
2021-09-22,Rolling Hills Lake,Reservoir,Walleye,Male,426.0,450.0,0.784,Mature,4.0,0.574,2021
2021-09-22,Rolling Hills Lake,Reservoir,Walleye,Female,513.0,543.0,1.3,Mature,8.0,1.563,2021
2021-09-22,Rolling Hills Lake,Reservoir,Walleye,Female,463.0,490.0,0.926,Immature,6.0,0.897,2021
2021-09-22,Rolling Hills Lake,Reservoir,Walleye,Female,547.0,575.0,1.774,Mature,11.0,1.599,2021
2021-09-22,Rolling Hills Lake,Reservoir,Walleye,Male,445.0,472.0,0.978,Mature,9.0,1.277,2021
2021-09-22,Rolling Hills Lake,Reservoir,Walleye,Female,583.0,611.0,1.948,Mature,15.0,2.044,2021
2021-09-22,Rolling Hills Lake,Reservoir,Walleye,Female,615.0,642.0,2.622,Mature,9.0,1.047,2021
2021-09-22,Rolling Hills Lake,Reservoir,Walleye,Male,491.0,515.0,1.196,Mature,11.0,1.582,2021
2021-09-22,Rolling Hills Lake,Reservoir,Walleye,Female,462.0,481.0,0.908,Immature,4.0,0.325,2021
2021-09-22,Rolling Hills Lake,Reservoir,Walleye,Male,275.0,289.0,0.2,Immature,2.0,0.469,2021
2021-09-22,Rolling Hills Lake,Reservoir,Walleye,Female,367.0,388.0,0.456,Immature,,0.608,2021
2021-09-22,Rolling Hills Lake,Reservoir,Walleye,Female,327.0,347.0,0.33,Immature,,0.452,2021
2021-09-22,Rolling Hills Lake,Reservoir,Walleye,Male,323.0,331.0,0.31,Immature,2.0,0.467,2021
2021-09-22,Rolling Hills Lake,Reservoir,Walleye,Male,362.0,387.0,0.526,Immature,3.0,0.594,2021
2021-09-22,Rolling Hills Lake,Reservoir,Walleye,Male,348.0,367.0,0.452,Immature,3.0,0.465,2021
2021-09-22,Rolling Hills Lake,Reservoir,Walleye,Female,247.0,264.0,0.16,Immature,1.0,0.263,2021
2021-09-22,Rolling Hills Lake,Reservoir,Walleye,Male,335.0,357.0,0.388,Immature,2.0,0.456,2021
2021-09-22,Rolling Hills Lake,Reservoir,Walleye,Female,400.0,422.0,0.64,Immature,4.0,0.925,2021
2021-09-22,Rolling Hills Lake,Reservoir,Walleye,Female,460.0,483.0,1.03,Mature,7.0,1.118,2021
2021-09-22,Rolling Hills Lake,Reservoir,Walleye,Female,340.0,364.0,0.414,Mature,3.0,0.668,2021
2021-09-22,Rolling Hills Lake,Reservoir,Walleye,Male,382.0,407.0,0.544,Immature,3.0,0.673,2021
2021-09-22,Rolling Hills Lake,Reservoir,Walleye,Male,415.0,439.0,0.72,Immature,4.0,0.846,2021
2021-09-22,Rolling Hills Lake,Reservoir,Walleye,Male,365.0,387.0,0.468,Mature,3.0,0.715,2021
2021-09-22,Rolling Hills Lake,Reservoir,Walleye,Female,377.0,400.0,0.552,Immature,5.0,0.768,2021
2021-09-22,Rolling Hills Lake,Reservoir,Walleye,Female,505.0,531.0,1.418,Mature,10.0,1.043,2021
2021-09-22,Rolling Hills Lake,Reservoir,Walleye,Female,643.0,672.0,2.864,Mature,10.0,1.28,2021
2021-09-22,Rolling Hills Lake,Reservoir,Walleye,Male,487.0,516.0,1.342,Mature,9.0,1.4,2021
2021-09-22,Rolling Hills Lake,Reservoir,Walleye,Female,521.0,549.0,1.47,Mature,10.0,1.256,2021
2021-09-22,Rolling Hills Lake,Reservoir,Walleye,Female,553.0,582.0,1.85,Mature,13.0,1.739,2021
2021-09-22,Rolling Hills Lake,Reservoir,Walleye,Male,474.0,502.0,1.076,Mature,10.0,1.461,2021
2021-09-22,Rolling Hills Lake,Reservoir,Walleye,Male,497.0,523.0,1.294,Mature,10.0,1.352,2021
2021-09-22,Rolling Hills Lake,Reservoir,Walleye,Female,524.0,550.0,1.552,Mature,8.0,1.015,2021
2021-09-22,Rolling Hills Lake,Reservoir,Walleye,Male,415.0,437.0,0.748,Mature,4.0,0.742,2021
2021-09-22,Rolling Hills Lake,Reservoir,Walleye,Female,524.0,552.0,1.444,Mature,10.0,1.205,2021
2021-09-22,Rolling Hills Lake,Reservoir,Walleye,Male,460.0,490.0,1.158,Mature,9.0,1.207,2021
2021-09-22,Rolling Hills Lake,Reservoir,Walleye,Male,400.0,424.0,0.714,Mature,4.0,0.638,2021
2021-09-22,Rolling Hills Lake,Reservoir,Walleye,Male,377.0,403.0,0.576,Mature,4.0,0.737,2021
2010-01-05,Rolling Hills Lake (Rolling Hills Reservoir),Lake,Northern Pike,Unknown,676.0,710.0,2.435,Unknown,,1.213,2010
2010-01-05,Rolling Hills Lake (Rolling Hills Reservoir),Lake,Northern Pike,Unknown,783.0,823.0,3.9,Unknown,,1.027,2010
2010-01-05,Rolling Hills Lake (Rolling Hills Reservoir),Lake,Northern Pike,Unknown,715.0,754.0,2.869,Unknown,,0.849,2010
2010-01-05,Rolling Hills Lake (Rolling Hills Reservoir),Lake,Northern Pike,Unknown,886.0,924.0,5.1,Unknown,,0.973,2010
2010-01-05,Rolling Hills Lake (Rolling Hills Reservoir),Lake,Northern Pike,Unknown,698.0,738.0,2.797,Unknown,,1.23,2010
2010-01-05,Rolling Hills Lake (Rolling Hills Reservoir),Lake,Northern Pike,Unknown,812.0,850.0,5.1,Unknown,,0.971,2010
2010-01-05,Rolling Hills Lake (Rolling Hills Reservoir),Lake,Walleye,Unknown,647.0,678.0,3.5,Unknown,,1.53,2010
2010-01-05,Rolling Hills Lake (Rolling Hills Reservoir),Lake,Walleye,Unknown,717.0,751.0,4.0,Unknown,,1.89,2010
2010-01-05,Rolling Hills Lake (Rolling Hills Reservoir),Lake,Walleye,Unknown,624.0,656.0,3.178,Unknown,,1.231,2010
2010-01-05,Rolling Hills Lake (Rolling Hills Reservoir),Lake,Walleye,Unknown,537.0,563.0,1.92,Unknown,,0.908,2010
2010-01-05,Rolling Hills Lake (Rolling Hills Reservoir),Lake,Walleye,Unknown,500.0,576.0,2.2,Unknown,,0.899,2010
2010-01-05,Rolling Hills Lake (Rolling Hills Reservoir),Lake,Walleye,Unknown,438.0,460.0,0.954,Unknown,,0.738,2010
2010-01-05,Rolling Hills Lake (Rolling Hills Reservoir),Lake,Walleye,Unknown,543.0,572.0,1.911,Unknown,,0.687,2010
2015-09-22,Seibert Lake,Lake,Northern Pike,Female,813.0,857.0,4.6,Mature,12.0,0.244,2015
2015-09-22,Seibert Lake,Lake,Northern Pike,Female,904.0,960.0,5.025,Mature,14.0,0.386,2015
2015-09-22,Seibert Lake,Lake,Northern Pike,Female,839.0,886.0,4.7,Mature,12.0,0.421,2015
2015-09-22,Seibert Lake,Lake,Northern Pike,Female,855.0,905.0,4.1,Mature,12.0,0.305,2015
2015-09-22,Seibert Lake,Lake,Northern Pike,Female,925.0,970.0,5.525,Mature,11.0,0.45,2015
2015-09-22,Seibert Lake,Lake,Northern Pike,Female,814.0,864.0,4.1,Mature,13.0,0.244,2015
2015-09-23,Seibert Lake,Lake,Northern Pike,Female,975.0,1011.0,6.8,Mature,13.0,0.327,2015
2015-09-23,Seibert Lake,Lake,Northern Pike,Female,847.0,900.0,2.95,Mature,8.0,0.473,2015
2015-09-23,Seibert Lake,Lake,Northern Pike,Female,911.0,961.0,7.1,Mature,11.0,0.27,2015
2015-09-23,Seibert Lake,Lake,Northern Pike,Male,683.0,729.0,1.525,Mature,4.0,0.273,2015
2015-09-24,Seibert Lake,Lake,Northern Pike,Female,866.0,910.0,3.8,Mature,12.0,0.329,2015
2015-09-24,Seibert Lake,Lake,Northern Pike,Female,733.0,782.0,2.7,Mature,10.0,0.262,2015
2015-09-22,Seibert Lake,Lake,Walleye,Female,451.0,469.0,1.0,Mature,8.0,0.114,2015
2015-09-22,Seibert Lake,Lake,Walleye,Female,477.0,503.0,0.95,Mature,8.0,0.139,2015
2015-09-22,Seibert Lake,Lake,Walleye,Female,473.0,494.0,1.05,Immature,9.0,0.112,2015
2015-09-22,Seibert Lake,Lake,Walleye,Female,447.0,471.0,0.925,Mature,,0.095,2015
2015-09-22,Seibert Lake,Lake,Walleye,Female,465.0,493.0,1.15,Mature,,0.166,2015
2015-09-22,Seibert Lake,Lake,Walleye,Female,455.0,482.0,1.0,Mature,8.0,0.421,2015
2015-09-22,Seibert Lake,Lake,Walleye,Female,468.0,492.0,0.95,Immature,9.0,0.305,2015
2015-09-22,Seibert Lake,Lake,Walleye,Female,463.0,488.0,0.975,Mature,,0.45,2015
2015-09-22,Seibert Lake,Lake,Walleye,Female,467.0,494.0,0.9,Mature,9.0,0.244,2015
2015-09-23,Seibert Lake,Lake,Walleye,Female,462.0,486.0,1.0,Immature,,0.327,2015
2015-09-23,Seibert Lake,Lake,Walleye,Female,457.0,485.0,1.1,Mature,9.0,0.473,2015
2015-09-23,Seibert Lake,Lake,Walleye,Male,458.0,485.0,1.0,Mature,,0.27,2015
2015-09-23,Seibert Lake,Lake,Walleye,Female,492.0,521.0,1.125,Immature,9.0,0.273,2015
2015-09-23,Seibert Lake,Lake,Walleye,Male,476.0,501.0,1.075,Mature,,0.329,2015
2015-09-23,Seibert Lake,Lake,Walleye,Female,459.0,485.0,1.0,Mature,9.0,0.095,2015
2015-09-23,Seibert Lake,Lake,Walleye,Female,475.0,501.0,1.1,Immature,,0.166,2015
2015-09-24,Seibert Lake,Lake,Walleye,Female,479.0,506.0,1.1,Immature,,0.262,2015
2015-09-24,Seibert Lake,Lake,Walleye,Female,461.0,489.0,0.95,Immature,,0.114,2015
2015-09-24,Seibert Lake,Lake,Walleye,Female,480.0,512.0,1.125,Immature,,0.139,2015
2015-09-24,Seibert Lake,Lake,Walleye,Female,468.0,497.0,0.988,Mature,,0.112,2015
2021-09-29,Sherburne Lake,Lake,Northern Pike,Female,716.0,765.0,2.994,Mature,7.0,0.351,2021
2021-09-29,Sherburne Lake,Lake,Northern Pike,Female,813.0,860.0,3.672,Mature,6.0,0.601,2021
2021-09-29,Sherburne Lake,Lake,Northern Pike,Female,632.0,671.0,1.992,Mature,5.0,0.21,2021
2021-09-29,Sherburne Lake,Lake,Northern Pike,Male,638.0,678.0,1.86,Mature,6.0,0.599,2021
2021-09-29,Sherburne Lake,Lake,Northern Pike,Female,758.0,800.0,3.597,Mature,5.0,0.338,2021
2021-09-29,Sherburne Lake,Lake,Northern Pike,Female,740.0,785.0,3.61,Mature,6.0,0.335,2021
2021-09-29,Sherburne Lake,Lake,Northern Pike,Male,579.0,615.0,1.52,Mature,4.0,0.216,2021
2021-09-29,Sherburne Lake,Lake,Northern Pike,Male,572.0,605.0,1.417,Mature,4.0,0.205,2021
2021-09-29,Sherburne Lake,Lake,Northern Pike,Male,565.0,599.0,1.371,Mature,4.0,0.205,2021
2021-09-29,Sherburne Lake,Lake,Northern Pike,Female,711.0,750.0,2.842,Mature,6.0,0.304,2021
2021-09-29,Sherburne Lake,Lake,Northern Pike,Male,560.0,595.0,1.596,Mature,5.0,0.18,2021
2021-09-29,Sherburne Lake,Lake,Northern Pike,Female,792.0,835.0,4.036,Mature,8.0,0.585,2021
2021-09-29,Sherburne Lake,Lake,Northern Pike,Female,747.0,790.0,3.094,Mature,7.0,0.514,2021
2021-09-29,Sherburne Lake,Lake,Northern Pike,Female,801.0,852.0,3.432,Mature,7.0,0.593,2021
2021-09-29,Sherburne Lake,Lake,Northern Pike,Female,720.0,763.0,2.682,Mature,6.0,0.444,2021
2021-09-29,Sherburne Lake,Lake,Northern Pike,Female,722.0,762.0,2.502,Mature,8.0,0.496,2021
2021-09-29,Sherburne Lake,Lake,Northern Pike,Female,749.0,791.0,3.06,Mature,8.0,0.404,2021
2021-09-29,Sherburne Lake,Lake,Northern Pike,Female,733.0,774.0,2.672,Mature,8.0,0.386,2021
2021-09-29,Sherburne Lake,Lake,Walleye,Male,435.0,460.0,0.914,Mature,7.0,0.416,2021
2021-09-29,Sherburne Lake,Lake,Walleye,Female,500.0,527.0,1.426,Mature,,0.453,2021
2021-09-29,Sherburne Lake,Lake,Walleye,Female,548.0,575.0,1.648,Mature,8.0,0.781,2021
2021-09-29,Sherburne Lake,Lake,Walleye,Male,453.0,484.0,1.17,Mature,8.0,0.697,2021
2021-09-29,Sherburne Lake,Lake,Walleye,Male,543.0,577.0,1.808,Mature,13.0,1.105,2021
2021-09-29,Sherburne Lake,Lake,Walleye,Female,582.0,617.0,2.476,Mature,12.0,0.964,2021
2021-09-29,Sherburne Lake,Lake,Walleye,Female,660.0,692.0,2.94,Mature,11.0,1.17,2021
2021-09-29,Sherburne Lake,Lake,Walleye,Male,468.0,499.0,1.204,Mature,8.0,0.626,2021
2021-09-29,Sherburne Lake,Lake,Walleye,Female,537.0,570.0,1.704,Mature,7.0,0.503,2021
2021-09-29,Sherburne Lake,Lake,Walleye,Male,442.0,469.0,0.878,Mature,8.0,0.607,2021
2021-09-29,Sherburne Lake,Lake,Walleye,Male,420.0,443.0,0.802,Mature,,0.354,2021
2021-09-29,Sherburne Lake,Lake,Walleye,Male,498.0,527.0,1.502,Mature,6.0,0.526,2021
2021-09-29,Sherburne Lake,Lake,Walleye,Female,490.0,515.0,1.27,Mature,3.0,0.494,2021
2021-09-29,Sherburne Lake,Lake,Walleye,Male,527.0,560.0,1.748,Mature,16.0,1.042,2021
2021-09-29,Sherburne Lake,Lake,Walleye,Male,562.0,591.0,1.92,Mature,15.0,0.831,2021
2021-09-29,Sherburne Lake,Lake,Walleye,Male,566.0,593.0,2.088,Mature,12.0,0.947,2021
2021-09-29,Sherburne Lake,Lake,Walleye,Male,545.0,574.0,1.954,Mature,12.0,0.846,2021
2021-09-29,Sherburne Lake,Lake,Walleye,Male,565.0,597.0,2.142,Mature,13.0,0.936,2021
2014-09-19,Shiningbank Lake,Lake,Lake Whitefish,Unknown,584.0,,2.655,Unknown,,0.194,2014
2014-09-19,Shiningbank Lake,Lake,Lake Whitefish,Female,585.0,,2.39,Mature,25.0,0.278,2014
2014-09-19,Shiningbank Lake,Lake,Lake Whitefish,Unknown,584.0,,2.655,Unknown,,0.283,2014
2014-09-19,Shiningbank Lake,Lake,Lake Whitefish,Female,584.0,,2.73,Mature,16.0,0.282,2014
2014-09-19,Shiningbank Lake,Lake,Lake Whitefish,Female,521.0,,2.52,Mature,12.0,0.181,2014
2014-09-19,Shiningbank Lake,Lake,Lake Whitefish,Male,500.0,,1.88,Mature,20.0,0.181,2014
2014-09-19,Shiningbank Lake,Lake,Lake Whitefish,Male,539.0,,2.59,Mature,20.0,0.16,2014
2014-09-19,Shiningbank Lake,Lake,Lake Whitefish,Male,538.0,,2.185,Mature,23.0,0.184,2014
2014-09-19,Shiningbank Lake,Lake,Lake Whitefish,Male,495.0,,1.66,Mature,21.0,0.249,2014
2014-09-19,Shiningbank Lake,Lake,Lake Whitefish,Male,400.0,,0.91,Mature,4.0,0.116,2014
2014-09-19,Shiningbank Lake,Lake,Lake Whitefish,Male,506.0,,1.86,Mature,22.0,0.246,2014
2014-09-19,Shiningbank Lake,Lake,Lake Whitefish,Male,506.0,,1.895,Mature,24.0,0.287,2014
2014-09-19,Shiningbank Lake,Lake,Lake Whitefish,Male,385.0,,0.758,Mature,3.0,0.114,2014
2014-09-19,Shiningbank Lake,Lake,Lake Whitefish,Female,480.0,,1.82,Mature,5.0,0.16,2014
2014-09-19,Shiningbank Lake,Lake,Lake Whitefish,Male,506.0,,1.755,Mature,24.0,0.238,2014
2019-09-10,Shiningbank Lake,Lake,Lake Whitefish,Female,457.0,512.0,1.59,Mature,4.0,0.054,2019
2019-09-10,Shiningbank Lake,Lake,Lake Whitefish,Female,428.0,487.0,1.28,Mature,4.0,0.044,2019
2019-09-10,Shiningbank Lake,Lake,Lake Whitefish,Female,562.0,627.0,2.92,Mature,20.0,0.223,2019
2019-09-10,Shiningbank Lake,Lake,Lake Whitefish,Female,561.0,620.0,3.07,Mature,19.0,0.209,2019
2019-09-10,Shiningbank Lake,Lake,Lake Whitefish,Unknown,331.0,368.0,0.506,Immature,3.0,0.038,2019
2019-09-10,Shiningbank Lake,Lake,Lake Whitefish,Female,606.0,673.0,3.665,Mature,22.0,0.252,2019
2019-09-10,Shiningbank Lake,Lake,Lake Whitefish,Female,577.0,637.0,3.49,Mature,10.0,0.126,2019
2019-09-10,Shiningbank Lake,Lake,Lake Whitefish,Male,532.0,602.0,2.13,Mature,20.0,0.156,2019
2019-09-10,Shiningbank Lake,Lake,Lake Whitefish,Female,421.0,471.0,1.275,Mature,5.0,0.048,2019
2019-09-11,Shiningbank Lake,Lake,Lake Whitefish,Male,318.0,358.0,0.548,Immature,4.0,0.051,2019
2019-09-11,Shiningbank Lake,Lake,Lake Whitefish,Male,510.0,575.0,2.095,Mature,8.0,0.111,2019
2019-09-11,Shiningbank Lake,Lake,Lake Whitefish,Male,514.0,572.0,2.12,Mature,26.0,0.198,2019
2019-09-11,Shiningbank Lake,Lake,Lake Whitefish,Female,474.0,530.0,1.98,Mature,5.0,0.073,2019
2019-09-11,Shiningbank Lake,Lake,Lake Whitefish,Male,513.0,579.0,2.155,Mature,21.0,0.16,2019
2019-09-11,Shiningbank Lake,Lake,Lake Whitefish,Female,547.0,608.0,3.095,Mature,17.0,0.275,2019
2019-09-11,Shiningbank Lake,Lake,Lake Whitefish,Male,566.0,633.0,2.75,Mature,21.0,0.211,2019
2019-09-11,Shiningbank Lake,Lake,Lake Whitefish,Female,513.0,568.0,2.225,Mature,8.0,0.062,2019
2019-09-11,Shiningbank Lake,Lake,Lake Whitefish,Male,492.0,548.0,1.77,Mature,9.0,0.113,2019
2014-09-19,Shiningbank Lake,Lake,Northern Pike,Female,435.0,,0.55,Mature,3.0,0.126,2014
2014-09-19,Shiningbank Lake,Lake,Northern Pike,Female,440.0,,0.61,Mature,3.0,0.115,2014
2014-09-19,Shiningbank Lake,Lake,Northern Pike,Male,407.0,,0.536,Mature,3.0,0.135,2014
2014-09-19,Shiningbank Lake,Lake,Northern Pike,Female,396.0,,0.516,Mature,2.0,0.126,2014
2014-09-19,Shiningbank Lake,Lake,Northern Pike,Male,387.0,,0.416,Mature,2.0,0.104,2014
2014-09-19,Shiningbank Lake,Lake,Northern Pike,Male,456.0,,0.64,Mature,4.0,0.212,2014
2014-09-19,Shiningbank Lake,Lake,Northern Pike,Female,403.0,,0.462,Mature,3.0,0.129,2014
2014-09-19,Shiningbank Lake,Lake,Northern Pike,Female,544.0,,0.94,Mature,4.0,0.525,2014
2014-09-19,Shiningbank Lake,Lake,Northern Pike,Unknown,562.0,,1.165,Unknown,,0.261,2014
2014-09-19,Shiningbank Lake,Lake,Northern Pike,Male,471.0,,0.794,Mature,3.0,0.271,2014
2014-09-19,Shiningbank Lake,Lake,Northern Pike,Female,471.0,,0.806,Mature,4.0,0.115,2014
2014-09-19,Shiningbank Lake,Lake,Northern Pike,Female,550.0,,1.26,Mature,4.0,0.291,2014
2014-09-19,Shiningbank Lake,Lake,Northern Pike,Female,500.0,,0.916,Mature,4.0,0.119,2014
2019-09-10,Shiningbank Lake,Lake,Northern Pike,Female,591.0,631.0,1.755,Mature,5.0,0.179,2019
2019-09-10,Shiningbank Lake,Lake,Northern Pike,Female,564.0,597.0,1.17,Mature,5.0,0.161,2019
2019-09-10,Shiningbank Lake,Lake,Northern Pike,Female,702.0,741.0,2.01,Mature,9.0,0.74,2019
2019-09-11,Shiningbank Lake,Lake,Northern Pike,Female,547.0,589.0,1.135,Mature,4.0,0.135,2019
2019-09-11,Shiningbank Lake,Lake,Northern Pike,Female,564.0,599.0,1.25,Mature,6.0,0.176,2019
2019-09-11,Shiningbank Lake,Lake,Northern Pike,Female,530.0,564.0,1.135,Mature,4.0,0.126,2019
2019-09-11,Shiningbank Lake,Lake,Northern Pike,Unknown,495.0,526.0,0.88,Mature,4.0,0.113,2019
2014-09-19,Shiningbank Lake,Lake,Walleye,Female,429.0,,1.0,Mature,6.0,0.432,2014
2014-09-19,Shiningbank Lake,Lake,Walleye,Unknown,414.0,,0.949,Unknown,,0.565,2014
2014-09-19,Shiningbank Lake,Lake,Walleye,Male,483.0,,1.23,Mature,10.0,0.836,2014
2014-09-19,Shiningbank Lake,Lake,Walleye,Female,450.0,,1.025,Mature,5.0,0.473,2014
2014-09-19,Shiningbank Lake,Lake,Walleye,Male,516.0,,1.585,Mature,12.0,0.754,2014
2014-09-19,Shiningbank Lake,Lake,Walleye,Male,471.0,,1.23,Mature,16.0,0.722,2014
2014-09-19,Shiningbank Lake,Lake,Walleye,Male,410.0,,0.794,Mature,5.0,0.465,2014
2014-09-19,Shiningbank Lake,Lake,Walleye,Female,414.0,,0.91,Mature,5.0,0.483,2014
2014-09-19,Shiningbank Lake,Lake,Walleye,Male,477.0,,1.245,Mature,16.0,0.784,2014
2014-09-19,Shiningbank Lake,Lake,Walleye,Female,450.0,,1.05,Mature,5.0,0.611,2014
2014-09-19,Shiningbank Lake,Lake,Walleye,Male,390.0,,0.722,Mature,5.0,0.458,2014
2014-09-19,Shiningbank Lake,Lake,Walleye,Male,446.0,,1.04,Mature,8.0,0.472,2014
2014-09-19,Shiningbank Lake,Lake,Walleye,Female,490.0,,1.34,Mature,7.0,0.537,2014
2014-09-19,Shiningbank Lake,Lake,Walleye,Female,455.0,,1.025,Mature,5.0,0.41,2014
2014-09-19,Shiningbank Lake,Lake,Walleye,Male,411.0,,0.77,Mature,5.0,0.466,2014
2014-09-19,Shiningbank Lake,Lake,Walleye,Male,450.0,,1.05,Mature,8.0,0.436,2014
2014-09-19,Shiningbank Lake,Lake,Walleye,Male,494.0,,1.305,Mature,18.0,0.622,2014
2014-09-19,Shiningbank Lake,Lake,Walleye,Male,437.0,,0.926,Mature,8.0,0.548,2014
2014-09-19,Shiningbank Lake,Lake,Walleye,Male,421.0,,0.794,Mature,5.0,0.408,2014
2014-09-19,Shiningbank Lake,Lake,Walleye,Unknown,440.0,,0.97,Unknown,,0.635,2014
2014-09-19,Shiningbank Lake,Lake,Walleye,Male,455.0,,1.12,Mature,17.0,0.84,2014
2014-09-19,Shiningbank Lake,Lake,Walleye,Female,464.0,,1.295,Mature,10.0,0.52,2014
2014-09-19,Shiningbank Lake,Lake,Walleye,Female,490.0,,1.265,Mature,6.0,0.511,2014
2014-09-19,Shiningbank Lake,Lake,Walleye,Male,455.0,,1.13,Mature,6.0,0.517,2014
2014-09-19,Shiningbank Lake,Lake,Walleye,Male,482.0,,1.25,Mature,19.0,0.833,2014
2014-09-19,Shiningbank Lake,Lake,Walleye,Female,471.0,,1.165,Mature,6.0,0.509,2014
2014-09-19,Shiningbank Lake,Lake,Walleye,Female,479.0,,1.2,Mature,8.0,0.608,2014
2014-09-19,Shiningbank Lake,Lake,Walleye,Male,410.0,,0.784,Mature,5.0,0.439,2014
2014-09-19,Shiningbank Lake,Lake,Walleye,Female,496.0,,1.38,Mature,7.0,0.526,2014
2014-09-19,Shiningbank Lake,Lake,Walleye,Female,446.0,,1.02,Mature,5.0,0.552,2014
2019-09-10,Shiningbank Lake,Lake,Walleye,Male,437.0,463.0,1.02,Mature,15.0,0.674,2019
2019-09-10,Shiningbank Lake,Lake,Walleye,Male,426.0,455.0,0.878,Mature,7.0,0.284,2019
2019-09-10,Shiningbank Lake,Lake,Walleye,Female,556.0,588.0,1.76,Mature,11.0,0.617,2019
2019-09-10,Shiningbank Lake,Lake,Walleye,Female,461.0,489.0,1.13,Mature,7.0,0.331,2019
2019-09-10,Shiningbank Lake,Lake,Walleye,Male,416.0,441.0,0.856,Mature,6.0,0.262,2019
2019-09-10,Shiningbank Lake,Lake,Walleye,Female,456.0,492.0,1.17,Mature,7.0,0.259,2019
2019-09-10,Shiningbank Lake,Lake,Walleye,Female,526.0,557.0,1.45,Mature,20.0,0.827,2019
2019-09-10,Shiningbank Lake,Lake,Walleye,Female,445.0,474.0,1.09,Mature,5.0,0.14,2019
2019-09-10,Shiningbank Lake,Lake,Walleye,Male,429.0,457.0,0.986,Mature,8.0,0.5,2019
2019-09-10,Shiningbank Lake,Lake,Walleye,Female,469.0,497.0,1.09,Mature,5.0,0.212,2019
2019-09-10,Shiningbank Lake,Lake,Walleye,Male,435.0,464.0,0.934,Mature,7.0,0.292,2019
2019-09-10,Shiningbank Lake,Lake,Walleye,Female,575.0,606.0,2.34,Mature,12.0,0.65,2019
2019-09-10,Shiningbank Lake,Lake,Walleye,Male,468.0,496.0,1.155,Mature,11.0,0.74,2019
2019-09-10,Shiningbank Lake,Lake,Walleye,Female,542.0,574.0,1.705,Mature,11.0,0.684,2019
2019-09-10,Shiningbank Lake,Lake,Walleye,Male,473.0,501.0,1.175,Mature,12.0,0.774,2019
2019-09-10,Shiningbank Lake,Lake,Walleye,Male,476.0,508.0,1.135,Mature,22.0,0.997,2019
2019-09-10,Shiningbank Lake,Lake,Walleye,Female,500.0,531.0,1.45,Mature,10.0,0.726,2019
2019-09-10,Shiningbank Lake,Lake,Walleye,Female,469.0,494.0,1.21,Mature,7.0,0.307,2019
2019-09-10,Shiningbank Lake,Lake,Walleye,Male,437.0,467.0,1.005,Mature,9.0,0.568,2019
2019-09-10,Shiningbank Lake,Lake,Walleye,Male,456.0,484.0,1.075,Mature,16.0,0.875,2019
2019-09-10,Shiningbank Lake,Lake,Walleye,Male,442.0,474.0,1.02,Mature,6.0,0.388,2019
2019-09-10,Shiningbank Lake,Lake,Walleye,Male,458.0,489.0,1.15,Mature,9.0,0.604,2019
2019-09-10,Shiningbank Lake,Lake,Walleye,Male,456.0,487.0,1.115,Mature,11.0,0.624,2019
2019-09-10,Shiningbank Lake,Lake,Walleye,Female,491.0,520.0,1.365,Mature,11.0,0.628,2019
2019-09-10,Shiningbank Lake,Lake,Walleye,Male,439.0,467.0,1.055,Mature,10.0,0.627,2019
2019-09-10,Shiningbank Lake,Lake,Walleye,Female,468.0,499.0,1.08,Mature,7.0,0.293,2019
2019-09-10,Shiningbank Lake,Lake,Walleye,Male,461.0,492.0,1.05,Mature,10.0,0.568,2019
2019-09-10,Shiningbank Lake,Lake,Walleye,Female,458.0,487.0,1.115,Mature,6.0,0.248,2019
2019-09-10,Shiningbank Lake,Lake,Walleye,Female,506.0,537.0,1.365,Mature,9.0,0.553,2019
2019-09-10,Shiningbank Lake,Lake,Walleye,Female,562.0,593.0,1.96,Mature,12.0,0.715,2019
2019-09-10,Shiningbank Lake,Lake,Yellow Perch,Female,316.0,331.0,0.552,Mature,8.0,0.127,2019
2019-09-10,Shiningbank Lake,Lake,Yellow Perch,Male,279.0,291.0,0.382,Mature,7.0,0.115,2019
2019-09-10,Shiningbank Lake,Lake,Yellow Perch,Male,277.0,292.0,0.41,Mature,7.0,0.141,2019
2019-09-10,Shiningbank Lake,Lake,Yellow Perch,Female,293.0,303.0,0.446,Mature,5.0,0.104,2019
2019-09-10,Shiningbank Lake,Lake,Yellow Perch,Female,288.0,303.0,0.402,Mature,5.0,0.093,2019
2019-09-10,Shiningbank Lake,Lake,Yellow Perch,Female,253.0,264.0,0.272,Mature,4.0,0.067,2019
2019-09-10,Shiningbank Lake,Lake,Yellow Perch,Female,307.0,320.0,0.486,Mature,8.0,0.126,2019
2019-09-10,Shiningbank Lake,Lake,Yellow Perch,Male,240.0,250.0,0.234,Mature,4.0,0.057,2019
2019-09-10,Shiningbank Lake,Lake,Yellow Perch,Female,242.0,252.0,0.25,Mature,4.0,0.05,2019
2019-09-11,Shiningbank Lake,Lake,Yellow Perch,Female,320.0,332.0,0.57,Mature,7.0,0.087,2019
2019-09-11,Shiningbank Lake,Lake,Yellow Perch,Male,241.0,253.0,0.236,Mature,4.0,0.074,2019
2019-09-11,Shiningbank Lake,Lake,Yellow Perch,Male,222.0,230.0,0.164,Mature,4.0,0.062,2019
2019-09-11,Shiningbank Lake,Lake,Yellow Perch,Female,236.0,246.0,0.232,Mature,4.0,0.048,2019
2019-09-11,Shiningbank Lake,Lake,Yellow Perch,Male,244.0,255.0,0.272,Mature,4.0,0.054,2019
2019-09-11,Shiningbank Lake,Lake,Yellow Perch,Male,233.0,245.0,0.21,Mature,7.0,0.074,2019
2019-09-11,Shiningbank Lake,Lake,Yellow Perch,Female,319.0,331.0,0.546,Mature,7.0,0.113,2019
2019-09-11,Shiningbank Lake,Lake,Yellow Perch,Male,261.0,273.0,0.3,Mature,6.0,0.107,2019
2015-09-22,Skeleton Lake,Lake,Lake Whitefish,Female,,580.0,2.154,Mature,20.0,0.02,2015
2015-09-22,Skeleton Lake,Lake,Lake Whitefish,Male,,560.0,2.073,Mature,19.0,0.017,2015
2015-09-22,Skeleton Lake,Lake,Lake Whitefish,Male,,559.0,1.711,Mature,25.0,0.005,2015
2015-09-22,Skeleton Lake,Lake,Lake Whitefish,Male,,522.0,1.504,Mature,20.0,0.007,2015
2015-09-22,Skeleton Lake,Lake,Lake Whitefish,Male,,547.0,1.695,Mature,23.0,0.01,2015
2015-09-23,Skeleton Lake,Lake,Lake Whitefish,Male,,565.0,1.858,Mature,22.0,0.027,2015
2015-09-23,Skeleton Lake,Lake,Lake Whitefish,Male,,565.0,1.888,Mature,20.0,0.006,2015
2015-09-23,Skeleton Lake,Lake,Lake Whitefish,Male,,568.0,1.865,Mature,23.0,0.011,2015
2015-09-23,Skeleton Lake,Lake,Lake Whitefish,Male,,457.0,0.943,Mature,14.0,0.05,2015
2015-09-23,Skeleton Lake,Lake,Lake Whitefish,Female,,510.0,1.459,Mature,7.0,0.013,2015
2015-09-23,Skeleton Lake,Lake,Lake Whitefish,Female,,555.0,1.774,Mature,32.0,0.017,2015
2015-09-23,Skeleton Lake,Lake,Lake Whitefish,Male,,490.0,1.077,Mature,,0.076,2015
2010-09-13,Skeleton Lake,Lake,Northern Pike,Male,482.0,513.0,0.725,Mature,6.0,0.244,2010
2010-09-13,Skeleton Lake,Lake,Northern Pike,Female,527.0,563.0,1.24,Mature,4.0,0.077,2010
2010-09-13,Skeleton Lake,Lake,Northern Pike,Male,412.0,443.0,0.56,Mature,3.0,0.059,2010
2010-09-13,Skeleton Lake,Lake,Northern Pike,Female,565.0,607.0,1.28,Mature,7.0,0.115,2010
2010-09-13,Skeleton Lake,Lake,Northern Pike,Male,457.0,486.0,0.68,Mature,5.0,0.098,2010
2010-09-13,Skeleton Lake,Lake,Northern Pike,Male,507.0,544.0,0.99,Mature,6.0,0.102,2010
2010-09-13,Skeleton Lake,Lake,Northern Pike,Female,506.0,538.0,0.85,Mature,6.0,0.073,2010
2010-09-14,Skeleton Lake,Lake,Northern Pike,Male,482.0,518.0,0.75,Mature,4.0,0.064,2010
2010-09-14,Skeleton Lake,Lake,Northern Pike,Male,520.0,548.0,0.7,Mature,6.0,0.291,2010
2015-09-22,Skeleton Lake,Lake,Northern Pike,Female,,533.0,0.967,Mature,3.0,0.059,2015
2015-09-22,Skeleton Lake,Lake,Northern Pike,Female,,593.0,1.147,Mature,5.0,0.111,2015
2015-09-22,Skeleton Lake,Lake,Northern Pike,Male,,538.0,0.927,Mature,5.0,0.115,2015
2015-09-22,Skeleton Lake,Lake,Northern Pike,Female,,555.0,1.038,Mature,5.0,0.105,2015
2015-09-22,Skeleton Lake,Lake,Northern Pike,Male,,480.0,0.676,Mature,3.0,0.061,2015
2015-09-22,Skeleton Lake,Lake,Northern Pike,Female,,545.0,0.985,Mature,3.0,0.056,2015
2015-09-22,Skeleton Lake,Lake,Northern Pike,Male,,455.0,0.615,Mature,3.0,0.057,2015
2015-09-22,Skeleton Lake,Lake,Northern Pike,Male,,495.0,0.841,Mature,4.0,0.084,2015
2015-09-22,Skeleton Lake,Lake,Northern Pike,Male,,486.0,0.657,Mature,3.0,0.134,2015
2015-09-22,Skeleton Lake,Lake,Northern Pike,Male,,487.0,0.714,Mature,3.0,0.047,2015
2015-09-22,Skeleton Lake,Lake,Northern Pike,Female,,610.0,1.2,Mature,6.0,0.156,2015
2015-09-23,Skeleton Lake,Lake,Northern Pike,Female,,741.0,2.544,Mature,6.0,0.268,2015
2015-09-23,Skeleton Lake,Lake,Northern Pike,Female,,603.0,1.275,Mature,6.0,0.121,2015
2010-09-13,Skeleton Lake,Lake,Walleye,Female,614.0,642.0,2.65,Mature,12.0,0.163,2010
2010-09-13,Skeleton Lake,Lake,Walleye,Male,527.0,554.0,1.925,Mature,12.0,0.329,2010
2010-09-14,Skeleton Lake,Lake,Walleye,Female,544.0,570.0,2.04,Mature,12.0,0.177,2010
2010-09-14,Skeleton Lake,Lake,Walleye,Female,490.0,514.0,1.225,Mature,6.0,0.095,2010
2010-09-14,Skeleton Lake,Lake,Walleye,Female,566.0,594.0,1.76,Immature,12.0,0.238,2010
2010-09-14,Skeleton Lake,Lake,Walleye,Male,579.0,604.0,1.95,Mature,13.0,0.174,2010
2010-09-14,Skeleton Lake,Lake,Walleye,Male,330.0,351.0,0.4,Immature,2.0,0.039,2010
2010-09-14,Skeleton Lake,Lake,Walleye,Female,350.0,370.0,0.5,Immature,,0.052,2010
2010-09-14,Skeleton Lake,Lake,Walleye,Male,460.0,487.0,1.14,Mature,4.0,0.062,2010
2015-09-22,Skeleton Lake,Lake,Walleye,Male,,575.0,1.626,Mature,17.0,0.371,2015
2015-09-22,Skeleton Lake,Lake,Walleye,Male,,657.0,2.81,Mature,17.0,0.241,2015
2015-09-22,Skeleton Lake,Lake,Walleye,Male,,612.0,1.871,Mature,17.0,0.321,2015
2015-09-22,Skeleton Lake,Lake,Walleye,Male,,444.0,0.923,Mature,3.0,0.063,2015
2015-09-22,Skeleton Lake,Lake,Walleye,Male,,578.0,1.886,Mature,17.0,0.274,2015
2015-09-22,Skeleton Lake,Lake,Walleye,Male,,582.0,1.853,Mature,10.0,0.161,2015
2015-09-22,Skeleton Lake,Lake,Walleye,Male,,516.0,1.475,Mature,9.0,0.143,2015
2015-09-22,Skeleton Lake,Lake,Walleye,Male,,546.0,1.653,Mature,8.0,0.129,2015
2015-09-22,Skeleton Lake,Lake,Walleye,Male,,495.0,1.226,Mature,17.0,0.289,2015
2015-09-22,Skeleton Lake,Lake,Walleye,Female,,624.0,2.227,Mature,8.0,0.176,2015
2015-09-22,Skeleton Lake,Lake,Walleye,Male,,615.0,2.379,Mature,17.0,0.263,2015
2015-09-22,Skeleton Lake,Lake,Walleye,Female,,475.0,0.974,Immature,3.0,0.084,2015
2015-09-22,Skeleton Lake,Lake,Walleye,Female,,444.0,0.827,Immature,3.0,0.055,2015
2015-09-22,Skeleton Lake,Lake,Walleye,Unknown,,,,Unknown,,0.181,2015
2015-09-23,Skeleton Lake,Lake,Walleye,Female,,442.0,0.835,Immature,3.0,0.062,2015
2015-09-23,Skeleton Lake,Lake,Walleye,Female,,425.0,0.943,Immature,3.0,0.067,2015
2015-09-23,Skeleton Lake,Lake,Walleye,Female,,377.0,0.526,Immature,2.0,0.051,2015
2015-09-23,Skeleton Lake,Lake,Walleye,Female,,670.0,3.377,Mature,11.0,0.4,2015
2020-09-09,Smoke Lake,Lake,Walleye,Male,373.0,400.0,0.565,Mature,8.0,0.317,2020
2020-09-09,Smoke Lake,Lake,Walleye,Female,430.0,461.0,0.68,Mature,10.0,0.465,2020
2020-09-09,Smoke Lake,Lake,Walleye,Female,399.0,433.0,0.645,Mature,13.0,0.77,2020
2020-09-09,Smoke Lake,Lake,Walleye,Male,382.0,410.0,0.57,Mature,11.0,0.48,2020
2020-09-09,Smoke Lake,Lake,Walleye,Female,392.0,421.0,0.595,Mature,7.0,0.342,2020
2020-09-09,Smoke Lake,Lake,Walleye,Female,391.0,415.0,0.58,Mature,7.0,0.439,2020
2020-09-09,Smoke Lake,Lake,Walleye,Female,387.0,416.0,0.565,Immature,,0.396,2020
2020-09-09,Smoke Lake,Lake,Walleye,Female,444.0,473.0,0.825,Mature,11.0,0.489,2020
2020-09-09,Smoke Lake,Lake,Walleye,Male,375.0,401.0,0.59,Mature,6.0,0.316,2020
2020-09-09,Smoke Lake,Lake,Walleye,Female,418.0,451.0,0.665,Immature,10.0,0.495,2020
2020-09-09,Smoke Lake,Lake,Walleye,Male,365.0,385.0,0.525,Mature,6.0,0.344,2020
2020-09-09,Smoke Lake,Lake,Walleye,Male,361.0,387.0,0.49,Mature,8.0,0.314,2020
2020-09-09,Smoke Lake,Lake,Walleye,Male,357.0,379.0,0.485,Mature,6.0,0.335,2020
2020-09-09,Smoke Lake,Lake,Walleye,Male,380.0,402.0,0.57,Mature,7.0,0.355,2020
2020-09-09,Smoke Lake,Lake,Walleye,Female,382.0,411.0,0.585,Mature,7.0,0.338,2020
2020-09-09,Smoke Lake,Lake,Walleye,Male,396.0,422.0,0.63,Mature,12.0,0.763,2020
2020-09-09,Smoke Lake,Lake,Walleye,Male,410.0,437.0,0.675,Mature,12.0,0.499,2020
2020-09-09,Smoke Lake,Lake,Walleye,Female,375.0,400.0,0.555,Immature,6.0,0.29,2020
2020-09-09,Smoke Lake,Lake,Walleye,Female,378.0,402.0,0.545,Mature,6.0,0.315,2020
2020-09-09,Smoke Lake,Lake,Walleye,Male,411.0,437.0,0.74,Mature,14.0,0.63,2020
2020-09-09,Smoke Lake,Lake,Walleye,Female,410.0,440.0,0.625,Mature,7.0,0.461,2020
2020-09-03,Snipe Lake,Lake,Lake Whitefish,Male,465.0,524.0,1.285,Mature,,0.02,2020
2020-09-03,Snipe Lake,Lake,Lake Whitefish,Male,445.0,513.0,1.23,Mature,,0.027,2020
2020-09-03,Snipe Lake,Lake,Lake Whitefish,Female,475.0,529.0,1.085,Mature,,0.02,2020
2020-09-03,Snipe Lake,Lake,Lake Whitefish,Female,502.0,556.0,1.355,Mature,,0.023,2020
2020-09-03,Snipe Lake,Lake,Lake Whitefish,Male,341.0,385.0,0.54,Mature,2.0,0.011,2020
2020-09-03,Snipe Lake,Lake,Lake Whitefish,Male,376.0,421.0,0.73,Mature,3.0,0.01,2020
2020-09-03,Snipe Lake,Lake,Lake Whitefish,Female,340.0,371.0,0.51,Mature,,0.008,2020
2020-09-03,Snipe Lake,Lake,Lake Whitefish,Male,340.0,381.0,0.52,Mature,2.0,0.009,2020
2020-09-03,Snipe Lake,Lake,Lake Whitefish,Male,322.0,369.0,0.44,Mature,4.0,0.011,2020
2020-09-03,Snipe Lake,Lake,Lake Whitefish,Female,490.0,550.0,1.18,Mature,16.0,0.035,2020
2020-09-03,Snipe Lake,Lake,Lake Whitefish,Male,440.0,500.0,1.22,Mature,18.0,0.018,2020
2020-09-03,Snipe Lake,Lake,Lake Whitefish,Male,451.0,505.0,1.165,Mature,12.0,0.033,2020
2020-09-03,Snipe Lake,Lake,Lake Whitefish,Female,441.0,502.0,0.995,Mature,16.0,0.028,2020
2020-09-03,Snipe Lake,Lake,Lake Whitefish,Female,352.0,403.0,0.58,Immature,,0.011,2020
2020-09-03,Snipe Lake,Lake,Lake Whitefish,Female,465.0,537.0,1.17,Mature,13.0,0.051,2020
2020-09-03,Snipe Lake,Lake,Lake Whitefish,Female,509.0,575.0,1.545,Mature,11.0,0.035,2020
2020-09-03,Snipe Lake,Lake,Lake Whitefish,Male,462.0,530.0,1.08,Mature,21.0,0.026,2020
2020-09-03,Snipe Lake,Lake,Lake Whitefish,Male,461.0,520.0,1.07,Mature,14.0,0.023,2020
2020-09-03,Snipe Lake,Lake,Lake Whitefish,Female,325.0,366.0,0.49,Immature,3.0,0.013,2020
2010-09-16,Snipe Lake,Lake,Northern Pike,Female,998.0,1053.0,8.615,Mature,12.0,0.144,2010
2010-09-16,Snipe Lake,Lake,Northern Pike,Unknown,,805.0,3.155,Unknown,,0.049,2010
2010-09-16,Snipe Lake,Lake,Northern Pike,Female,,710.0,2.045,Unknown,,0.029,2010
2010-09-16,Snipe Lake,Lake,Northern Pike,Female,534.0,570.0,1.065,Mature,3.0,0.02,2010
2010-09-16,Snipe Lake,Lake,Northern Pike,Female,855.0,898.0,3.845,Mature,9.0,0.105,2010
2010-09-16,Snipe Lake,Lake,Northern Pike,Unknown,,895.0,4.775,Unknown,,0.057,2010
2010-09-16,Snipe Lake,Lake,Northern Pike,Unknown,,760.0,2.41,Unknown,,0.058,2010
2010-09-16,Snipe Lake,Lake,Northern Pike,Female,570.0,608.0,1.365,Mature,4.0,0.023,2010
2010-09-16,Snipe Lake,Lake,Northern Pike,Female,583.0,618.0,1.245,Mature,3.0,0.024,2010
2010-09-16,Snipe Lake,Lake,Northern Pike,Male,532.0,565.0,1.165,Mature,3.0,0.023,2010
2020-09-03,Snipe Lake,Lake,Northern Pike,Female,603.0,639.0,1.535,Mature,5.0,0.032,2020
2020-09-03,Snipe Lake,Lake,Northern Pike,Female,550.0,589.0,1.305,Mature,4.0,0.036,2020
2020-09-03,Snipe Lake,Lake,Northern Pike,Female,565.0,593.0,1.33,Mature,4.0,0.035,2020
2020-09-03,Snipe Lake,Lake,Northern Pike,Female,765.0,801.0,3.6,Mature,8.0,0.066,2020
2020-09-03,Snipe Lake,Lake,Northern Pike,Female,690.0,731.0,2.305,Mature,7.0,0.076,2020
2020-09-03,Snipe Lake,Lake,Northern Pike,Female,540.0,568.0,1.09,Mature,4.0,0.037,2020
2020-09-03,Snipe Lake,Lake,Northern Pike,Male,555.0,585.0,1.32,Mature,5.0,0.07,2020
2020-09-03,Snipe Lake,Lake,Northern Pike,Male,490.0,521.0,0.97,Mature,4.0,0.034,2020
2020-09-03,Snipe Lake,Lake,Northern Pike,Male,625.0,665.0,2.035,Mature,6.0,0.072,2020
2020-09-03,Snipe Lake,Lake,Northern Pike,Male,592.0,633.0,1.72,Mature,5.0,0.076,2020
2020-09-03,Snipe Lake,Lake,Northern Pike,Female,637.0,676.0,1.765,Mature,6.0,0.051,2020
2020-09-03,Snipe Lake,Lake,Northern Pike,Female,566.0,605.0,1.315,Mature,5.0,0.039,2020
2020-09-03,Snipe Lake,Lake,Northern Pike,Male,442.0,468.0,0.685,Mature,4.0,0.036,2020
2020-09-03,Snipe Lake,Lake,Northern Pike,Male,570.0,602.0,1.25,Mature,4.0,0.087,2020
2020-09-03,Snipe Lake,Lake,Northern Pike,Female,442.0,470.0,0.58,Mature,3.0,0.031,2020
2020-09-03,Snipe Lake,Lake,Northern Pike,Female,595.0,637.0,1.56,Mature,5.0,0.08,2020
2020-09-03,Snipe Lake,Lake,Northern Pike,Female,644.0,683.0,1.905,Mature,6.0,0.076,2020
2020-09-03,Snipe Lake,Lake,Northern Pike,Female,577.0,610.0,1.45,Mature,5.0,0.042,2020
2020-09-03,Snipe Lake,Lake,Northern Pike,Female,605.0,641.0,1.4,Mature,6.0,0.108,2020
2020-09-03,Snipe Lake,Lake,Northern Pike,Female,740.0,801.0,2.58,Mature,7.0,0.055,2020
2020-09-03,Snipe Lake,Lake,Northern Pike,Female,830.0,865.0,5.26,Mature,8.0,0.109,2020
2010-09-15,Snipe Lake,Lake,Walleye,Female,650.0,685.0,3.46,Mature,9.0,0.101,2010
2010-09-16,Snipe Lake,Lake,Walleye,Female,,467.0,1.055,Unknown,,0.023,2010
2010-09-16,Snipe Lake,Lake,Walleye,Male,,605.0,2.48,Unknown,,0.048,2010
2010-09-16,Snipe Lake,Lake,Walleye,Male,,585.0,2.145,Unknown,,0.049,2010
2010-09-16,Snipe Lake,Lake,Walleye,Female,610.0,641.0,2.685,Mature,7.0,0.055,2010
2010-09-16,Snipe Lake,Lake,Walleye,Female,431.0,452.0,1.145,Immature,3.0,0.016,2010
2010-09-16,Snipe Lake,Lake,Walleye,Female,422.0,442.0,0.995,Immature,3.0,0.019,2010
2010-09-16,Snipe Lake,Lake,Walleye,Male,410.0,432.0,0.945,Mature,3.0,0.019,2010
2010-09-16,Snipe Lake,Lake,Walleye,Male,442.0,466.0,1.13,Mature,3.0,0.021,2010
2010-09-16,Snipe Lake,Lake,Walleye,Female,602.0,634.0,2.42,Mature,8.0,0.073,2010
2020-09-03,Snipe Lake,Lake,Walleye,Female,611.0,641.0,3.06,Mature,7.0,0.1,2020
2020-09-03,Snipe Lake,Lake,Walleye,Female,587.0,611.0,2.83,Mature,7.0,0.086,2020
2020-09-03,Snipe Lake,Lake,Walleye,Male,468.0,490.0,1.475,Mature,5.0,0.053,2020
2020-09-03,Snipe Lake,Lake,Walleye,Male,485.0,515.0,1.355,Mature,4.0,0.065,2020
2020-09-03,Snipe Lake,Lake,Walleye,Male,497.0,526.0,1.49,Mature,4.0,0.048,2020
2020-09-03,Snipe Lake,Lake,Walleye,Male,535.0,564.0,1.95,Mature,8.0,0.095,2020
2020-09-03,Snipe Lake,Lake,Walleye,Female,483.0,511.0,1.375,Mature,5.0,0.053,2020
2020-09-03,Snipe Lake,Lake,Walleye,Male,396.0,420.0,0.79,Mature,3.0,0.041,2020
2020-09-03,Snipe Lake,Lake,Walleye,Male,420.0,442.0,0.88,Mature,3.0,0.036,2020
2020-09-03,Snipe Lake,Lake,Walleye,Female,571.0,596.0,2.11,Mature,6.0,0.076,2020
2020-09-03,Snipe Lake,Lake,Walleye,Male,420.0,445.0,0.89,Mature,3.0,0.035,2020
2020-09-03,Snipe Lake,Lake,Walleye,Male,620.0,650.0,3.06,Mature,10.0,0.118,2020
2020-09-03,Snipe Lake,Lake,Walleye,Male,550.0,571.0,2.01,Mature,6.0,0.056,2020
2020-09-03,Snipe Lake,Lake,Walleye,Male,542.0,575.0,1.9,Mature,8.0,0.083,2020
2020-09-03,Snipe Lake,Lake,Walleye,Female,570.0,596.0,2.475,Mature,7.0,0.065,2020
2020-09-03,Snipe Lake,Lake,Walleye,Male,529.0,556.0,2.24,Mature,6.0,0.057,2020
2020-09-03,Snipe Lake,Lake,Walleye,Female,410.0,432.0,0.84,Immature,3.0,0.04,2020
2020-09-03,Snipe Lake,Lake,Walleye,Male,407.0,431.0,0.925,Mature,3.0,0.048,2020
2020-09-03,Snipe Lake,Lake,Walleye,Male,415.0,440.0,0.855,Mature,3.0,0.048,2020
2020-09-03,Snipe Lake,Lake,Walleye,Female,520.0,546.0,1.73,Mature,6.0,0.074,2020
2020-09-03,Snipe Lake,Lake,Walleye,Male,564.0,595.0,2.285,Mature,6.0,0.086,2020
2017-08-23,Soar's Lake,Lake,Northern Pike,Female,599.0,636.0,1.3,Mature,6.0,0.71,2017
2017-08-23,Soar's Lake,Lake,Northern Pike,Male,611.0,646.0,1.35,Mature,7.0,0.863,2017
2017-08-23,Soar's Lake,Lake,Northern Pike,Female,604.0,637.0,1.5,Mature,5.0,0.329,2017
2017-08-24,Soar's Lake,Lake,Northern Pike,Female,585.0,630.0,1.1,Mature,6.0,0.439,2017
2017-08-24,Soar's Lake,Lake,Northern Pike,Female,680.0,721.0,1.75,Mature,8.0,0.621,2017
2017-08-25,Soar's Lake,Lake,Northern Pike,Female,608.0,643.0,1.35,Mature,7.0,0.629,2017
2006-10-18,South Saskatchewan River (at Bindloss Ferry),River,Goldeye,Unknown,360.0,389.0,0.531,Unknown,,0.669,2006
2006-10-18,South Saskatchewan River (at Bindloss Ferry),River,Goldeye,Unknown,375.0,403.0,0.682,Unknown,,0.397,2006
2006-10-18,South Saskatchewan River (at Bindloss Ferry),River,Goldeye,Unknown,369.0,401.0,0.626,Unknown,,0.63,2006
2006-10-18,South Saskatchewan River (at Bindloss Ferry),River,Goldeye,Unknown,375.0,407.0,0.646,Unknown,,0.566,2006
2006-10-18,South Saskatchewan River (at Bindloss Ferry),River,Goldeye,Unknown,363.0,399.0,0.617,Unknown,,0.792,2006
2006-10-18,South Saskatchewan River (at Bindloss Ferry),River,Goldeye,Unknown,380.0,414.0,0.663,Unknown,,0.53,2006
2006-10-18,South Saskatchewan River (at Bindloss Ferry),River,Goldeye,Unknown,327.0,358.0,0.396,Unknown,,0.421,2006
2006-10-18,South Saskatchewan River (at Bindloss Ferry),River,Goldeye,Unknown,326.0,359.0,0.424,Unknown,,0.387,2006
2006-10-18,South Saskatchewan River (at Bindloss Ferry),River,Goldeye,Unknown,335.0,372.0,0.431,Unknown,,0.291,2006
2006-10-18,South Saskatchewan River (at Bindloss Ferry),River,Goldeye,Unknown,349.0,382.0,0.488,Unknown,,0.442,2006
2006-10-18,South Saskatchewan River (at Bindloss Ferry),River,Lake Whitefish,Unknown,392.0,440.0,0.707,Unknown,,0.283,2006
2006-10-18,South Saskatchewan River (at Bindloss Ferry),River,Lake Whitefish,Unknown,379.0,435.0,0.752,Unknown,,0.158,2006
2006-10-18,South Saskatchewan River (at Bindloss Ferry),River,Lake Whitefish,Unknown,395.0,449.0,0.747,Unknown,,0.067,2006
2006-10-18,South Saskatchewan River (at Bindloss Ferry),River,Lake Whitefish,Unknown,378.0,428.0,0.811,Unknown,,0.134,2006
2006-10-18,South Saskatchewan River (at Bindloss Ferry),River,Lake Whitefish,Unknown,375.0,425.0,0.746,Unknown,,0.139,2006
2006-10-18,South Saskatchewan River (at Bindloss Ferry),River,Lake Whitefish,Unknown,367.0,425.0,0.691,Unknown,,0.102,2006
2006-10-18,South Saskatchewan River (at Bindloss Ferry),River,Lake Whitefish,Unknown,375.0,429.0,0.714,Unknown,,0.082,2006
2006-10-18,South Saskatchewan River (at Bindloss Ferry),River,Lake Whitefish,Unknown,389.0,445.0,0.791,Unknown,,0.149,2006
2006-10-18,South Saskatchewan River (at Bindloss Ferry),River,Lake Whitefish,Unknown,366.0,418.0,0.611,Unknown,,0.091,2006
2006-10-18,South Saskatchewan River (at Bindloss Ferry),River,Lake Whitefish,Unknown,390.0,444.0,0.801,Unknown,,0.135,2006
2006-10-18,South Saskatchewan River (at Bindloss Ferry),River,Sauger,Unknown,392.0,411.0,0.614,Unknown,,0.634,2006
2006-10-18,South Saskatchewan River (at Bindloss Ferry),River,Sauger,Unknown,418.0,438.0,0.66,Unknown,,1.122,2006
2006-10-18,South Saskatchewan River (at Bindloss Ferry),River,Sauger,Unknown,341.0,359.0,0.358,Unknown,,0.925,2006
2006-10-18,South Saskatchewan River (at Bindloss Ferry),River,Sauger,Unknown,331.0,352.0,0.338,Unknown,,1.255,2006
2006-10-18,South Saskatchewan River (at Bindloss Ferry),River,Sauger,Unknown,330.0,350.0,0.332,Unknown,,1.008,2006
2006-10-18,South Saskatchewan River (at Bindloss Ferry),River,Sauger,Unknown,311.0,330.0,0.28,Unknown,,0.649,2006
2006-10-18,South Saskatchewan River (at Bindloss Ferry),River,White Sucker,Unknown,447.0,478.0,1.141,Unknown,,0.568,2006
2006-10-18,South Saskatchewan River (at Bindloss Ferry),River,White Sucker,Unknown,434.0,464.0,1.072,Unknown,,0.261,2006
2006-10-18,South Saskatchewan River (at Bindloss Ferry),River,White Sucker,Unknown,415.0,447.0,0.995,Unknown,,0.373,2006
2006-10-18,South Saskatchewan River (at Bindloss Ferry),River,White Sucker,Unknown,426.0,460.0,1.262,Unknown,,0.278,2006
2006-10-18,South Saskatchewan River (at Bindloss Ferry),River,White Sucker,Unknown,439.0,476.0,1.27,Unknown,,0.392,2006
2006-10-18,South Saskatchewan River (at Bindloss Ferry),River,White Sucker,Unknown,321.0,343.0,0.459,Unknown,,0.157,2006
2006-10-18,South Saskatchewan River (at Bindloss Ferry),River,White Sucker,Unknown,385.0,420.0,0.975,Unknown,,0.103,2006
2006-10-18,South Saskatchewan River (at Bindloss Ferry),River,White Sucker,Unknown,386.0,414.0,0.948,Unknown,,0.116,2006
2006-10-18,South Saskatchewan River (at Bindloss Ferry),River,White Sucker,Unknown,430.0,470.0,1.283,Unknown,,0.371,2006
2006-10-18,South Saskatchewan River (at Bindloss Ferry),River,White Sucker,Unknown,446.0,485.0,1.196,Unknown,,0.305,2006
2006-10-17,South Saskatchewan River (at Medicine Hat),River,Northern Pike,Unknown,319.0,337.0,0.23,Unknown,,0.09,2006
2006-10-17,South Saskatchewan River (at Medicine Hat),River,Northern Pike,Unknown,549.0,580.0,1.351,Unknown,,0.219,2006
2006-10-17,South Saskatchewan River (at Medicine Hat),River,Northern Pike,Unknown,677.0,718.0,2.2,Unknown,,0.278,2006
2006-10-17,South Saskatchewan River (at Medicine Hat),River,Northern Pike,Unknown,743.0,783.0,3.5,Unknown,,0.386,2006
2006-10-17,South Saskatchewan River (at Medicine Hat),River,Northern Pike,Unknown,317.0,335.0,0.213,Unknown,,0.151,2006
2006-10-17,South Saskatchewan River (at Medicine Hat),River,Northern Pike,Unknown,345.0,366.0,0.281,Unknown,,0.068,2006
2006-10-17,South Saskatchewan River (at Medicine Hat),River,Northern Pike,Unknown,647.0,685.0,1.8,Unknown,,0.423,2006
2006-10-17,South Saskatchewan River (at Medicine Hat),River,Northern Pike,Unknown,694.0,732.0,2.3,Unknown,,0.589,2006
2006-10-19,South Saskatchewan River (at Medicine Hat),River,Northern Pike,Unknown,891.0,938.0,6.1,Unknown,,1.035,2006
2006-10-19,South Saskatchewan River (at Medicine Hat),River,Northern Pike,Unknown,665.0,701.0,2.4,Unknown,,0.428,2006
2006-10-19,South Saskatchewan River (at Medicine Hat),River,Northern Pike,Unknown,577.0,612.0,1.286,Unknown,,0.289,2006
2006-10-19,South Saskatchewan River (at Medicine Hat),River,Northern Pike,Unknown,497.0,526.0,0.889,Unknown,,0.196,2006
2006-10-17,South Saskatchewan River (at Medicine Hat),River,Sauger,Unknown,440.0,465.0,0.962,Unknown,,0.67,2006
2006-10-17,South Saskatchewan River (at Medicine Hat),River,Sauger,Unknown,491.0,516.0,1.289,Unknown,,0.477,2006
2006-10-17,South Saskatchewan River (at Medicine Hat),River,Sauger,Unknown,373.0,395.0,0.487,Unknown,,0.859,2006
2006-10-17,South Saskatchewan River (at Medicine Hat),River,Sauger,Unknown,375.0,397.0,0.483,Unknown,,0.495,2006
2006-10-17,South Saskatchewan River (at Medicine Hat),River,Sauger,Unknown,359.0,381.0,0.441,Unknown,,0.557,2006
2006-10-17,South Saskatchewan River (at Medicine Hat),River,Sauger,Unknown,393.0,417.0,0.6,Unknown,,0.57,2006
2006-10-17,South Saskatchewan River (at Medicine Hat),River,Sauger,Unknown,443.0,467.0,0.93,Unknown,,0.545,2006
2006-10-17,South Saskatchewan River (at Medicine Hat),River,Sauger,Unknown,398.0,421.0,0.648,Unknown,,0.705,2006
2006-10-17,South Saskatchewan River (at Medicine Hat),River,Sauger,Unknown,414.0,434.0,0.782,Unknown,,0.739,2006
2006-10-17,South Saskatchewan River (at Medicine Hat),River,Walleye,Unknown,362.0,382.0,0.493,Unknown,,0.355,2006
2006-10-17,South Saskatchewan River (at Medicine Hat),River,Walleye,Unknown,393.0,416.0,0.615,Unknown,,0.359,2006
2006-10-17,South Saskatchewan River (at Medicine Hat),River,Walleye,Unknown,431.0,454.0,0.803,Unknown,,0.385,2006
2006-10-17,South Saskatchewan River (at Medicine Hat),River,Walleye,Unknown,471.0,500.0,1.121,Unknown,,0.791,2006
2006-10-17,South Saskatchewan River (at Medicine Hat),River,Walleye,Unknown,588.0,622.0,2.2,Unknown,,0.92,2006
2006-10-17,South Saskatchewan River (at Medicine Hat),River,Walleye,Unknown,459.0,483.0,0.913,Unknown,,0.458,2006
2006-10-17,South Saskatchewan River (at Medicine Hat),River,Walleye,Unknown,435.0,463.0,0.561,Unknown,,1.159,2006
2006-10-17,South Saskatchewan River (at Medicine Hat),River,Walleye,Unknown,398.0,419.0,0.596,Unknown,,0.669,2006
2006-10-17,South Saskatchewan River (at Medicine Hat),River,Walleye,Unknown,447.0,472.0,0.991,Unknown,,1.127,2006
2006-10-17,South Saskatchewan River (at Medicine Hat),River,Walleye,Unknown,437.0,463.0,0.796,Unknown,,0.402,2006
2006-10-17,South Saskatchewan River (at Medicine Hat),River,Walleye,Unknown,,,,Unknown,,0.647,2006
2006-10-17,South Saskatchewan River (at Medicine Hat),River,Walleye,Unknown,,,,Unknown,,0.351,2006
2006-10-17,South Saskatchewan River (at Medicine Hat),River,Walleye,Unknown,,,,Unknown,,0.374,2006
2006-10-17,South Saskatchewan River (at Medicine Hat),River,Walleye,Unknown,,436.0,0.694,Unknown,,0.528,2006
2018-06-27,Square Lake,Lake,Northern Pike,Male,691.0,734.0,2.45,Mature,,0.461,2018
2018-06-27,Square Lake,Lake,Northern Pike,Female,620.0,659.0,2.0,Mature,,0.147,2018
2018-06-27,Square Lake,Lake,Northern Pike,Female,781.0,830.0,3.4,Mature,,0.534,2018
2018-06-27,Square Lake,Lake,Northern Pike,Male,683.0,729.0,2.6,Mature,,0.512,2018
2018-06-27,Square Lake,Lake,Northern Pike,Male,705.0,744.0,2.3,Mature,,0.955,2018
2018-06-27,Square Lake,Lake,Northern Pike,Male,640.0,687.0,2.1,Mature,,0.266,2018
2018-06-27,Square Lake,Lake,Northern Pike,Female,678.0,717.0,2.4,Mature,,0.163,2018
2018-06-27,Square Lake,Lake,Northern Pike,Female,610.0,654.0,1.7,Mature,,0.178,2018
2018-06-27,Square Lake,Lake,Northern Pike,Male,733.0,780.0,2.5,Mature,,0.579,2018
2018-06-27,Square Lake,Lake,Northern Pike,Female,789.0,833.0,3.1,Mature,,0.333,2018
2018-06-27,Square Lake,Lake,Northern Pike,Male,720.0,773.0,2.4,Mature,,0.722,2018
2018-06-27,Square Lake,Lake,Northern Pike,Male,638.0,675.0,2.0,Mature,,0.211,2018
2018-06-28,Square Lake,Lake,Northern Pike,Male,598.0,642.0,1.7,Mature,,0.243,2018
2018-06-28,Square Lake,Lake,Northern Pike,Male,667.0,711.0,2.2,Mature,,0.367,2018
2018-06-28,Square Lake,Lake,Northern Pike,Female,711.0,741.0,2.4,Mature,,0.781,2018
2018-06-28,Square Lake,Lake,Northern Pike,Male,626.0,666.0,1.85,Mature,,0.371,2018
2018-06-28,Square Lake,Lake,Northern Pike,Male,598.0,634.0,1.7,Mature,,0.163,2018
2018-06-28,Square Lake,Lake,Northern Pike,Male,680.0,717.0,2.4,Mature,,0.654,2018
2018-06-28,Square Lake,Lake,Northern Pike,Male,721.0,768.0,3.0,Mature,,0.522,2018
2009-10-07,Sturgeon Lake,Lake,Lake Whitefish,Unknown,425.0,480.0,1.082,Unknown,,0.023,2009
2009-10-07,Sturgeon Lake,Lake,Lake Whitefish,Unknown,435.0,490.0,1.339,Unknown,,0.02,2009
2009-10-07,Sturgeon Lake,Lake,Lake Whitefish,Unknown,400.0,446.0,0.885,Unknown,,0.027,2009
2009-10-07,Sturgeon Lake,Lake,Lake Whitefish,Unknown,390.0,436.0,0.885,Unknown,,0.026,2009
2009-10-07,Sturgeon Lake,Lake,Lake Whitefish,Unknown,401.0,450.0,0.899,Unknown,,0.019,2009
2009-10-08,Sturgeon Lake,Lake,Lake Whitefish,Unknown,502.0,565.0,1.654,Unknown,,0.057,2009
2009-10-08,Sturgeon Lake,Lake,Lake Whitefish,Unknown,438.0,479.0,1.308,Unknown,,0.021,2009
2009-10-08,Sturgeon Lake,Lake,Lake Whitefish,Unknown,482.0,540.0,1.886,Unknown,,0.041,2009
2009-10-08,Sturgeon Lake,Lake,Lake Whitefish,Unknown,445.0,500.0,1.304,Unknown,,0.032,2009
2009-10-08,Sturgeon Lake,Lake,Lake Whitefish,Unknown,460.0,522.0,1.307,Unknown,,0.023,2009
2020-09-30,Sturgeon Lake,Lake,Lake Whitefish,Female,520.0,582.0,1.62,Mature,16.0,0.096,2020
2020-09-30,Sturgeon Lake,Lake,Lake Whitefish,Female,588.0,647.0,2.96,Mature,14.0,0.044,2020
2020-09-30,Sturgeon Lake,Lake,Lake Whitefish,Male,502.0,563.0,1.695,Mature,10.0,0.035,2020
2020-09-30,Sturgeon Lake,Lake,Lake Whitefish,Male,565.0,621.0,2.285,Mature,14.0,0.059,2020
2020-09-30,Sturgeon Lake,Lake,Lake Whitefish,Male,520.0,583.0,2.26,Mature,15.0,0.074,2020
2020-09-30,Sturgeon Lake,Lake,Lake Whitefish,Male,568.0,630.0,2.47,Mature,15.0,0.07,2020
2020-09-30,Sturgeon Lake,Lake,Lake Whitefish,Female,530.0,595.0,2.25,Mature,10.0,0.061,2020
2020-09-30,Sturgeon Lake,Lake,Lake Whitefish,Male,570.0,625.0,2.37,Mature,16.0,0.05,2020
2020-09-30,Sturgeon Lake,Lake,Lake Whitefish,Female,558.0,630.0,2.75,Mature,15.0,0.061,2020
2020-09-30,Sturgeon Lake,Lake,Lake Whitefish,Female,450.0,515.0,1.77,Mature,8.0,0.06,2020
2020-09-30,Sturgeon Lake,Lake,Lake Whitefish,Male,518.0,573.0,1.745,Mature,7.0,0.041,2020
2020-09-30,Sturgeon Lake,Lake,Lake Whitefish,Female,515.0,572.0,2.015,Mature,8.0,0.064,2020
2020-10-01,Sturgeon Lake,Lake,Lake Whitefish,Female,480.0,540.0,2.08,Mature,15.0,0.049,2020
2020-10-01,Sturgeon Lake,Lake,Lake Whitefish,Female,545.0,601.0,2.36,Mature,11.0,0.072,2020
2020-10-01,Sturgeon Lake,Lake,Lake Whitefish,Female,602.0,665.0,3.12,Mature,15.0,0.041,2020
2020-10-01,Sturgeon Lake,Lake,Lake Whitefish,Male,542.0,610.0,2.57,Mature,15.0,0.038,2020
2020-10-01,Sturgeon Lake,Lake,Lake Whitefish,Female,540.0,615.0,2.45,Mature,15.0,0.063,2020
2020-10-01,Sturgeon Lake,Lake,Lake Whitefish,Female,557.0,620.0,2.83,Mature,15.0,0.084,2020
2020-10-01,Sturgeon Lake,Lake,Lake Whitefish,Female,552.0,611.0,2.58,Mature,15.0,0.088,2020
2009-10-07,Sturgeon Lake,Lake,Northern Pike,Unknown,700.0,740.0,3.006,Unknown,,0.396,2009
2009-10-07,Sturgeon Lake,Lake,Northern Pike,Unknown,725.0,760.0,2.771,Unknown,,0.195,2009
2009-10-07,Sturgeon Lake,Lake,Northern Pike,Unknown,712.0,735.0,2.58,Unknown,,0.178,2009
2009-10-07,Sturgeon Lake,Lake,Northern Pike,Unknown,580.0,604.0,1.407,Unknown,,0.098,2009
2009-10-07,Sturgeon Lake,Lake,Northern Pike,Unknown,526.0,572.0,0.829,Unknown,,0.232,2009
2009-10-08,Sturgeon Lake,Lake,Northern Pike,Unknown,530.0,564.0,1.121,Unknown,,0.072,2009
2009-10-08,Sturgeon Lake,Lake,Northern Pike,Unknown,532.0,566.0,1.214,Unknown,,0.093,2009
2009-10-08,Sturgeon Lake,Lake,Northern Pike,Unknown,475.0,507.0,0.728,Unknown,,0.094,2009
2009-10-08,Sturgeon Lake,Lake,Northern Pike,Unknown,588.0,626.0,1.621,Unknown,,0.116,2009
2009-10-08,Sturgeon Lake,Lake,Northern Pike,Unknown,412.0,439.0,0.456,Unknown,,0.037,2009
2009-10-07,Sturgeon Lake,Lake,Walleye,Unknown,456.0,483.0,1.073,Unknown,,0.256,2009
2009-10-07,Sturgeon Lake,Lake,Walleye,Unknown,422.0,450.0,0.743,Unknown,,0.094,2009
2009-10-07,Sturgeon Lake,Lake,Walleye,Unknown,416.0,454.0,0.884,Unknown,,0.295,2009
2009-10-07,Sturgeon Lake,Lake,Walleye,Unknown,398.0,456.0,0.86,Unknown,,0.223,2009
2009-10-07,Sturgeon Lake,Lake,Walleye,Unknown,406.0,433.0,0.822,Unknown,,0.142,2009
2009-10-07,Sturgeon Lake,Lake,Walleye,Unknown,405.0,431.0,0.72,Unknown,,0.089,2009
2009-10-07,Sturgeon Lake,Lake,Walleye,Unknown,464.0,494.0,1.106,Unknown,,0.307,2009
2009-10-07,Sturgeon Lake,Lake,Walleye,Unknown,508.0,536.0,1.397,Unknown,,0.229,2009
2009-10-07,Sturgeon Lake,Lake,Walleye,Unknown,423.0,450.0,0.879,Unknown,,0.098,2009
2009-10-07,Sturgeon Lake,Lake,Walleye,Unknown,394.0,421.0,0.685,Unknown,,0.084,2009
2020-09-30,Sturgeon Lake,Lake,Walleye,Female,415.0,446.0,0.82,Mature,8.0,0.159,2020
2020-09-30,Sturgeon Lake,Lake,Walleye,Female,410.0,441.0,0.705,Mature,8.0,0.201,2020
2020-09-30,Sturgeon Lake,Lake,Walleye,Male,398.0,425.0,0.71,Mature,8.0,0.283,2020
2020-09-30,Sturgeon Lake,Lake,Walleye,Male,380.0,403.0,0.59,Mature,8.0,0.193,2020
2020-09-30,Sturgeon Lake,Lake,Walleye,Male,390.0,420.0,0.67,Mature,16.0,0.407,2020
2020-09-30,Sturgeon Lake,Lake,Walleye,Female,410.0,436.0,0.84,Mature,6.0,0.127,2020
2020-09-30,Sturgeon Lake,Lake,Walleye,Female,430.0,456.0,0.94,Mature,7.0,0.139,2020
2020-09-30,Sturgeon Lake,Lake,Walleye,Male,400.0,430.0,0.795,Mature,9.0,0.17,2020
2020-09-30,Sturgeon Lake,Lake,Walleye,Female,398.0,422.0,0.72,Mature,9.0,0.146,2020
2020-09-30,Sturgeon Lake,Lake,Walleye,Female,405.0,431.0,0.73,Mature,6.0,0.09,2020
2020-09-30,Sturgeon Lake,Lake,Walleye,Female,440.0,462.0,0.91,Mature,8.0,0.201,2020
2020-09-30,Sturgeon Lake,Lake,Walleye,Female,420.0,445.0,0.79,Mature,7.0,0.142,2020
2020-09-30,Sturgeon Lake,Lake,Walleye,Female,327.0,353.0,0.86,Mature,7.0,0.129,2020
2020-09-30,Sturgeon Lake,Lake,Walleye,Female,431.0,455.0,0.97,Mature,9.0,0.215,2020
2020-09-30,Sturgeon Lake,Lake,Walleye,Male,426.0,457.0,0.87,Mature,16.0,0.296,2020
2020-09-30,Sturgeon Lake,Lake,Walleye,Female,456.0,483.0,1.11,Mature,13.0,0.232,2020
2020-09-30,Sturgeon Lake,Lake,Walleye,Female,390.0,416.0,0.72,Mature,6.0,0.109,2020
2020-09-30,Sturgeon Lake,Lake,Walleye,Male,410.0,435.0,0.795,Mature,9.0,0.148,2020
2020-09-30,Sturgeon Lake,Lake,Walleye,Male,383.0,403.0,0.625,Mature,7.0,0.154,2020
2012-08-23,Sylvan Lake,Lake,Lake Whitefish,Female,,446.0,0.83,Unknown,,0.142,2012
2012-08-23,Sylvan Lake,Lake,Lake Whitefish,Female,,405.0,0.56,Unknown,,0.16,2012
2012-08-23,Sylvan Lake,Lake,Lake Whitefish,Male,,423.0,0.6,Unknown,,0.093,2012
2012-08-23,Sylvan Lake,Lake,Lake Whitefish,Female,,414.0,0.59,Unknown,,0.165,2012
2012-08-23,Sylvan Lake,Lake,Lake Whitefish,Male,,434.0,0.78,Unknown,,0.202,2012
2012-08-23,Sylvan Lake,Lake,Lake Whitefish,Female,,418.0,0.63,Unknown,,0.146,2012
2012-08-23,Sylvan Lake,Lake,Lake Whitefish,Female,,390.0,0.56,Unknown,,0.174,2012
2012-08-23,Sylvan Lake,Lake,Lake Whitefish,Male,,396.0,0.59,Unknown,,0.131,2012
2012-08-23,Sylvan Lake,Lake,Lake Whitefish,Female,,423.0,0.71,Unknown,,0.219,2012
2012-08-23,Sylvan Lake,Lake,Lake Whitefish,Male,,450.0,0.86,Unknown,,0.096,2012
2012-08-23,Sylvan Lake,Lake,Lake Whitefish,Female,,416.0,0.58,Unknown,,0.069,2012
2012-08-23,Sylvan Lake,Lake,Lake Whitefish,Male,,407.0,0.6,Unknown,,0.099,2012
2012-08-23,Sylvan Lake,Lake,Lake Whitefish,Male,,414.0,0.69,Unknown,,0.113,2012
2012-08-23,Sylvan Lake,Lake,Lake Whitefish,Female,,376.0,0.53,Unknown,,0.099,2012
2012-09-23,Sylvan Lake,Lake,Lake Whitefish,Female,,340.0,0.564,Unknown,,0.132,2012
2012-09-23,Sylvan Lake,Lake,Lake Whitefish,Female,,400.0,0.63,Unknown,,0.029,2012
2012-09-23,Sylvan Lake,Lake,Lake Whitefish,Female,,340.0,0.554,Unknown,,0.108,2012
2012-09-23,Sylvan Lake,Lake,Lake Whitefish,Female,,330.0,0.484,Unknown,,0.081,2012
2012-09-23,Sylvan Lake,Lake,Lake Whitefish,Female,,350.0,0.524,Unknown,,0.104,2012
2012-09-23,Sylvan Lake,Lake,Lake Whitefish,Female,,360.0,0.466,Unknown,,0.041,2012
2012-09-23,Sylvan Lake,Lake,Lake Whitefish,Unknown,,350.0,0.444,Unknown,,0.097,2012
2012-09-23,Sylvan Lake,Lake,Lake Whitefish,Male,,360.0,0.532,Unknown,,0.075,2012
2012-09-23,Sylvan Lake,Lake,Lake Whitefish,Unknown,,360.0,0.468,Unknown,,0.05,2012
2012-09-23,Sylvan Lake,Lake,Lake Whitefish,Male,,350.0,0.544,Unknown,,0.085,2012
2020-10-01,Sylvan Lake,Lake,Lake Whitefish,Male,351.0,396.0,0.524,Mature,21.0,0.063,2020
2020-10-01,Sylvan Lake,Lake,Lake Whitefish,Male,380.0,435.0,0.737,Mature,14.0,0.098,2020
2020-10-01,Sylvan Lake,Lake,Lake Whitefish,Male,359.0,402.0,0.66,Mature,15.0,0.051,2020
2020-10-01,Sylvan Lake,Lake,Lake Whitefish,Male,379.0,434.0,0.702,Mature,15.0,0.108,2020
2020-10-01,Sylvan Lake,Lake,Lake Whitefish,Male,359.0,409.0,0.632,Mature,,0.08,2020
2020-10-01,Sylvan Lake,Lake,Lake Whitefish,Female,360.0,410.0,0.666,Mature,14.0,0.085,2020
2020-10-01,Sylvan Lake,Lake,Lake Whitefish,Male,356.0,400.0,0.588,Mature,21.0,0.113,2020
2020-10-01,Sylvan Lake,Lake,Lake Whitefish,Female,370.0,418.0,0.792,Mature,15.0,0.103,2020
2020-10-01,Sylvan Lake,Lake,Lake Whitefish,Male,358.0,404.0,0.646,Mature,15.0,0.122,2020
2020-10-01,Sylvan Lake,Lake,Lake Whitefish,Female,358.0,404.0,0.62,Mature,20.0,0.032,2020
2020-10-01,Sylvan Lake,Lake,Lake Whitefish,Female,333.0,379.0,0.557,Mature,25.0,0.148,2020
2020-10-01,Sylvan Lake,Lake,Lake Whitefish,Female,351.0,400.0,0.558,Mature,23.0,0.066,2020
2020-10-01,Sylvan Lake,Lake,Lake Whitefish,Female,342.0,390.0,0.537,Mature,23.0,0.112,2020
2020-10-01,Sylvan Lake,Lake,Lake Whitefish,Female,327.0,370.0,0.572,Mature,20.0,0.06,2020
2020-10-01,Sylvan Lake,Lake,Lake Whitefish,Female,354.0,398.0,0.57,Mature,24.0,0.037,2020
2020-10-01,Sylvan Lake,Lake,Lake Whitefish,Female,375.0,427.0,0.832,Mature,8.0,0.088,2020
2020-10-01,Sylvan Lake,Lake,Lake Whitefish,Female,357.0,403.0,0.648,Mature,20.0,0.093,2020
2020-10-01,Sylvan Lake,Lake,Lake Whitefish,Male,372.0,425.0,0.739,Mature,15.0,0.121,2020
2020-10-01,Sylvan Lake,Lake,Lake Whitefish,Male,358.0,406.0,0.669,Mature,15.0,0.096,2020
2020-10-01,Sylvan Lake,Lake,Lake Whitefish,Male,353.0,400.0,0.73,Mature,5.0,0.053,2020
2012-08-23,Sylvan Lake,Lake,Northern Pike,Male,,725.0,3.15,Unknown,,1.13,2012
2012-08-23,Sylvan Lake,Lake,Northern Pike,Male,,878.0,4.68,Unknown,,0.4,2012
2012-08-23,Sylvan Lake,Lake,Northern Pike,Male,,1020.0,5.97,Unknown,,0.416,2012
2020-10-01,Sylvan Lake,Lake,Northern Pike,Female,1010.0,1051.0,10.5,Mature,11.0,1.181,2020
2020-10-01,Sylvan Lake,Lake,Northern Pike,Female,920.0,966.0,6.878,Mature,8.0,0.661,2020
2020-10-01,Sylvan Lake,Lake,Northern Pike,Female,1037.0,1080.0,10.02,Mature,12.0,1.23,2020
2020-10-01,Sylvan Lake,Lake,Northern Pike,Female,940.0,990.0,7.261,Mature,6.0,0.595,2020
2020-10-01,Sylvan Lake,Lake,Northern Pike,Female,805.0,855.0,4.702,Mature,6.0,0.282,2020
2020-10-02,Sylvan Lake,Lake,Northern Pike,Female,840.0,880.0,6.063,Mature,5.0,0.485,2020
2020-10-02,Sylvan Lake,Lake,Northern Pike,Female,850.0,903.0,5.282,Mature,5.0,0.635,2020
2020-10-02,Sylvan Lake,Lake,Northern Pike,Male,795.0,838.0,4.551,Mature,6.0,1.295,2020
2020-10-02,Sylvan Lake,Lake,Northern Pike,Female,991.0,1033.0,8.828,Mature,12.0,0.586,2020
2020-10-02,Sylvan Lake,Lake,Northern Pike,Male,772.0,816.0,4.569,Mature,6.0,0.772,2020
2012-08-23,Sylvan Lake,Lake,Walleye,Female,,484.0,0.89,Unknown,,0.348,2012
2012-08-23,Sylvan Lake,Lake,Walleye,Male,,366.0,0.44,Unknown,,0.147,2012
2012-08-23,Sylvan Lake,Lake,Walleye,Male,,345.0,0.4,Unknown,,0.123,2012
2012-08-23,Sylvan Lake,Lake,Walleye,Male,,337.0,0.34,Unknown,,0.117,2012
2012-08-23,Sylvan Lake,Lake,Walleye,Female,,446.0,0.8,Unknown,,0.257,2012
2012-08-23,Sylvan Lake,Lake,Walleye,Male,,357.0,0.41,Unknown,,0.17,2012
2012-08-23,Sylvan Lake,Lake,Walleye,Female,,396.0,0.63,Unknown,,0.235,2012
2012-08-23,Sylvan Lake,Lake,Walleye,Male,,327.0,0.33,Unknown,,0.157,2012
2012-08-23,Sylvan Lake,Lake,Walleye,Female,,369.0,0.46,Unknown,,0.124,2012
2012-09-23,Sylvan Lake,Lake,Walleye,Unknown,,320.0,0.38,Unknown,,0.129,2012
2012-09-23,Sylvan Lake,Lake,Walleye,Unknown,,310.0,0.332,Unknown,,0.173,2012
2012-09-23,Sylvan Lake,Lake,Walleye,Unknown,,330.0,0.416,Unknown,,0.105,2012
2012-09-23,Sylvan Lake,Lake,Walleye,Unknown,,280.0,0.38,Unknown,,0.171,2012
2012-09-23,Sylvan Lake,Lake,Walleye,Female,,560.0,2.108,Unknown,,0.64,2012
2012-09-23,Sylvan Lake,Lake,Walleye,Unknown,,330.0,0.44,Unknown,,0.123,2012
2020-10-01,Sylvan Lake,Lake,Walleye,Female,426.0,448.0,0.795,Mature,14.0,0.295,2020
2020-10-01,Sylvan Lake,Lake,Walleye,Female,426.0,447.0,0.827,Mature,14.0,0.3,2020
2020-10-01,Sylvan Lake,Lake,Walleye,Male,373.0,396.0,0.644,Mature,5.0,0.129,2020
2020-10-01,Sylvan Lake,Lake,Walleye,Male,362.0,385.0,0.574,Mature,5.0,0.149,2020
2020-10-01,Sylvan Lake,Lake,Walleye,Female,457.0,480.0,1.071,Mature,14.0,0.374,2020
2020-10-01,Sylvan Lake,Lake,Walleye,Female,405.0,426.0,0.704,Mature,13.0,0.477,2020
2020-10-01,Sylvan Lake,Lake,Walleye,Female,430.0,454.0,0.796,Mature,13.0,0.305,2020
2020-10-01,Sylvan Lake,Lake,Walleye,Female,398.0,424.0,0.673,Mature,11.0,0.319,2020
2020-10-01,Sylvan Lake,Lake,Walleye,Male,372.0,391.0,0.61,Mature,5.0,0.131,2020
2020-10-01,Sylvan Lake,Lake,Walleye,Male,344.0,365.0,0.531,Mature,5.0,0.114,2020
2020-10-01,Sylvan Lake,Lake,Walleye,Male,356.0,380.0,0.607,Mature,5.0,0.11,2020
2020-10-01,Sylvan Lake,Lake,Walleye,Female,372.0,394.0,0.561,Immature,5.0,0.157,2020
2020-10-01,Sylvan Lake,Lake,Walleye,Female,490.0,516.0,1.22,Mature,14.0,0.312,2020
2020-10-01,Sylvan Lake,Lake,Walleye,Male,376.0,402.0,0.68,Mature,8.0,0.282,2020
2020-10-01,Sylvan Lake,Lake,Walleye,Female,406.0,432.0,0.686,Mature,13.0,0.343,2020
2020-10-01,Sylvan Lake,Lake,Walleye,Male,405.0,425.0,0.735,Mature,7.0,0.202,2020
2020-10-01,Sylvan Lake,Lake,Walleye,Male,425.0,452.0,0.749,Mature,14.0,0.344,2020
2020-10-01,Sylvan Lake,Lake,Walleye,Female,427.0,450.0,0.813,Mature,12.0,0.26,2020
2020-10-01,Sylvan Lake,Lake,Walleye,Female,373.0,395.0,0.578,Immature,5.0,0.119,2020
2020-10-01,Sylvan Lake,Lake,Walleye,Male,373.0,394.0,0.541,Mature,13.0,0.301,2020
2020-10-01,Sylvan Lake,Lake,Walleye,Female,660.0,683.0,3.496,Mature,14.0,0.686,2020
2019-09-24,Touchwood Lake,Lake,Lake Whitefish,Female,451.0,507.0,1.333,Mature,,0.057,2019
2019-09-24,Touchwood Lake,Lake,Lake Whitefish,Female,404.0,456.0,0.814,Immature,,0.062,2019
2019-09-24,Touchwood Lake,Lake,Lake Whitefish,Male,465.0,528.0,1.337,Mature,,0.09,2019
2019-09-24,Touchwood Lake,Lake,Lake Whitefish,Male,489.0,552.0,1.773,Mature,,0.077,2019
2019-09-25,Touchwood Lake,Lake,Lake Whitefish,Female,426.0,484.0,1.085,Mature,,0.052,2019
2019-09-25,Touchwood Lake,Lake,Lake Whitefish,Male,445.0,500.0,1.203,Mature,,0.054,2019
2019-09-24,Touchwood Lake,Lake,Northern Pike,Female,710.0,753.0,2.55,Mature,,0.875,2019
2019-09-24,Touchwood Lake,Lake,Northern Pike,Female,747.0,782.0,3.414,Mature,,0.858,2019
2019-09-24,Touchwood Lake,Lake,Northern Pike,Female,863.0,907.0,4.8,Mature,,0.648,2019
2019-09-24,Touchwood Lake,Lake,Northern Pike,Female,780.0,830.0,3.62,Mature,,0.64,2019
2019-09-24,Touchwood Lake,Lake,Northern Pike,Female,714.0,760.0,2.129,Mature,,0.485,2019
2019-09-24,Touchwood Lake,Lake,Northern Pike,Female,845.0,891.0,4.575,Mature,,0.884,2019
2019-09-24,Touchwood Lake,Lake,Northern Pike,Female,680.0,723.0,1.641,Mature,,0.866,2019
2019-09-24,Touchwood Lake,Lake,Northern Pike,Female,646.0,690.0,2.13,Mature,,0.362,2019
2019-09-24,Touchwood Lake,Lake,Northern Pike,Male,602.0,646.0,1.623,Mature,,0.443,2019
2019-09-25,Touchwood Lake,Lake,Northern Pike,Female,588.0,629.0,1.336,Mature,,0.409,2019
2019-09-24,Touchwood Lake,Lake,Walleye,Female,506.0,540.0,1.122,Mature,,0.737,2019
2019-09-24,Touchwood Lake,Lake,Walleye,Female,476.0,504.0,1.279,Mature,,0.307,2019
2019-09-24,Touchwood Lake,Lake,Walleye,Male,481.0,514.0,1.087,Mature,,0.439,2019
2019-09-24,Touchwood Lake,Lake,Walleye,Female,563.0,594.0,2.036,Mature,,0.41,2019
2019-09-24,Touchwood Lake,Lake,Walleye,Female,584.0,616.0,1.636,Mature,,1.383,2019
2019-09-24,Touchwood Lake,Lake,Walleye,Female,540.0,572.0,1.856,Mature,,0.733,2019
2019-09-24,Touchwood Lake,Lake,Walleye,Male,492.0,525.0,1.145,Mature,,0.421,2019
2019-09-25,Touchwood Lake,Lake,Walleye,Female,618.0,649.0,2.045,Mature,,0.945,2019
2019-09-25,Touchwood Lake,Lake,Walleye,Female,593.0,629.0,2.165,Mature,,0.759,2019
2019-09-25,Touchwood Lake,Lake,Walleye,Female,600.0,637.0,2.388,Mature,,1.063,2019
2009-10-07,Touchwood Lake,Lake,Lake Whitefish,Unknown,450.0,500.0,1.288,Unknown,,0.08,2009
2009-10-07,Touchwood Lake,Lake,Lake Whitefish,Unknown,480.0,535.0,1.741,Unknown,,0.097,2009
2009-10-07,Touchwood Lake,Lake,Lake Whitefish,Unknown,550.0,610.0,2.163,Mature,,0.07,2009
2009-10-07,Touchwood Lake,Lake,Lake Whitefish,Unknown,544.0,605.0,2.168,Unknown,,0.157,2009
2009-10-07,Touchwood Lake,Lake,Lake Whitefish,Unknown,480.0,538.0,1.537,Unknown,,0.036,2009
2009-10-07,Touchwood Lake,Lake,Lake Whitefish,Unknown,491.0,550.0,1.341,Unknown,,0.147,2009
2009-10-07,Touchwood Lake,Lake,Lake Whitefish,Unknown,550.0,605.0,1.805,Unknown,,0.156,2009
2009-10-07,Touchwood Lake,Lake,Lake Whitefish,Unknown,545.0,609.0,1.753,Unknown,,0.199,2009
2009-10-07,Touchwood Lake,Lake,Lake Whitefish,Unknown,478.0,538.0,1.363,Unknown,,0.081,2009
2009-10-07,Touchwood Lake,Lake,Northern Pike,Unknown,910.0,955.0,6.0,Unknown,,0.717,2009
2009-10-07,Touchwood Lake,Lake,Northern Pike,Unknown,940.0,992.0,6.5,Unknown,,1.053,2009
2009-10-07,Touchwood Lake,Lake,Northern Pike,Unknown,905.0,938.0,5.1,Unknown,,0.713,2009
2009-10-07,Touchwood Lake,Lake,Northern Pike,Unknown,855.0,900.0,5.6,Unknown,,0.723,2009
2009-10-07,Touchwood Lake,Lake,Northern Pike,Unknown,786.0,826.0,3.7,Unknown,,1.119,2009
2009-10-07,Touchwood Lake,Lake,Northern Pike,Unknown,831.0,872.0,4.4,Unknown,,1.047,2009
2009-10-07,Touchwood Lake,Lake,Northern Pike,Unknown,856.0,905.0,4.8,Unknown,,1.114,2009
2009-10-07,Touchwood Lake,Lake,Northern Pike,Unknown,759.0,804.0,3.005,Unknown,,0.677,2009
2009-10-07,Touchwood Lake,Lake,Northern Pike,Unknown,705.0,753.0,2.679,Unknown,,0.965,2009
2009-10-07,Touchwood Lake,Lake,Northern Pike,Unknown,610.0,642.0,1.383,Unknown,,0.475,2009
2009-10-07,Touchwood Lake,Lake,Walleye,Unknown,644.0,664.0,2.67,Unknown,,1.09,2009
2009-10-07,Touchwood Lake,Lake,Walleye,Unknown,650.0,685.0,2.35,Unknown,,1.233,2009
2009-10-07,Touchwood Lake,Lake,Walleye,Unknown,580.0,615.0,2.09,Unknown,,1.235,2009
2009-10-07,Touchwood Lake,Lake,Walleye,Unknown,658.0,698.0,3.2,Unknown,,0.923,2009
2009-10-07,Touchwood Lake,Lake,Walleye,Unknown,572.0,601.0,1.745,Unknown,,0.96,2009
2009-10-07,Touchwood Lake,Lake,Walleye,Unknown,565.0,595.0,1.662,Unknown,,0.697,2009
2009-10-07,Touchwood Lake,Lake,Walleye,Unknown,567.0,597.0,1.651,Unknown,,0.664,2009
2009-10-07,Touchwood Lake,Lake,Walleye,Unknown,634.0,658.0,2.078,Unknown,,0.904,2009
2009-10-07,Touchwood Lake,Lake,Walleye,Unknown,567.0,601.0,1.479,Unknown,,0.909,2009
2009-10-07,Touchwood Lake,Lake,Walleye,Unknown,553.0,585.0,1.581,Unknown,,0.774,2009
2013-09-18,Tucker Lake,Lake,Northern Pike,Male,570.0,609.0,1.25,Mature,6.0,0.328,2013
2013-09-18,Tucker Lake,Lake,Northern Pike,Female,600.0,637.0,1.55,Mature,6.0,0.187,2013
2013-09-18,Tucker Lake,Lake,Northern Pike,Female,510.0,545.0,0.92,Mature,3.0,0.081,2013
2013-09-18,Tucker Lake,Lake,Northern Pike,Female,610.0,643.0,1.7,Mature,5.0,0.139,2013
2013-09-18,Tucker Lake,Lake,Northern Pike,Male,569.0,600.0,0.98,Mature,6.0,0.315,2013
2013-09-18,Tucker Lake,Lake,Northern Pike,Male,509.0,535.0,0.95,Mature,3.0,0.092,2013
2013-09-18,Tucker Lake,Lake,Northern Pike,Male,480.0,512.0,0.78,Mature,2.0,0.072,2013
2013-09-18,Tucker Lake,Lake,Northern Pike,Male,560.0,594.0,1.17,Mature,6.0,0.265,2013
2013-09-18,Tucker Lake,Lake,Northern Pike,Female,562.0,600.0,1.44,Mature,3.0,0.107,2013
2013-09-18,Tucker Lake,Lake,Northern Pike,Male,552.0,590.0,1.2,Mature,4.0,0.116,2013
2013-09-18,Tucker Lake,Lake,Northern Pike,Female,560.0,598.0,1.3,Mature,3.0,0.08,2013
2013-09-18,Tucker Lake,Lake,Northern Pike,Male,490.0,519.0,0.95,Mature,3.0,0.092,2013
2013-09-18,Tucker Lake,Lake,Northern Pike,Female,479.0,514.0,0.8,Mature,2.0,0.061,2013
2013-09-18,Tucker Lake,Lake,Northern Pike,Female,635.0,670.0,1.74,Mature,6.0,0.173,2013
2013-09-18,Tucker Lake,Lake,Northern Pike,Female,475.0,505.0,0.75,Mature,2.0,0.067,2013
2005-10-05,Twin Valley Reservoir,Reservoir,Longnose Sucker,Male,242.0,,0.19,Mature,,0.056,2005
2004-10-21,Twin Valley Reservoir,Reservoir,Northern Pike,Unknown,,,,Unknown,,0.314,2004
2004-10-21,Twin Valley Reservoir,Reservoir,Northern Pike,Unknown,,,,Unknown,,0.431,2004
2004-10-21,Twin Valley Reservoir,Reservoir,Northern Pike,Unknown,,,,Unknown,,0.411,2004
2004-10-21,Twin Valley Reservoir,Reservoir,Northern Pike,Unknown,,,,Unknown,,0.364,2004
2004-10-21,Twin Valley Reservoir,Reservoir,Northern Pike,Unknown,,,,Unknown,,0.396,2004
2004-10-21,Twin Valley Reservoir,Reservoir,Northern Pike,Unknown,,,,Unknown,,0.434,2004
2004-10-21,Twin Valley Reservoir,Reservoir,Northern Pike,Unknown,,,,Unknown,,0.24,2004
2004-10-21,Twin Valley Reservoir,Reservoir,Northern Pike,Unknown,,,,Unknown,,0.778,2004
2004-10-21,Twin Valley Reservoir,Reservoir,Northern Pike,Unknown,,,,Unknown,,0.459,2004
2004-10-21,Twin Valley Reservoir,Reservoir,Northern Pike,Unknown,,,,Unknown,,0.408,2004
2004-10-21,Twin Valley Reservoir,Reservoir,Northern Pike,Unknown,,,,Unknown,,0.424,2004
2004-10-21,Twin Valley Reservoir,Reservoir,Northern Pike,Unknown,,,,Unknown,,0.477,2004
2004-10-21,Twin Valley Reservoir,Reservoir,Northern Pike,Unknown,,,,Unknown,,0.402,2004
2004-10-21,Twin Valley Reservoir,Reservoir,Northern Pike,Unknown,,,,Unknown,,0.379,2004
2004-10-21,Twin Valley Reservoir,Reservoir,Northern Pike,Unknown,,,,Unknown,,0.436,2004
2004-10-21,Twin Valley Reservoir,Reservoir,Northern Pike,Unknown,,,,Unknown,,0.412,2004
2004-10-21,Twin Valley Reservoir,Reservoir,Northern Pike,Unknown,,,,Unknown,,0.422,2004
2004-10-21,Twin Valley Reservoir,Reservoir,Northern Pike,Unknown,,,,Unknown,,0.357,2004
2004-10-21,Twin Valley Reservoir,Reservoir,Northern Pike,Unknown,,,,Unknown,,0.432,2004
2004-10-21,Twin Valley Reservoir,Reservoir,Northern Pike,Unknown,,,,Unknown,,0.398,2004
2004-10-21,Twin Valley Reservoir,Reservoir,Northern Pike,Unknown,,,,Unknown,,0.403,2004
2004-10-21,Twin Valley Reservoir,Reservoir,Northern Pike,Unknown,,,,Unknown,,0.392,2004
2004-10-21,Twin Valley Reservoir,Reservoir,Northern Pike,Unknown,,,,Unknown,,0.426,2004
2004-10-21,Twin Valley Reservoir,Reservoir,Northern Pike,Unknown,,,,Unknown,,0.423,2004
2004-10-21,Twin Valley Reservoir,Reservoir,Northern Pike,Unknown,,,,Unknown,,0.702,2004
2004-10-21,Twin Valley Reservoir,Reservoir,Northern Pike,Unknown,,,,Unknown,,0.431,2004
2004-10-21,Twin Valley Reservoir,Reservoir,Northern Pike,Unknown,,,,Unknown,,0.521,2004
2004-10-21,Twin Valley Reservoir,Reservoir,Northern Pike,Unknown,,,,Unknown,,0.551,2004
2004-10-21,Twin Valley Reservoir,Reservoir,Northern Pike,Unknown,,,,Unknown,,0.393,2004
2004-10-21,Twin Valley Reservoir,Reservoir,Northern Pike,Unknown,,,,Unknown,,0.443,2004
2005-10-05,Twin Valley Reservoir,Reservoir,Northern Pike,Female,181.0,,0.04,Immature,,0.119,2005
2005-10-05,Twin Valley Reservoir,Reservoir,Northern Pike,Female,200.0,,0.06,Immature,,0.124,2005
2005-10-05,Twin Valley Reservoir,Reservoir,Northern Pike,Female,403.0,,0.51,Mature,,0.413,2005
2005-10-05,Twin Valley Reservoir,Reservoir,Northern Pike,Male,371.0,,0.42,Mature,,0.446,2005
2005-10-05,Twin Valley Reservoir,Reservoir,Northern Pike,Female,421.0,,0.64,Mature,,0.481,2005
2005-10-05,Twin Valley Reservoir,Reservoir,Northern Pike,Female,409.0,,0.5,Immature,,0.488,2005
2005-10-05,Twin Valley Reservoir,Reservoir,Northern Pike,Female,429.0,,0.58,Immature,,0.498,2005
2005-10-05,Twin Valley Reservoir,Reservoir,Northern Pike,Male,451.0,,0.8,Mature,,0.504,2005
2005-10-05,Twin Valley Reservoir,Reservoir,Northern Pike,Female,539.0,,1.19,Mature,,0.515,2005
2005-10-05,Twin Valley Reservoir,Reservoir,Northern Pike,Female,552.0,,1.29,Mature,,0.52,2005
2005-10-05,Twin Valley Reservoir,Reservoir,Northern Pike,Male,398.0,,0.52,Mature,,0.528,2005
2005-10-05,Twin Valley Reservoir,Reservoir,Northern Pike,Female,492.0,,0.99,Mature,,0.55,2005
2005-10-05,Twin Valley Reservoir,Reservoir,Northern Pike,Male,435.0,,0.72,Mature,,0.578,2005
2005-10-05,Twin Valley Reservoir,Reservoir,Northern Pike,Female,451.0,,0.71,Mature,,0.585,2005
2005-10-05,Twin Valley Reservoir,Reservoir,Northern Pike,Female,550.0,,1.21,Mature,,0.608,2005
2005-10-05,Twin Valley Reservoir,Reservoir,Northern Pike,Male,526.0,,1.09,Mature,,0.628,2005
2005-10-05,Twin Valley Reservoir,Reservoir,Northern Pike,Male,509.0,,1.13,Mature,,0.679,2005
2005-10-05,Twin Valley Reservoir,Reservoir,Northern Pike,Female,562.0,,1.32,Mature,,0.71,2005
2005-10-05,Twin Valley Reservoir,Reservoir,Northern Pike,Female,549.0,,1.35,Mature,,0.714,2005
2005-10-05,Twin Valley Reservoir,Reservoir,Northern Pike,Male,504.0,,1.04,Mature,,0.72,2005
2005-10-05,Twin Valley Reservoir,Reservoir,Northern Pike,Male,477.0,,0.9,Mature,,0.751,2005
2005-10-05,Twin Valley Reservoir,Reservoir,Northern Pike,Female,532.0,,1.03,Mature,,0.768,2005
2005-10-05,Twin Valley Reservoir,Reservoir,Northern Pike,Male,507.0,,0.92,Mature,,0.952,2005
2005-10-05,Twin Valley Reservoir,Reservoir,Northern Pike,Female,492.0,,0.87,Mature,,0.968,2005
2005-10-05,Twin Valley Reservoir,Reservoir,Northern Pike,Female,552.0,,1.22,Mature,,0.981,2005
2005-10-05,Twin Valley Reservoir,Reservoir,Northern Pike,Female,592.0,,1.5,Mature,,1.014,2005
2005-10-05,Twin Valley Reservoir,Reservoir,Northern Pike,Male,448.0,,0.71,Mature,,1.017,2005
2005-10-05,Twin Valley Reservoir,Reservoir,Northern Pike,Male,581.0,,1.54,Mature,,1.077,2005
2005-10-05,Twin Valley Reservoir,Reservoir,Northern Pike,Female,552.0,,1.28,Mature,,1.124,2005
2005-10-05,Twin Valley Reservoir,Reservoir,Northern Pike,Female,546.0,,1.24,Mature,,1.263,2005
2006-10-04,Twin Valley Reservoir,Reservoir,Northern Pike,Female,322.0,343.0,0.3,Immature,,0.327,2006
2006-10-04,Twin Valley Reservoir,Reservoir,Northern Pike,Female,740.0,779.0,3.025,Mature,,0.487,2006
2006-10-04,Twin Valley Reservoir,Reservoir,Northern Pike,Female,646.0,682.0,2.425,Mature,,0.475,2006
2006-10-04,Twin Valley Reservoir,Reservoir,Northern Pike,Female,665.0,706.0,2.275,Mature,,0.746,2006
2006-10-04,Twin Valley Reservoir,Reservoir,Northern Pike,Male,494.0,525.0,0.88,Mature,,0.358,2006
2006-10-04,Twin Valley Reservoir,Reservoir,Northern Pike,Female,610.0,649.0,1.9,Mature,,0.515,2006
2006-10-04,Twin Valley Reservoir,Reservoir,Northern Pike,Female,450.0,473.0,0.675,Immature,,0.204,2006
2006-10-04,Twin Valley Reservoir,Reservoir,Northern Pike,Female,704.0,746.0,2.8,Mature,,0.614,2006
2006-10-04,Twin Valley Reservoir,Reservoir,Northern Pike,Female,521.0,547.0,1.035,Mature,,0.43,2006
2006-10-04,Twin Valley Reservoir,Reservoir,Northern Pike,Female,595.0,626.0,1.525,Mature,,1.022,2006
2006-10-04,Twin Valley Reservoir,Reservoir,Northern Pike,Male,473.0,494.0,0.845,Mature,,0.463,2006
2006-10-04,Twin Valley Reservoir,Reservoir,Northern Pike,Male,449.0,475.0,0.61,Mature,,0.287,2006
2006-10-04,Twin Valley Reservoir,Reservoir,Northern Pike,Female,541.0,570.0,1.25,Mature,,0.377,2006
2006-10-04,Twin Valley Reservoir,Reservoir,Northern Pike,Male,548.0,584.0,1.35,Mature,,0.429,2006
2006-10-04,Twin Valley Reservoir,Reservoir,Northern Pike,Male,489.0,520.0,0.875,Mature,,0.635,2006
2006-10-04,Twin Valley Reservoir,Reservoir,Northern Pike,Female,554.0,583.0,1.125,Mature,,1.204,2006
2006-10-04,Twin Valley Reservoir,Reservoir,Northern Pike,Female,571.0,602.0,1.25,Mature,,0.755,2006
2006-10-04,Twin Valley Reservoir,Reservoir,Northern Pike,Female,641.0,678.0,2.05,Mature,,1.043,2006
2006-10-04,Twin Valley Reservoir,Reservoir,Northern Pike,Unknown,228.0,238.0,0.125,Immature,,0.251,2006
2006-10-04,Twin Valley Reservoir,Reservoir,Northern Pike,Female,605.0,641.0,1.85,Mature,,0.192,2006
2006-10-04,Twin Valley Reservoir,Reservoir,Northern Pike,Female,395.0,419.0,0.45,Mature,,0.293,2006
2006-10-04,Twin Valley Reservoir,Reservoir,Northern Pike,Female,378.0,401.0,0.4,Mature,,0.296,2006
2006-10-04,Twin Valley Reservoir,Reservoir,Northern Pike,Female,687.0,720.0,2.3,Mature,,0.677,2006
2006-10-04,Twin Valley Reservoir,Reservoir,Northern Pike,Female,699.0,735.0,2.4,Mature,,0.745,2006
2006-10-04,Twin Valley Reservoir,Reservoir,Northern Pike,Male,427.0,449.0,0.65,Mature,,0.283,2006
2006-10-04,Twin Valley Reservoir,Reservoir,Northern Pike,Female,393.0,416.0,0.525,Mature,,0.206,2006
2006-10-04,Twin Valley Reservoir,Reservoir,Northern Pike,Female,912.0,966.0,6.575,Mature,,1.693,2006
2006-10-04,Twin Valley Reservoir,Reservoir,Northern Pike,Female,868.0,917.0,4.725,Mature,,1.012,2006
2006-10-04,Twin Valley Reservoir,Reservoir,Northern Pike,Male,312.0,332.0,0.325,Mature,,0.188,2006
2006-10-04,Twin Valley Reservoir,Reservoir,Northern Pike,Male,301.0,317.0,0.3,Mature,,0.143,2006
2006-10-04,Twin Valley Reservoir,Reservoir,Northern Pike,Male,742.0,781.0,2.1,Mature,,0.675,2006
2006-10-05,Twin Valley Reservoir,Reservoir,Northern Pike,Male,291.0,310.0,0.175,Mature,,0.212,2006
2006-10-05,Twin Valley Reservoir,Reservoir,Northern Pike,Female,885.0,926.0,5.725,Mature,,1.355,2006
2004-10-21,Twin Valley Reservoir,Reservoir,White Sucker,Unknown,,,,Unknown,,0.165,2004
2004-10-22,Twin Valley Reservoir,Reservoir,White Sucker,Unknown,,,,Unknown,,0.267,2004
2004-10-22,Twin Valley Reservoir,Reservoir,White Sucker,Unknown,,,,Unknown,,0.3,2004
2004-10-22,Twin Valley Reservoir,Reservoir,White Sucker,Unknown,,,,Unknown,,0.206,2004
2004-10-22,Twin Valley Reservoir,Reservoir,White Sucker,Unknown,,,,Unknown,,0.097,2004
2004-10-22,Twin Valley Reservoir,Reservoir,White Sucker,Unknown,,,,Unknown,,0.303,2004
2004-10-22,Twin Valley Reservoir,Reservoir,White Sucker,Unknown,,,,Unknown,,0.217,2004
2005-10-05,Twin Valley Reservoir,Reservoir,White Sucker,Male,415.0,,1.23,Mature,,0.477,2005
2005-10-05,Twin Valley Reservoir,Reservoir,White Sucker,Female,263.0,,0.21,Mature,,0.576,2005
2005-10-05,Twin Valley Reservoir,Reservoir,White Sucker,Male,260.0,,0.28,Mature,,0.217,2005
2005-10-05,Twin Valley Reservoir,Reservoir,White Sucker,Unknown,147.0,,0.03,Immature,,0.102,2005
2005-10-05,Twin Valley Reservoir,Reservoir,White Sucker,Male,242.0,,0.21,Mature,,0.303,2005
2005-10-05,Twin Valley Reservoir,Reservoir,White Sucker,Male,335.0,,0.64,Mature,,0.172,2005
2005-10-05,Twin Valley Reservoir,Reservoir,White Sucker,Female,282.0,,0.34,Mature,,0.428,2005
2005-10-05,Twin Valley Reservoir,Reservoir,White Sucker,Male,196.0,,0.096,Mature,,0.105,2005
2005-10-05,Twin Valley Reservoir,Reservoir,White Sucker,Male,201.0,,0.11,Mature,,0.206,2005
2005-10-05,Twin Valley Reservoir,Reservoir,White Sucker,Female,213.0,,0.134,Immature,,0.218,2005
2005-10-05,Twin Valley Reservoir,Reservoir,White Sucker,Male,300.0,,0.423,Mature,,0.243,2005
2005-10-05,Twin Valley Reservoir,Reservoir,White Sucker,Female,336.0,,0.657,Mature,,0.321,2005
2005-10-05,Twin Valley Reservoir,Reservoir,White Sucker,Female,401.0,,1.068,Mature,,0.19,2005
2005-10-05,Twin Valley Reservoir,Reservoir,White Sucker,Female,381.0,,0.875,Mature,,0.168,2005
2005-10-05,Twin Valley Reservoir,Reservoir,White Sucker,Female,149.0,,0.043,Immature,,0.081,2005
2005-10-05,Twin Valley Reservoir,Reservoir,White Sucker,Male,159.0,,0.052,Mature,,0.079,2005
2005-10-05,Twin Valley Reservoir,Reservoir,White Sucker,Male,246.0,,0.217,Immature,,0.181,2005
2005-10-05,Twin Valley Reservoir,Reservoir,White Sucker,Male,252.0,,0.23,Immature,,0.353,2005
2005-10-05,Twin Valley Reservoir,Reservoir,White Sucker,Female,263.0,,0.277,Mature,,0.154,2005
2005-10-05,Twin Valley Reservoir,Reservoir,White Sucker,Male,153.0,,0.046,Immature,,0.088,2005
2005-10-05,Twin Valley Reservoir,Reservoir,White Sucker,Female,225.0,,0.166,Immature,,0.101,2005
2005-10-05,Twin Valley Reservoir,Reservoir,White Sucker,Male,258.0,,0.248,Immature,,0.181,2005
2005-10-05,Twin Valley Reservoir,Reservoir,White Sucker,Male,151.0,,0.042,Immature,,0.075,2005
2005-10-05,Twin Valley Reservoir,Reservoir,White Sucker,Female,433.0,,1.191,Mature,,0.282,2005
2006-10-04,Twin Valley Reservoir,Reservoir,White Sucker,Female,388.0,415.0,1.0,Mature,,0.157,2006
2006-10-04,Twin Valley Reservoir,Reservoir,White Sucker,Male,281.0,302.0,0.375,Mature,,0.183,2006
2006-10-04,Twin Valley Reservoir,Reservoir,White Sucker,Female,268.0,283.0,0.325,Mature,,0.466,2006
2006-10-04,Twin Valley Reservoir,Reservoir,White Sucker,Male,294.0,,0.475,Mature,,0.252,2006
2006-10-04,Twin Valley Reservoir,Reservoir,White Sucker,Female,480.0,510.0,1.825,Mature,,0.39,2006
2006-10-04,Twin Valley Reservoir,Reservoir,White Sucker,Female,454.0,482.0,1.5,Mature,,0.539,2006
2006-10-04,Twin Valley Reservoir,Reservoir,White Sucker,Female,453.0,480.0,1.525,Mature,,0.367,2006
2006-10-04,Twin Valley Reservoir,Reservoir,White Sucker,Female,242.0,256.0,0.3,Mature,,0.106,2006
2006-10-05,Twin Valley Reservoir,Reservoir,White Sucker,Unknown,155.0,167.0,0.025,Immature,,0.138,2006
2006-10-05,Twin Valley Reservoir,Reservoir,White Sucker,Unknown,156.0,165.0,0.025,Immature,,0.123,2006
2006-10-05,Twin Valley Reservoir,Reservoir,White Sucker,Female,334.0,356.0,0.55,Mature,,0.307,2006
2006-10-05,Twin Valley Reservoir,Reservoir,White Sucker,Female,336.0,356.0,0.55,Mature,,0.271,2006
2006-10-05,Twin Valley Reservoir,Reservoir,White Sucker,Unknown,178.0,190.0,0.05,Unknown,,0.093,2006
2006-10-05,Twin Valley Reservoir,Reservoir,White Sucker,Male,178.0,191.0,0.05,Immature,,0.068,2006
2006-10-05,Twin Valley Reservoir,Reservoir,White Sucker,Female,451.0,480.0,1.475,Mature,,0.422,2006
2006-10-05,Twin Valley Reservoir,Reservoir,White Sucker,Female,308.0,330.0,0.45,Immature,,0.13,2006
2006-10-05,Twin Valley Reservoir,Reservoir,White Sucker,Male,301.0,320.0,0.4,Mature,,0.282,2006
2020-09-14,Wabamun Lake,Lake,Lake Whitefish,Male,513.0,569.0,2.24,Mature,11.0,0.093,2020
2020-09-14,Wabamun Lake,Lake,Lake Whitefish,Male,501.0,566.0,2.04,Mature,7.0,0.101,2020
2020-09-14,Wabamun Lake,Lake,Lake Whitefish,Male,533.0,595.0,2.36,Mature,11.0,0.096,2020
2020-09-14,Wabamun Lake,Lake,Lake Whitefish,Male,538.0,610.0,2.49,Mature,9.0,0.106,2020
2020-09-14,Wabamun Lake,Lake,Lake Whitefish,Female,504.0,570.0,2.33,Mature,11.0,0.084,2020
2020-09-14,Wabamun Lake,Lake,Lake Whitefish,Male,502.0,568.0,2.57,Mature,10.0,0.054,2020
2020-09-14,Wabamun Lake,Lake,Lake Whitefish,Male,530.0,598.0,2.36,Mature,10.0,0.081,2020
2020-09-14,Wabamun Lake,Lake,Lake Whitefish,Female,553.0,623.0,2.84,Mature,11.0,0.153,2020
2020-09-14,Wabamun Lake,Lake,Lake Whitefish,Male,534.0,595.0,2.71,Mature,12.0,0.083,2020
2020-09-14,Wabamun Lake,Lake,Lake Whitefish,Male,500.0,565.0,2.11,Mature,7.0,0.07,2020
2020-09-14,Wabamun Lake,Lake,Lake Whitefish,Male,483.0,559.0,2.017,Mature,15.0,0.097,2020
2020-09-14,Wabamun Lake,Lake,Lake Whitefish,Male,491.0,560.0,2.176,Mature,22.0,0.048,2020
2020-09-14,Wabamun Lake,Lake,Lake Whitefish,Female,516.0,592.0,2.394,Mature,16.0,0.159,2020
2020-09-14,Wabamun Lake,Lake,Lake Whitefish,Male,509.0,581.0,2.291,Mature,13.0,0.088,2020
2020-09-14,Wabamun Lake,Lake,Lake Whitefish,Female,495.0,552.0,2.06,Mature,7.0,0.095,2020
2020-09-14,Wabamun Lake,Lake,Lake Whitefish,Female,545.0,610.0,2.743,Mature,11.0,0.164,2020
2020-09-14,Wabamun Lake,Lake,Lake Whitefish,Male,514.0,580.0,2.258,Mature,8.0,0.068,2020
2020-09-14,Wabamun Lake,Lake,Lake Whitefish,Female,512.0,565.0,2.378,Mature,8.0,0.089,2020
2020-09-14,Wabamun Lake,Lake,Lake Whitefish,Male,499.0,556.0,1.812,Mature,5.0,0.099,2020
2020-09-15,Wabamun Lake,Lake,Lake Whitefish,Male,517.0,584.0,2.095,Mature,8.0,0.057,2020
2020-09-15,Wabamun Lake,Lake,Lake Whitefish,Male,486.0,545.0,2.128,Mature,14.0,0.029,2020
2020-09-15,Wabamun Lake,Lake,Lake Whitefish,Male,517.0,575.0,2.31,Mature,8.0,0.055,2020
2020-09-14,Wabamun Lake,Lake,Northern Pike,Female,675.0,716.0,2.02,Mature,,0.613,2020
2020-09-14,Wabamun Lake,Lake,Northern Pike,Female,820.0,865.0,3.035,Mature,,2.096,2020
2020-09-14,Wabamun Lake,Lake,Northern Pike,Female,840.0,883.0,4.362,Mature,,1.421,2020
2020-09-14,Wabamun Lake,Lake,Walleye,Male,443.0,470.0,0.89,Mature,9.0,0.414,2020
2020-09-14,Wabamun Lake,Lake,Walleye,Female,375.0,402.0,0.53,Mature,8.0,0.366,2020
2020-09-14,Wabamun Lake,Lake,Walleye,Female,380.0,407.0,0.54,Mature,8.0,0.424,2020
2020-09-14,Wabamun Lake,Lake,Walleye,Female,379.0,405.0,0.53,Mature,8.0,0.528,2020
2020-09-14,Wabamun Lake,Lake,Walleye,Female,402.0,426.0,0.63,Immature,8.0,0.328,2020
2020-09-14,Wabamun Lake,Lake,Walleye,Male,367.0,389.0,0.53,Mature,8.0,0.444,2020
2020-09-14,Wabamun Lake,Lake,Walleye,Female,373.0,397.0,0.519,Mature,8.0,0.4,2020
2020-09-14,Wabamun Lake,Lake,Walleye,Male,382.0,406.0,0.552,Mature,8.0,0.409,2020
2020-09-14,Wabamun Lake,Lake,Walleye,Female,400.0,423.0,0.613,Mature,8.0,0.444,2020
2020-09-15,Wabamun Lake,Lake,Walleye,Female,394.0,420.0,0.564,Mature,8.0,0.404,2020
2020-09-15,Wabamun Lake,Lake,Walleye,Female,408.0,437.0,0.6,Mature,8.0,0.414,2020
2020-09-15,Wabamun Lake,Lake,Walleye,Female,389.0,415.0,0.545,Mature,8.0,0.401,2020
2020-09-15,Wabamun Lake,Lake,Walleye,Female,392.0,417.0,0.56,Mature,8.0,0.402,2020
2020-09-15,Wabamun Lake,Lake,Walleye,Female,393.0,420.0,0.535,Mature,8.0,0.346,2020
2020-09-15,Wabamun Lake,Lake,Walleye,Female,415.0,440.0,0.602,Immature,8.0,0.377,2020
2020-09-15,Wabamun Lake,Lake,Walleye,Male,369.0,390.0,0.532,Immature,8.0,0.233,2020
2020-09-15,Wabamun Lake,Lake,Walleye,Female,390.0,414.0,0.578,Mature,11.0,0.297,2020
2020-09-15,Wabamun Lake,Lake,Walleye,Female,402.0,424.0,0.605,Mature,8.0,0.43,2020
2020-09-15,Wabamun Lake,Lake,Walleye,Female,411.0,438.0,0.598,Mature,8.0,0.296,2020
2020-09-15,Wabamun Lake,Lake,Walleye,Female,397.0,422.0,0.66,Mature,8.0,0.383,2020
2020-09-15,Wabamun Lake,Lake,Walleye,Female,394.0,418.0,0.607,Mature,8.0,0.282,2020
2020-09-15,Wabamun Lake,Lake,Walleye,Female,386.0,410.0,0.573,Mature,8.0,0.311,2020
2006-02-16,Wabamun Lake (Lake Wabamun),Lake,Burbot,Unknown,582.0,,2.23,Unknown,,0.08,2006
2006-02-16,Wabamun Lake (Lake Wabamun),Lake,Burbot,Unknown,595.0,,2.49,Unknown,,0.082,2006
2006-02-16,Wabamun Lake (Lake Wabamun),Lake,Burbot,Unknown,630.0,,2.45,Unknown,,0.099,2006
2006-02-16,Wabamun Lake (Lake Wabamun),Lake,Burbot,Unknown,630.0,,2.47,Unknown,,0.116,2006
2005-02-15,Wabamun Lake (Lake Wabamun),Lake,Lake Whitefish,Unknown,,421.0,0.94,Unknown,,0.068,2005
2005-02-15,Wabamun Lake (Lake Wabamun),Lake,Lake Whitefish,Unknown,,321.0,0.56,Unknown,,0.052,2005
2005-02-15,Wabamun Lake (Lake Wabamun),Lake,Lake Whitefish,Unknown,,381.0,0.76,Unknown,,0.049,2005
2005-02-15,Wabamun Lake (Lake Wabamun),Lake,Lake Whitefish,Unknown,,477.0,1.46,Unknown,,0.11,2005
2005-02-15,Wabamun Lake (Lake Wabamun),Lake,Lake Whitefish,Unknown,,438.0,1.0,Unknown,,0.008,2005
2005-02-15,Wabamun Lake (Lake Wabamun),Lake,Lake Whitefish,Unknown,,420.0,1.05,Unknown,,0.029,2005
2006-02-16,Wabamun Lake (Lake Wabamun),Lake,Lake Whitefish,Unknown,480.0,,1.37,Unknown,,0.115,2006
2006-02-16,Wabamun Lake (Lake Wabamun),Lake,Lake Whitefish,Unknown,427.0,,1.03,Unknown,,0.084,2006
2006-02-16,Wabamun Lake (Lake Wabamun),Lake,Lake Whitefish,Unknown,451.0,,1.2,Unknown,,0.062,2006
2006-02-16,Wabamun Lake (Lake Wabamun),Lake,Lake Whitefish,Unknown,467.0,,1.37,Unknown,,0.084,2006
2006-02-16,Wabamun Lake (Lake Wabamun),Lake,Lake Whitefish,Unknown,480.0,,1.36,Unknown,,0.07,2006
2006-02-16,Wabamun Lake (Lake Wabamun),Lake,Lake Whitefish,Unknown,396.0,,0.88,Unknown,,0.051,2006
2006-02-16,Wabamun Lake (Lake Wabamun),Lake,Lake Whitefish,Unknown,451.0,,1.04,Unknown,,0.027,2006
2006-02-16,Wabamun Lake (Lake Wabamun),Lake,Lake Whitefish,Unknown,433.0,,0.99,Unknown,,0.033,2006
2006-02-16,Wabamun Lake (Lake Wabamun),Lake,Lake Whitefish,Unknown,385.0,,0.88,Unknown,,0.044,2006
2006-02-16,Wabamun Lake (Lake Wabamun),Lake,Lake Whitefish,Unknown,455.0,,1.29,Unknown,,0.095,2006
2006-02-16,Wabamun Lake (Lake Wabamun),Lake,Lake Whitefish,Unknown,405.0,,0.92,Unknown,,0.11,2006
2006-02-16,Wabamun Lake (Lake Wabamun),Lake,Lake Whitefish,Unknown,459.0,,1.41,Unknown,,0.042,2006
2010-09-09,Wabamun Lake (Lake Wabamun),Lake,Lake Whitefish,Female,,443.0,0.78,Unknown,,0.031,2010
2010-09-09,Wabamun Lake (Lake Wabamun),Lake,Lake Whitefish,Female,,452.0,0.79,Unknown,,0.044,2010
2010-09-09,Wabamun Lake (Lake Wabamun),Lake,Lake Whitefish,Unknown,,495.0,1.23,Unknown,,0.03,2010
2010-09-09,Wabamun Lake (Lake Wabamun),Lake,Lake Whitefish,Female,,478.0,1.0,Unknown,,0.046,2010
2010-09-09,Wabamun Lake (Lake Wabamun),Lake,Lake Whitefish,Female,,508.0,1.2,Unknown,,0.019,2010
2010-09-09,Wabamun Lake (Lake Wabamun),Lake,Lake Whitefish,Female,,458.0,0.8,Unknown,,0.011,2010
2010-09-09,Wabamun Lake (Lake Wabamun),Lake,Lake Whitefish,Female,,475.0,1.03,Unknown,,0.049,2010
2010-09-09,Wabamun Lake (Lake Wabamun),Lake,Lake Whitefish,Female,,475.0,1.07,Unknown,,0.044,2010
2010-09-09,Wabamun Lake (Lake Wabamun),Lake,Lake Whitefish,Unknown,,480.0,1.02,Unknown,,0.056,2010
2010-09-09,Wabamun Lake (Lake Wabamun),Lake,Lake Whitefish,Female,,467.0,0.89,Unknown,,0.034,2010
2010-09-09,Wabamun Lake (Lake Wabamun),Lake,Lake Whitefish,Unknown,,482.0,1.07,Unknown,,0.007,2010
2010-09-09,Wabamun Lake (Lake Wabamun),Lake,Lake Whitefish,Unknown,,455.0,0.86,Unknown,,0.001,2010
2010-09-09,Wabamun Lake (Lake Wabamun),Lake,Lake Whitefish,Female,,485.0,1.48,Unknown,,0.077,2010
2005-02-15,Wabamun Lake (Lake Wabamun),Lake,Northern Pike,Unknown,,887.0,6.7,Unknown,,0.444,2005
2005-02-15,Wabamun Lake (Lake Wabamun),Lake,Northern Pike,Unknown,,610.0,1.41,Unknown,,0.312,2005
2006-02-16,Wabamun Lake (Lake Wabamun),Lake,Northern Pike,Unknown,813.0,,4.33,Unknown,,0.318,2006
2006-02-16,Wabamun Lake (Lake Wabamun),Lake,Northern Pike,Unknown,850.0,,4.83,Unknown,,0.253,2006
2006-02-16,Wabamun Lake (Lake Wabamun),Lake,Northern Pike,Unknown,554.0,,1.03,Unknown,,0.349,2006
2006-02-16,Wabamun Lake (Lake Wabamun),Lake,Northern Pike,Unknown,537.0,,0.86,Unknown,,0.465,2006
2010-09-09,Wabamun Lake (Lake Wabamun),Lake,Northern Pike,Female,,633.0,1.49,Unknown,,0.213,2010
2010-09-09,Wabamun Lake (Lake Wabamun),Lake,Northern Pike,Unknown,,645.0,1.77,Unknown,,0.311,2010
2010-09-09,Wabamun Lake (Lake Wabamun),Lake,Northern Pike,Female,,945.0,6.57,Unknown,,0.567,2010
2010-09-09,Wabamun Lake (Lake Wabamun),Lake,Northern Pike,Female,,837.0,4.26,Unknown,,0.604,2010
2010-09-09,Wabamun Lake (Lake Wabamun),Lake,Northern Pike,Female,,751.0,2.63,Unknown,,0.281,2010
2010-09-09,Wabamun Lake (Lake Wabamun),Lake,Northern Pike,Unknown,,535.0,0.9,Unknown,,0.255,2010
2010-09-09,Wabamun Lake (Lake Wabamun),Lake,Northern Pike,Female,,695.0,2.55,Unknown,,0.315,2010
2010-09-09,Wabamun Lake (Lake Wabamun),Lake,Northern Pike,Female,,720.0,2.38,Unknown,,0.238,2010
2010-09-09,Wabamun Lake (Lake Wabamun),Lake,Northern Pike,Unknown,,755.0,2.5,Unknown,,0.486,2010
2010-09-09,Wabamun Lake (Lake Wabamun),Lake,Northern Pike,Unknown,,932.0,5.87,Unknown,,0.538,2010
2009-09-24,Whitefish Lake,Lake,Lake Whitefish,Unknown,761.0,,3.486,Unknown,,0.785,2009
2012-09-14,Whitefish Lake,Lake,Lake Whitefish,Unknown,,,,Unknown,,0.105,2012
2012-09-14,Whitefish Lake,Lake,Lake Whitefish,Unknown,,,,Unknown,,0.013,2012
2012-09-14,Whitefish Lake,Lake,Lake Whitefish,Female,435.0,488.0,1.131,Mature,,0.323,2012
2012-09-14,Whitefish Lake,Lake,Lake Whitefish,Male,404.0,457.0,0.793,Mature,,0.057,2012
2016-09-13,Whitefish Lake,Lake,Lake Whitefish,Male,467.0,517.0,1.479,Mature,23.0,0.142,2016
2016-09-13,Whitefish Lake,Lake,Lake Whitefish,Male,394.0,441.0,0.852,Mature,10.0,0.288,2016
2016-09-13,Whitefish Lake,Lake,Lake Whitefish,Male,460.0,507.0,1.281,Mature,,0.132,2016
2016-09-14,Whitefish Lake,Lake,Lake Whitefish,Female,426.0,472.0,0.902,Mature,17.0,0.036,2016
2016-09-14,Whitefish Lake,Lake,Lake Whitefish,Female,435.0,480.0,1.171,Mature,10.0,0.255,2016
2016-09-14,Whitefish Lake,Lake,Lake Whitefish,Female,420.0,465.0,1.02,Mature,13.0,0.172,2016
2016-09-14,Whitefish Lake,Lake,Lake Whitefish,Female,415.0,463.0,0.879,Mature,12.0,0.09,2016
2016-09-14,Whitefish Lake,Lake,Lake Whitefish,Male,420.0,469.0,0.902,Mature,24.0,0.032,2016
2016-09-15,Whitefish Lake,Lake,Lake Whitefish,Female,405.0,454.0,0.83,Mature,5.0,0.185,2016
2016-09-15,Whitefish Lake,Lake,Lake Whitefish,Male,399.0,442.0,0.743,Mature,19.0,0.153,2016
2016-09-16,Whitefish Lake,Lake,Lake Whitefish,Male,483.0,529.0,1.332,Mature,18.0,0.094,2016
2016-09-16,Whitefish Lake,Lake,Lake Whitefish,Female,410.0,455.0,0.875,Mature,10.0,0.074,2016
2016-09-16,Whitefish Lake,Lake,Lake Whitefish,Male,400.0,445.0,0.807,Mature,14.0,0.072,2016
2016-09-16,Whitefish Lake,Lake,Lake Whitefish,Female,395.0,440.0,0.83,Mature,11.0,0.121,2016
2016-09-16,Whitefish Lake,Lake,Lake Whitefish,Male,415.0,460.0,0.905,Mature,12.0,0.069,2016
2016-09-16,Whitefish Lake,Lake,Lake Whitefish,Male,445.0,492.0,1.184,Mature,19.0,0.067,2016
2016-09-16,Whitefish Lake,Lake,Lake Whitefish,Male,425.0,475.0,0.962,Mature,12.0,0.069,2016
2016-09-16,Whitefish Lake,Lake,Lake Whitefish,Male,406.0,459.0,0.828,Mature,10.0,0.222,2016
2009-09-22,Whitefish Lake,Lake,Northern Pike,Female,911.0,952.0,5.625,Mature,9.0,0.867,2009
2009-09-23,Whitefish Lake,Lake,Northern Pike,Male,670.0,709.0,2.367,Mature,9.0,0.574,2009
2009-09-23,Whitefish Lake,Lake,Northern Pike,Female,791.0,832.0,4.08,Mature,10.0,0.58,2009
2009-09-24,Whitefish Lake,Lake,Northern Pike,Female,752.0,799.0,3.272,Mature,10.0,0.54,2009
2009-09-24,Whitefish Lake,Lake,Northern Pike,Female,855.0,894.0,5.625,Mature,12.0,0.819,2009
2009-09-24,Whitefish Lake,Lake,Northern Pike,Female,649.0,692.0,2.151,Mature,6.0,0.269,2009
2009-10-16,Whitefish Lake,Lake,Northern Pike,Unknown,821.0,,3.604,Unknown,,0.799,2009
2012-09-13,Whitefish Lake,Lake,Northern Pike,Female,630.0,664.0,1.745,Mature,4.0,0.46,2012
2012-09-13,Whitefish Lake,Lake,Northern Pike,Male,616.0,656.0,1.633,Mature,6.0,0.612,2012
2012-09-14,Whitefish Lake,Lake,Northern Pike,Unknown,,,,Unknown,,0.733,2012
2012-09-14,Whitefish Lake,Lake,Northern Pike,Unknown,,,,Unknown,,0.834,2012
2016-09-13,Whitefish Lake,Lake,Northern Pike,Female,978.0,1031.0,7.55,Mature,14.0,1.27,2016
2016-09-13,Whitefish Lake,Lake,Northern Pike,Female,662.0,670.0,2.218,Mature,,0.581,2016
2016-09-14,Whitefish Lake,Lake,Northern Pike,Male,750.0,785.0,3.438,Mature,14.0,0.816,2016
2016-09-14,Whitefish Lake,Lake,Northern Pike,Female,901.0,950.0,6.1,Mature,16.0,0.907,2016
2016-09-15,Whitefish Lake,Lake,Northern Pike,Male,598.0,642.0,1.444,Mature,7.0,0.897,2016
2016-09-15,Whitefish Lake,Lake,Northern Pike,Male,545.0,584.0,1.482,Mature,4.0,0.618,2016
2016-09-16,Whitefish Lake,Lake,Northern Pike,Female,649.0,689.0,2.165,Mature,6.0,0.545,2016
2016-09-16,Whitefish Lake,Lake,Northern Pike,Male,605.0,645.0,1.733,Mature,,0.841,2016
2016-09-16,Whitefish Lake,Lake,Northern Pike,Female,590.0,633.0,1.419,Mature,4.0,0.579,2016
2016-09-16,Whitefish Lake,Lake,Northern Pike,Female,630.0,672.0,1.431,Mature,6.0,0.513,2016
2016-09-16,Whitefish Lake,Lake,Northern Pike,Female,620.0,667.0,1.866,Mature,5.0,0.36,2016
2016-09-16,Whitefish Lake,Lake,Northern Pike,Male,516.0,555.0,1.128,Mature,3.0,0.259,2016
2016-09-16,Whitefish Lake,Lake,Northern Pike,Male,586.0,625.0,1.715,Mature,6.0,0.592,2016
2016-09-16,Whitefish Lake,Lake,Northern Pike,Male,565.0,603.0,1.431,Mature,4.0,0.242,2016
2009-09-23,Whitefish Lake,Lake,Walleye,Male,628.0,656.0,2.77,Mature,12.0,0.868,2009
2009-09-23,Whitefish Lake,Lake,Walleye,Female,561.0,597.0,2.042,Mature,10.0,0.747,2009
2009-09-23,Whitefish Lake,Lake,Walleye,Male,502.0,530.0,1.421,Mature,11.0,1.021,2009
2009-09-23,Whitefish Lake,Lake,Walleye,Male,495.0,523.0,1.292,Mature,12.0,0.834,2009
2009-09-23,Whitefish Lake,Lake,Walleye,Female,590.0,619.0,2.271,Mature,12.0,0.86,2009
2009-09-23,Whitefish Lake,Lake,Walleye,Female,515.0,541.0,1.44,Mature,9.0,0.797,2009
2009-09-23,Whitefish Lake,Lake,Walleye,Female,536.0,566.0,1.73,Mature,11.0,0.933,2009
2009-09-23,Whitefish Lake,Lake,Walleye,Female,540.0,570.0,1.826,Mature,10.0,0.427,2009
2009-09-24,Whitefish Lake,Lake,Walleye,Female,552.0,584.0,1.81,Mature,11.0,0.875,2009
2012-09-13,Whitefish Lake,Lake,Walleye,Female,568.0,597.0,1.919,Mature,12.0,0.815,2012
2012-09-13,Whitefish Lake,Lake,Walleye,Female,585.0,617.0,2.107,Mature,13.0,0.745,2012
2012-09-13,Whitefish Lake,Lake,Walleye,Female,575.0,605.0,1.903,Mature,12.0,0.867,2012
2012-09-13,Whitefish Lake,Lake,Walleye,Female,544.0,577.0,1.888,Mature,12.0,1.056,2012
2012-09-13,Whitefish Lake,Lake,Walleye,Female,479.0,509.0,1.216,Mature,9.0,0.503,2012
2012-09-13,Whitefish Lake,Lake,Walleye,Male,520.0,552.0,1.745,Mature,12.0,0.914,2012
2012-09-13,Whitefish Lake,Lake,Walleye,Male,421.0,447.0,0.855,Mature,9.0,0.836,2012
2012-09-13,Whitefish Lake,Lake,Walleye,Male,500.0,528.0,1.184,Mature,19.0,1.158,2012
2012-09-13,Whitefish Lake,Lake,Walleye,Male,459.0,487.0,1.069,Mature,12.0,1.303,2012
2012-09-14,Whitefish Lake,Lake,Walleye,Unknown,,,,Unknown,,1.107,2012
2012-09-14,Whitefish Lake,Lake,Walleye,Unknown,,,,Unknown,,0.628,2012
2012-09-14,Whitefish Lake,Lake,Walleye,Unknown,,,,Unknown,,0.568,2012
2012-09-14,Whitefish Lake,Lake,Walleye,Female,507.0,540.0,1.373,Mature,9.0,0.534,2012
2012-09-14,Whitefish Lake,Lake,Walleye,Unknown,,,,Unknown,,0.406,2012
2012-09-14,Whitefish Lake,Lake,Walleye,Unknown,,,,Unknown,,0.545,2012
2012-09-14,Whitefish Lake,Lake,Walleye,Unknown,,,,Unknown,,0.578,2012
2016-09-13,Whitefish Lake,Lake,Walleye,Female,525.0,553.0,1.595,Mature,13.0,1.123,2016
2016-09-13,Whitefish Lake,Lake,Walleye,Male,473.0,503.0,1.403,Mature,17.0,1.205,2016
2016-09-13,Whitefish Lake,Lake,Walleye,Male,496.0,527.0,1.383,Mature,13.0,1.187,2016
2016-09-13,Whitefish Lake,Lake,Walleye,Male,440.0,474.0,1.008,Mature,11.0,1.127,2016
2016-09-13,Whitefish Lake,Lake,Walleye,Female,621.0,655.0,3.101,Mature,16.0,1.028,2016
2016-09-13,Whitefish Lake,Lake,Walleye,Female,593.0,627.0,2.475,Mature,16.0,1.107,2016
2016-09-13,Whitefish Lake,Lake,Walleye,Female,560.0,592.0,2.111,Mature,16.0,1.297,2016
2016-09-13,Whitefish Lake,Lake,Walleye,Female,605.0,640.0,2.711,Mature,16.0,1.145,2016
2016-09-13,Whitefish Lake,Lake,Walleye,Male,453.0,483.0,1.001,Mature,9.0,0.84,2016
2016-09-13,Whitefish Lake,Lake,Walleye,Male,406.0,436.0,0.902,Mature,7.0,0.452,2016
2016-09-13,Whitefish Lake,Lake,Walleye,Female,505.0,537.0,1.558,Mature,7.0,0.825,2016
2016-09-13,Whitefish Lake,Lake,Walleye,Female,557.0,591.0,2.058,Mature,13.0,1.159,2016
2016-09-13,Whitefish Lake,Lake,Walleye,Female,530.0,564.0,1.836,Mature,9.0,0.785,2016
2016-09-13,Whitefish Lake,Lake,Walleye,Male,473.0,503.0,1.252,Mature,10.0,0.938,2016
2016-09-13,Whitefish Lake,Lake,Walleye,Male,437.0,467.0,0.912,Mature,7.0,0.829,2016
2016-09-13,Whitefish Lake,Lake,Walleye,Male,495.0,528.0,1.53,Mature,16.0,1.129,2016
2016-09-13,Whitefish Lake,Lake,Walleye,Female,538.0,570.0,1.983,Mature,13.0,1.05,2016
2016-09-13,Whitefish Lake,Lake,Walleye,Female,510.0,541.0,1.669,Mature,10.0,0.921,2016
2016-09-13,Whitefish Lake,Lake,Walleye,Male,464.0,495.0,1.149,Mature,8.0,0.778,2016
2016-09-13,Whitefish Lake,Lake,Walleye,Male,480.0,513.0,1.066,Mature,15.0,1.44,2016
2016-09-13,Whitefish Lake,Lake,Walleye,Female,523.0,556.0,1.76,Mature,13.0,0.87,2016
2003-07-30,Willow Creek,River,Brook Trout,Unknown,274.0,,0.19,Unknown,,0.274,2003
2003-07-30,Willow Creek,River,Brown Trout,Unknown,352.0,,0.505,Unknown,,0.393,2003
2003-10-06,Willow Creek,River,Brown Trout,Unknown,355.0,,0.47,Unknown,,0.461,2003
1997-07-22,Willow Creek,River,Burbot,Unknown,305.0,,0.165,Unknown,,0.265,1997
1997-07-22,Willow Creek,River,Burbot,Unknown,408.0,,1.405,Unknown,,0.371,1997
1997-07-22,Willow Creek,River,Burbot,Unknown,321.0,,0.2,Unknown,,0.351,1997
1997-07-22,Willow Creek,River,Burbot,Unknown,610.0,,1.312,Unknown,,0.448,1997
1997-07-23,Willow Creek,River,Burbot,Unknown,719.0,,1.826,Unknown,,0.419,1997
1997-07-23,Willow Creek,River,Burbot,Unknown,546.0,,1.016,Unknown,,0.374,1997
1997-07-23,Willow Creek,River,Burbot,Unknown,603.0,,1.068,Unknown,,0.491,1997
1997-07-24,Willow Creek,River,Burbot,Unknown,437.0,,0.233,Unknown,,0.301,1997
1997-07-24,Willow Creek,River,Burbot,Unknown,309.0,,0.16,Unknown,,0.324,1997
1997-07-24,Willow Creek,River,Burbot,Unknown,286.0,,0.137,Unknown,,0.212,1997
1997-07-25,Willow Creek,River,Burbot,Unknown,674.0,,1.518,Unknown,,0.51,1997
1997-07-25,Willow Creek,River,Burbot,Unknown,560.0,,0.996,Unknown,,0.349,1997
1997-08-01,Willow Creek,River,Burbot,Unknown,641.0,,1.293,Unknown,,0.392,1997
1997-08-01,Willow Creek,River,Burbot,Unknown,555.0,,0.828,Unknown,,0.35,1997
1997-08-01,Willow Creek,River,Burbot,Unknown,576.0,,1.063,Unknown,,0.336,1997
1997-08-27,Willow Creek,River,Burbot,Unknown,585.0,,1.2,Unknown,,0.449,1997
1997-08-27,Willow Creek,River,Burbot,Unknown,556.0,,0.873,Unknown,,0.537,1997
1997-08-27,Willow Creek,River,Burbot,Unknown,519.0,,0.769,Unknown,,0.465,1997
1997-08-27,Willow Creek,River,Burbot,Unknown,531.0,,0.921,Unknown,,0.315,1997
1997-08-27,Willow Creek,River,Burbot,Unknown,387.0,,0.3,Unknown,,0.415,1997
2003-07-17,Willow Creek,River,Burbot,Unknown,,350.0,0.25,Unknown,,0.536,2003
2003-07-18,Willow Creek,River,Burbot,Unknown,,219.0,0.055,Unknown,,0.184,2003
2003-07-18,Willow Creek,River,Burbot,Unknown,,708.0,1.9,Unknown,,0.811,2003
2003-07-21,Willow Creek,River,Burbot,Unknown,,300.0,0.12,Unknown,,0.451,2003
2003-07-22,Willow Creek,River,Burbot,Unknown,,256.0,0.115,Unknown,,0.238,2003
2003-07-22,Willow Creek,River,Burbot,Unknown,,237.0,0.08,Unknown,,0.334,2003
2003-07-22,Willow Creek,River,Burbot,Unknown,,368.0,0.295,Unknown,,0.415,2003
2003-07-22,Willow Creek,River,Burbot,Unknown,,213.0,0.055,Unknown,,0.392,2003
2003-07-22,Willow Creek,River,Burbot,Unknown,,253.0,0.105,Unknown,,0.295,2003
2003-07-22,Willow Creek,River,Burbot,Unknown,,318.0,0.19,Unknown,,0.394,2003
2003-07-22,Willow Creek,River,Burbot,Unknown,,346.0,0.24,Unknown,,0.374,2003
2003-07-23,Willow Creek,River,Burbot,Unknown,,246.0,0.085,Unknown,,0.308,2003
2003-07-23,Willow Creek,River,Burbot,Unknown,,285.0,0.135,Unknown,,0.34,2003
2003-07-23,Willow Creek,River,Burbot,Unknown,,176.0,0.025,Unknown,,0.043,2003
2003-07-23,Willow Creek,River,Burbot,Unknown,,224.0,0.055,Unknown,,0.424,2003
2003-07-23,Willow Creek,River,Burbot,Unknown,,283.0,0.16,Unknown,,0.272,2003
2003-07-23,Willow Creek,River,Burbot,Unknown,,291.0,0.185,Unknown,,0.301,2003
2003-07-23,Willow Creek,River,Burbot,Unknown,,320.0,0.155,Unknown,,0.476,2003
2003-07-24,Willow Creek,River,Burbot,Unknown,,187.0,0.035,Unknown,,0.147,2003
2003-07-24,Willow Creek,River,Burbot,Unknown,,136.0,0.01,Unknown,,0.073,2003
2003-07-24,Willow Creek,River,Burbot,Unknown,,271.0,0.095,Unknown,,0.267,2003
2003-07-24,Willow Creek,River,Burbot,Unknown,,189.0,0.03,Unknown,,0.084,2003
2003-07-24,Willow Creek,River,Burbot,Unknown,,198.0,0.035,Unknown,,0.261,2003
2003-07-24,Willow Creek,River,Burbot,Unknown,,149.0,0.01,Unknown,,0.068,2003
2003-07-28,Willow Creek,River,Burbot,Unknown,,320.0,0.19,Unknown,,0.325,2003
2003-07-28,Willow Creek,River,Burbot,Unknown,,241.0,0.065,Unknown,,0.151,2003
2003-10-07,Willow Creek,River,Burbot,Unknown,,228.0,0.055,Unknown,,0.089,2003
2003-10-07,Willow Creek,River,Burbot,Unknown,,222.0,0.045,Unknown,,0.334,2003
2003-10-07,Willow Creek,River,Burbot,Unknown,,338.0,0.155,Unknown,,0.382,2003
2004-09-28,Willow Creek,River,Burbot,Unknown,284.0,,0.13,Unknown,,0.233,2004
2004-09-28,Willow Creek,River,Burbot,Unknown,361.0,,0.23,Unknown,,0.286,2004
2004-09-28,Willow Creek,River,Burbot,Unknown,501.0,,0.76,Unknown,,0.192,2004
2004-09-29,Willow Creek,River,Burbot,Unknown,329.0,,0.23,Unknown,,0.21,2004
2004-10-07,Willow Creek,River,Burbot,Unknown,292.0,,0.155,Unknown,,0.322,2004
2004-10-07,Willow Creek,River,Burbot,Unknown,299.0,,0.15,Unknown,,0.364,2004
2004-10-07,Willow Creek,River,Burbot,Unknown,321.0,,0.2,Unknown,,0.265,2004
2004-10-07,Willow Creek,River,Burbot,Unknown,332.0,,0.26,Unknown,,0.224,2004
2005-09-29,Willow Creek,River,Burbot,Unknown,,337.0,,Unknown,,0.426,2005
2007-10-01,Willow Creek,River,Burbot,Unknown,596.0,,1.422,Unknown,,0.343,2007
2007-10-01,Willow Creek,River,Burbot,Unknown,140.0,,0.016,Unknown,,0.104,2007
2007-10-01,Willow Creek,River,Burbot,Unknown,417.0,,0.361,Unknown,,0.294,2007
2007-10-01,Willow Creek,River,Burbot,Unknown,386.0,,0.321,Unknown,,0.301,2007
2007-10-01,Willow Creek,River,Burbot,Unknown,246.0,,0.083,Unknown,,0.156,2007
2007-10-01,Willow Creek,River,Burbot,Unknown,362.0,,0.258,Unknown,,0.312,2007
2007-10-01,Willow Creek,River,Burbot,Unknown,297.0,,0.162,Unknown,,0.352,2007
2007-10-01,Willow Creek,River,Burbot,Unknown,271.0,,0.113,Unknown,,0.254,2007
2007-10-02,Willow Creek,River,Burbot,Unknown,486.0,,0.808,Unknown,,0.331,2007
2007-10-02,Willow Creek,River,Burbot,Unknown,376.0,,0.317,Unknown,,0.298,2007
2007-10-02,Willow Creek,River,Burbot,Unknown,455.0,,0.477,Unknown,,0.434,2007
2007-10-03,Willow Creek,River,Burbot,Unknown,432.0,,0.404,Unknown,,0.278,2007
2007-10-03,Willow Creek,River,Burbot,Unknown,215.0,,0.048,Unknown,,0.163,2007
2007-10-03,Willow Creek,River,Burbot,Unknown,371.0,,0.345,Unknown,,0.201,2007
2007-10-04,Willow Creek,River,Burbot,Unknown,480.0,,0.653,Unknown,,0.17,2007
2007-10-04,Willow Creek,River,Burbot,Unknown,351.0,,0.277,Unknown,,0.201,2007
2007-10-05,Willow Creek,River,Burbot,Unknown,295.0,,0.153,Unknown,,0.237,2007
2007-10-05,Willow Creek,River,Burbot,Unknown,435.0,,0.491,Unknown,,0.337,2007
1997-07-23,Willow Creek,River,Cutthroat Trout,Unknown,186.0,,0.057,Unknown,,0.061,1997
1997-07-24,Willow Creek,River,Cutthroat Trout,Unknown,205.0,,0.082,Unknown,,0.026,1997
1997-07-21,Willow Creek,River,Lake Chub (Cisco),Unknown,,83.0,0.006,Unknown,,0.199,1997
1997-07-22,Willow Creek,River,Lake Chub (Cisco),Unknown,77.0,,0.005,Unknown,,0.197,1997
1997-07-23,Willow Creek,River,Lake Chub (Cisco),Unknown,118.0,,0.021,Unknown,,0.181,1997
1997-07-23,Willow Creek,River,Lake Chub (Cisco),Unknown,118.0,,0.021,Unknown,,0.184,1997
1997-07-24,Willow Creek,River,Lake Chub (Cisco),Unknown,85.0,,0.006,Unknown,,0.162,1997
1997-07-24,Willow Creek,River,Lake Chub (Cisco),Unknown,85.0,,0.007,Unknown,,0.175,1997
2003-10-07,Willow Creek,River,Lake Chub (Cisco),Unknown,,124.0,0.01,Unknown,,0.137,2003
2003-10-09,Willow Creek,River,Lake Chub (Cisco),Unknown,,66.0,,Unknown,,0.097,2003
2003-10-09,Willow Creek,River,Lake Chub (Cisco),Unknown,,109.0,0.01,Unknown,,0.244,2003
2003-10-09,Willow Creek,River,Lake Chub (Cisco),Unknown,,93.0,,Unknown,,0.17,2003
2003-10-09,Willow Creek,River,Lake Chub (Cisco),Unknown,,80.0,,Unknown,,0.073,2003
2003-10-10,Willow Creek,River,Lake Chub (Cisco),Unknown,,75.0,,Unknown,,0.08,2003
2003-10-10,Willow Creek,River,Lake Chub (Cisco),Unknown,,73.0,,Unknown,,0.103,2003
2003-10-10,Willow Creek,River,Lake Chub (Cisco),Unknown,,100.0,0.005,Unknown,,0.108,2003
2003-10-10,Willow Creek,River,Lake Chub (Cisco),Unknown,,65.0,,Unknown,,0.156,2003
2003-10-10,Willow Creek,River,Lake Chub (Cisco),Unknown,,58.0,,Unknown,,0.186,2003
1997-07-21,Willow Creek,River,Longnose Dace,Unknown,,55.0,0.002,Unknown,,0.219,1997
1997-07-21,Willow Creek,River,Longnose Dace,Unknown,,65.0,,Unknown,,0.221,1997
1997-07-21,Willow Creek,River,Longnose Dace,Unknown,,53.0,0.002,Unknown,,0.134,1997
1997-07-21,Willow Creek,River,Longnose Dace,Unknown,,73.0,,Unknown,,0.18,1997
1997-07-21,Willow Creek,River,Longnose Dace,Unknown,,52.0,,Unknown,,0.192,1997
2003-10-10,Willow Creek,River,Longnose Dace,Unknown,,41.0,,Unknown,,0.064,2003
2003-10-10,Willow Creek,River,Longnose Dace,Unknown,,54.0,,Unknown,,0.072,2003
2003-10-10,Willow Creek,River,Longnose Dace,Unknown,,55.0,,Unknown,,0.067,2003
2003-10-10,Willow Creek,River,Longnose Dace,Unknown,,67.0,,Unknown,,0.116,2003
2003-10-10,Willow Creek,River,Longnose Dace,Unknown,,65.0,,Unknown,,0.146,2003
2003-10-06,Willow Creek,River,Longnose Sucker,Unknown,,194.0,0.08,Unknown,,0.085,2003
2003-10-06,Willow Creek,River,Longnose Sucker,Unknown,,200.0,0.08,Unknown,,0.07,2003
2003-10-06,Willow Creek,River,Longnose Sucker,Unknown,,244.0,0.15,Unknown,,0.13,2003
2003-10-06,Willow Creek,River,Longnose Sucker,Unknown,,328.0,0.38,Unknown,,0.139,2003
2003-10-06,Willow Creek,River,Longnose Sucker,Unknown,,216.0,0.125,Unknown,,0.065,2003
2003-10-06,Willow Creek,River,Longnose Sucker,Unknown,,212.0,0.11,Unknown,,0.093,2003
2003-10-06,Willow Creek,River,Longnose Sucker,Unknown,,295.0,0.285,Unknown,,0.125,2003
2003-10-06,Willow Creek,River,Longnose Sucker,Unknown,,309.0,0.33,Unknown,,0.128,2003
2003-10-06,Willow Creek,River,Longnose Sucker,Unknown,,277.0,0.225,Unknown,,0.103,2003
2003-10-06,Willow Creek,River,Longnose Sucker,Unknown,,269.0,0.19,Unknown,,0.171,2003
2003-10-07,Willow Creek,River,Longnose Sucker,Unknown,,191.0,0.07,Unknown,,0.062,2003
2003-10-07,Willow Creek,River,Longnose Sucker,Unknown,,183.0,0.055,Unknown,,0.092,2003
2003-10-07,Willow Creek,River,Longnose Sucker,Unknown,,302.0,0.27,Unknown,,0.15,2003
2003-10-07,Willow Creek,River,Longnose Sucker,Unknown,,312.0,0.285,Unknown,,0.139,2003
2003-10-08,Willow Creek,River,Longnose Sucker,Unknown,,190.0,0.065,Unknown,,0.092,2003
2003-10-08,Willow Creek,River,Longnose Sucker,Unknown,,272.0,0.175,Unknown,,0.129,2003
2003-10-08,Willow Creek,River,Longnose Sucker,Unknown,69.0,,,Unknown,,0.029,2003
2003-10-09,Willow Creek,River,Longnose Sucker,Unknown,,296.0,0.345,Unknown,,0.089,2003
2003-10-09,Willow Creek,River,Longnose Sucker,Unknown,,430.0,0.935,Unknown,,0.401,2003
2003-10-09,Willow Creek,River,Longnose Sucker,Unknown,,215.0,0.115,Unknown,,0.085,2003
2003-10-09,Willow Creek,River,Longnose Sucker,Unknown,,354.0,0.54,Unknown,,0.162,2003
2003-10-09,Willow Creek,River,Longnose Sucker,Unknown,,210.0,0.105,Unknown,,0.083,2003
2003-10-09,Willow Creek,River,Longnose Sucker,Unknown,,391.0,0.55,Unknown,,0.266,2003
2003-10-09,Willow Creek,River,Longnose Sucker,Unknown,,393.0,0.7,Unknown,,0.352,2003
2003-10-10,Willow Creek,River,Longnose Sucker,Unknown,,104.0,,Unknown,,0.072,2003
2003-10-10,Willow Creek,River,Longnose Sucker,Unknown,,57.0,,Unknown,,0.044,2003
2003-10-10,Willow Creek,River,Longnose Sucker,Unknown,,252.0,0.17,Unknown,,0.122,2003
2003-10-10,Willow Creek,River,Longnose Sucker,Unknown,,88.0,,Unknown,,0.065,2003
2003-10-10,Willow Creek,River,Longnose Sucker,Unknown,,353.0,0.52,Unknown,,0.125,2003
2003-10-10,Willow Creek,River,Longnose Sucker,Unknown,,112.0,0.015,Unknown,,0.072,2003
2003-10-10,Willow Creek,River,Longnose Sucker,Unknown,,107.0,0.01,Unknown,,0.08,2003
2003-10-10,Willow Creek,River,Longnose Sucker,Unknown,66.0,,,Unknown,,0.098,2003
2003-10-10,Willow Creek,River,Longnose Sucker,Unknown,61.0,,,Unknown,,0.027,2003
2004-09-28,Willow Creek,River,Longnose Sucker,Unknown,182.0,,0.08,Unknown,,0.076,2004
2004-09-28,Willow Creek,River,Longnose Sucker,Unknown,214.0,,0.105,Unknown,,0.087,2004
2004-09-28,Willow Creek,River,Longnose Sucker,Unknown,279.0,,0.255,Unknown,,0.097,2004
2004-09-28,Willow Creek,River,Longnose Sucker,Unknown,284.0,,0.26,Unknown,,0.087,2004
2004-09-28,Willow Creek,River,Longnose Sucker,Unknown,328.0,,0.4,Unknown,,0.136,2004
2004-09-28,Willow Creek,River,Longnose Sucker,Unknown,336.0,,0.405,Unknown,,0.146,2004
2004-09-28,Willow Creek,River,Longnose Sucker,Unknown,355.0,,0.53,Unknown,,0.14,2004
2004-09-28,Willow Creek,River,Longnose Sucker,Unknown,428.0,,0.975,Unknown,,0.279,2004
2004-09-28,Willow Creek,River,Longnose Sucker,Unknown,430.0,,1.045,Unknown,,0.268,2004
2004-09-28,Willow Creek,River,Longnose Sucker,Unknown,443.0,,1.035,Unknown,,0.37,2004
2004-09-29,Willow Creek,River,Longnose Sucker,Unknown,80.0,,0.0050999999999999995,Unknown,,0.116,2004
2004-09-29,Willow Creek,River,Longnose Sucker,Unknown,97.0,,0.01,Unknown,,0.084,2004
2004-09-29,Willow Creek,River,Longnose Sucker,Unknown,176.0,,0.065,Unknown,,0.106,2004
2004-09-29,Willow Creek,River,Longnose Sucker,Unknown,108.0,,0.01,Unknown,,0.083,2004
2004-09-29,Willow Creek,River,Longnose Sucker,Unknown,131.0,,0.02,Unknown,,0.092,2004
2004-09-29,Willow Creek,River,Longnose Sucker,Unknown,134.0,,0.02,Unknown,,0.11,2004
2004-09-29,Willow Creek,River,Longnose Sucker,Unknown,134.0,,0.03,Unknown,,0.037,2004
2004-09-29,Willow Creek,River,Longnose Sucker,Unknown,143.0,,0.04,Unknown,,0.052,2004
2004-09-29,Willow Creek,River,Longnose Sucker,Unknown,145.0,,0.035,Unknown,,0.059,2004
2004-09-29,Willow Creek,River,Longnose Sucker,Unknown,199.0,,0.09,Unknown,,0.092,2004
2004-09-29,Willow Creek,River,Longnose Sucker,Unknown,222.0,,0.125,Unknown,,0.091,2004
2004-10-07,Willow Creek,River,Longnose Sucker,Unknown,177.0,,0.07,Unknown,,0.104,2004
2004-10-07,Willow Creek,River,Longnose Sucker,Unknown,188.0,,0.075,Unknown,,0.166,2004
2004-10-07,Willow Creek,River,Longnose Sucker,Unknown,217.0,,0.125,Unknown,,0.094,2004
2004-10-07,Willow Creek,River,Longnose Sucker,Unknown,243.0,,0.165,Unknown,,0.11,2004
2004-10-07,Willow Creek,River,Longnose Sucker,Unknown,269.0,,0.22,Unknown,,0.093,2004
2004-10-07,Willow Creek,River,Longnose Sucker,Unknown,299.0,,0.32,Unknown,,0.174,2004
2004-10-07,Willow Creek,River,Longnose Sucker,Unknown,137.0,,0.025,Unknown,,0.082,2004
2004-10-07,Willow Creek,River,Longnose Sucker,Unknown,166.0,,0.045,Unknown,,0.11,2004
2004-10-07,Willow Creek,River,Longnose Sucker,Unknown,82.0,,0.0079,Unknown,,0.035,2004
2004-10-07,Willow Creek,River,Longnose Sucker,Unknown,213.0,,0.11,Unknown,,0.151,2004
2004-10-07,Willow Creek,River,Longnose Sucker,Unknown,330.0,,0.475,Unknown,,0.238,2004
2005-09-28,Willow Creek,River,Longnose Sucker,Unknown,,255.0,0.175,Unknown,,0.095,2005
2005-09-28,Willow Creek,River,Longnose Sucker,Unknown,,133.0,,Unknown,,0.055,2005
2005-09-28,Willow Creek,River,Longnose Sucker,Unknown,,116.0,,Unknown,,0.077,2005
2005-09-28,Willow Creek,River,Longnose Sucker,Unknown,,134.0,,Unknown,,0.079,2005
2005-09-28,Willow Creek,River,Longnose Sucker,Unknown,,127.0,,Unknown,,0.035,2005
2005-09-28,Willow Creek,River,Longnose Sucker,Unknown,,427.0,0.794,Unknown,,0.168,2005
2005-09-28,Willow Creek,River,Longnose Sucker,Unknown,,441.0,0.817,Unknown,,0.309,2005
2005-09-29,Willow Creek,River,Longnose Sucker,Unknown,,172.0,,Unknown,,0.036,2005
2005-09-29,Willow Creek,River,Longnose Sucker,Unknown,,266.0,,Unknown,,0.07,2005
2005-09-29,Willow Creek,River,Longnose Sucker,Unknown,,240.0,,Unknown,,0.072,2005
2005-09-29,Willow Creek,River,Longnose Sucker,Unknown,,182.0,,Unknown,,0.073,2005
2005-09-29,Willow Creek,River,Longnose Sucker,Unknown,,313.0,,Unknown,,0.048,2005
2005-09-29,Willow Creek,River,Longnose Sucker,Unknown,,342.0,,Unknown,,0.259,2005
2007-10-01,Willow Creek,River,Longnose Sucker,Unknown,372.0,,0.649,Unknown,,0.131,2007
2007-10-01,Willow Creek,River,Longnose Sucker,Unknown,276.0,,0.244,Unknown,,0.059,2007
2007-10-01,Willow Creek,River,Longnose Sucker,Unknown,198.0,,0.078,Unknown,,0.055,2007
2007-10-01,Willow Creek,River,Longnose Sucker,Unknown,182.0,,0.054,Unknown,,0.104,2007
2007-10-01,Willow Creek,River,Longnose Sucker,Unknown,163.0,,0.042,Unknown,,0.086,2007
2007-10-01,Willow Creek,River,Longnose Sucker,Unknown,136.0,,0.021,Unknown,,0.114,2007
2007-10-01,Willow Creek,River,Longnose Sucker,Unknown,145.0,,0.031,Unknown,,0.117,2007
2007-10-01,Willow Creek,River,Longnose Sucker,Unknown,197.0,,0.082,Unknown,,0.071,2007
2007-10-01,Willow Creek,River,Longnose Sucker,Unknown,130.0,,0.02,Unknown,,0.097,2007
2007-10-01,Willow Creek,River,Longnose Sucker,Unknown,137.0,,0.027,Unknown,,0.11,2007
2007-10-01,Willow Creek,River,Longnose Sucker,Unknown,304.0,,0.312,Unknown,,0.081,2007
2007-10-01,Willow Creek,River,Longnose Sucker,Unknown,156.0,,0.04,Unknown,,0.115,2007
2007-10-02,Willow Creek,River,Longnose Sucker,Unknown,152.0,,0.035,Unknown,,0.048,2007
2007-10-02,Willow Creek,River,Longnose Sucker,Unknown,183.0,,0.073,Unknown,,0.059,2007
2007-10-02,Willow Creek,River,Longnose Sucker,Unknown,295.0,,0.274,Unknown,,0.048,2007
2007-10-02,Willow Creek,River,Longnose Sucker,Unknown,131.0,,0.028,Unknown,,0.069,2007
2007-10-03,Willow Creek,River,Longnose Sucker,Unknown,99.0,,0.01,Unknown,,0.154,2007
2007-10-03,Willow Creek,River,Longnose Sucker,Unknown,159.0,,0.04,Unknown,,0.111,2007
2007-10-03,Willow Creek,River,Longnose Sucker,Unknown,207.0,,0.089,Unknown,,0.086,2007
2007-10-03,Willow Creek,River,Longnose Sucker,Unknown,213.0,,0.102,Unknown,,0.085,2007
2007-10-03,Willow Creek,River,Longnose Sucker,Unknown,273.0,,0.202,Unknown,,0.084,2007
2007-10-03,Willow Creek,River,Longnose Sucker,Unknown,265.0,,0.185,Unknown,,0.084,2007
2007-10-03,Willow Creek,River,Longnose Sucker,Unknown,284.0,,0.237,Unknown,,0.121,2007
2007-10-03,Willow Creek,River,Longnose Sucker,Unknown,246.0,,0.148,Unknown,,0.115,2007
2007-10-03,Willow Creek,River,Longnose Sucker,Unknown,297.0,,0.279,Unknown,,0.1,2007
2007-10-03,Willow Creek,River,Longnose Sucker,Unknown,304.0,,0.253,Unknown,,0.136,2007
2007-10-04,Willow Creek,River,Longnose Sucker,Unknown,320.0,,0.353,Unknown,,0.134,2007
2007-10-04,Willow Creek,River,Longnose Sucker,Unknown,328.0,,0.386,Unknown,,0.142,2007
2007-10-04,Willow Creek,River,Longnose Sucker,Unknown,299.0,,0.294,Unknown,,0.115,2007
2007-10-04,Willow Creek,River,Longnose Sucker,Unknown,340.0,,0.424,Unknown,,0.099,2007
2007-10-04,Willow Creek,River,Longnose Sucker,Unknown,271.0,,0.201,Unknown,,0.081,2007
2007-10-04,Willow Creek,River,Longnose Sucker,Unknown,273.0,,0.243,Unknown,,0.122,2007
2007-10-04,Willow Creek,River,Longnose Sucker,Unknown,332.0,,0.396,Unknown,,0.116,2007
2007-10-04,Willow Creek,River,Longnose Sucker,Unknown,156.0,,0.038,Unknown,,0.112,2007
2007-10-04,Willow Creek,River,Longnose Sucker,Unknown,285.0,,0.235,Unknown,,0.095,2007
2007-10-04,Willow Creek,River,Longnose Sucker,Unknown,337.0,,0.436,Unknown,,0.131,2007
2007-10-04,Willow Creek,River,Longnose Sucker,Unknown,305.0,,0.306,Unknown,,0.112,2007
2007-10-05,Willow Creek,River,Longnose Sucker,Unknown,273.0,,0.201,Unknown,,0.073,2007
2007-10-05,Willow Creek,River,Longnose Sucker,Unknown,226.0,,0.129,Unknown,,0.066,2007
2007-10-05,Willow Creek,River,Longnose Sucker,Unknown,184.0,,0.063,Unknown,,0.044,2007
2007-10-05,Willow Creek,River,Longnose Sucker,Unknown,194.0,,0.08,Unknown,,0.062,2007
1997-07-23,Willow Creek,River,Mountain Whitefish,Unknown,140.0,,0.027,Unknown,,0.032,1997
1997-07-23,Willow Creek,River,Mountain Whitefish,Unknown,260.0,,0.201,Unknown,,0.06,1997
1997-07-23,Willow Creek,River,Mountain Whitefish,Unknown,256.0,,0.206,Unknown,,0.098,1997
1997-07-23,Willow Creek,River,Mountain Whitefish,Unknown,278.0,,0.276,Unknown,,0.118,1997
1997-07-23,Willow Creek,River,Mountain Whitefish,Unknown,253.0,,0.209,Unknown,,0.06,1997
1997-07-23,Willow Creek,River,Mountain Whitefish,Unknown,250.0,,0.196,Unknown,,0.079,1997
1997-07-25,Willow Creek,River,Mountain Whitefish,Unknown,161.0,,0.043,Unknown,,0.029,1997
1997-08-01,Willow Creek,River,Mountain Whitefish,Unknown,246.0,,0.176,Unknown,,0.071,1997
1997-08-01,Willow Creek,River,Mountain Whitefish,Unknown,248.0,,0.195,Unknown,,0.059,1997
1997-08-01,Willow Creek,River,Mountain Whitefish,Unknown,237.0,,0.16,Unknown,,0.089,1997
1997-08-01,Willow Creek,River,Mountain Whitefish,Unknown,168.0,,0.049,Unknown,,0.043,1997
1997-08-01,Willow Creek,River,Mountain Whitefish,Unknown,162.0,,0.05,Unknown,,0.026,1997
1997-08-27,Willow Creek,River,Mountain Whitefish,Unknown,145.0,,0.03,Unknown,,0.034,1997
2003-07-17,Willow Creek,River,Mountain Whitefish,Unknown,,243.0,0.26,Unknown,,0.084,2003
2005-09-29,Willow Creek,River,Mountain Whitefish,Unknown,,189.0,,Unknown,,0.037,2005
2005-09-29,Willow Creek,River,Mountain Whitefish,Unknown,,184.0,,Unknown,,0.047,2005
1997-07-23,Willow Creek,River,Northern Pike,Unknown,706.0,,2.446,Unknown,,0.522,1997
1997-07-23,Willow Creek,River,Northern Pike,Unknown,774.0,,3.281,Unknown,,0.797,1997
1997-07-23,Willow Creek,River,Northern Pike,Unknown,544.0,,1.138,Unknown,,0.355,1997
1997-07-23,Willow Creek,River,Northern Pike,Unknown,535.0,,1.025,Unknown,,0.27,1997
1997-07-23,Willow Creek,River,Northern Pike,Unknown,691.0,,2.626,Unknown,,0.471,1997
2003-10-09,Willow Creek,River,Northern Pike,Unknown,,474.0,0.77,Unknown,,0.534,2003
2003-10-09,Willow Creek,River,Northern Pike,Unknown,,456.0,0.73,Unknown,,0.31,2003
2003-10-10,Willow Creek,River,Northern Pike,Unknown,,230.0,0.09,Unknown,,0.154,2003
2003-10-16,Willow Creek,River,Northern Pike,Unknown,,511.0,1.05,Unknown,,0.642,2003
2003-10-16,Willow Creek,River,Northern Pike,Unknown,,564.0,1.0,Unknown,,1.028,2003
2003-10-22,Willow Creek,River,Northern Pike,Unknown,,556.0,1.0,Unknown,,0.232,2003
2003-10-22,Willow Creek,River,Northern Pike,Unknown,,612.0,1.15,Unknown,,0.63,2003
2003-10-22,Willow Creek,River,Northern Pike,Unknown,,456.0,0.7,Unknown,,0.348,2003
2003-10-22,Willow Creek,River,Northern Pike,Unknown,,506.0,0.75,Unknown,,0.368,2003
2003-10-22,Willow Creek,River,Northern Pike,Unknown,,484.0,0.8,Unknown,,0.247,2003
2003-10-22,Willow Creek,River,Northern Pike,Unknown,,572.0,1.05,Unknown,,0.966,2003
2003-10-22,Willow Creek,River,Northern Pike,Unknown,,652.0,1.85,Unknown,,0.424,2003
2004-09-28,Willow Creek,River,Northern Pike,Unknown,135.0,,0.02,Unknown,,0.173,2004
2004-09-28,Willow Creek,River,Northern Pike,Unknown,590.0,,1.54,Unknown,,0.774,2004
2004-10-05,Willow Creek,River,Northern Pike,Unknown,460.0,,0.66,Unknown,,0.26,2004
2004-10-05,Willow Creek,River,Northern Pike,Unknown,575.0,,1.19,Unknown,,0.275,2004
2004-10-05,Willow Creek,River,Northern Pike,Unknown,484.0,,0.72,Unknown,,0.135,2004
2004-10-05,Willow Creek,River,Northern Pike,Unknown,564.0,,1.135,Unknown,,0.263,2004
2004-10-05,Willow Creek,River,Northern Pike,Unknown,596.0,,1.38,Unknown,,0.18,2004
2004-10-05,Willow Creek,River,Northern Pike,Unknown,820.0,,4.0,Unknown,,0.337,2004
2004-10-06,Willow Creek,River,Northern Pike,Unknown,444.0,,0.595,Unknown,,0.131,2004
2004-10-06,Willow Creek,River,Northern Pike,Unknown,490.0,,0.755,Unknown,,0.167,2004
2004-10-06,Willow Creek,River,Northern Pike,Unknown,498.0,,0.765,Unknown,,0.357,2004
2004-10-06,Willow Creek,River,Northern Pike,Unknown,502.0,,0.84,Unknown,,0.123,2004
2004-10-06,Willow Creek,River,Northern Pike,Unknown,509.0,,0.95,Unknown,,0.267,2004
2004-10-06,Willow Creek,River,Northern Pike,Unknown,524.0,,0.985,Unknown,,0.258,2004
2004-10-06,Willow Creek,River,Northern Pike,Unknown,549.0,,1.19,Unknown,,0.379,2004
2004-10-06,Willow Creek,River,Northern Pike,Unknown,555.0,,1.0,Unknown,,0.568,2004
2004-10-06,Willow Creek,River,Northern Pike,Unknown,556.0,,1.345,Unknown,,0.381,2004
2004-10-06,Willow Creek,River,Northern Pike,Unknown,567.0,,1.325,Unknown,,0.238,2004
2004-10-06,Willow Creek,River,Northern Pike,Unknown,569.0,,1.315,Unknown,,0.229,2004
2004-10-06,Willow Creek,River,Northern Pike,Unknown,629.0,,2.185,Unknown,,0.64,2004
2007-10-02,Willow Creek,River,Northern Pike,Unknown,649.0,,2.344,Unknown,,0.244,2007
2007-10-02,Willow Creek,River,Northern Pike,Unknown,184.0,,0.046,Unknown,,0.106,2007
2007-10-02,Willow Creek,River,Northern Pike,Unknown,211.0,,0.053,Unknown,,0.136,2007
2007-10-03,Willow Creek,River,Northern Pike,Unknown,514.0,,0.856,Unknown,,0.293,2007
2007-10-03,Willow Creek,River,Northern Pike,Unknown,508.0,,0.909,Unknown,,0.28,2007
2007-10-03,Willow Creek,River,Northern Pike,Unknown,504.0,,0.929,Unknown,,0.239,2007
2007-10-03,Willow Creek,River,Northern Pike,Unknown,616.0,,1.676,Unknown,,0.537,2007
2007-10-03,Willow Creek,River,Northern Pike,Unknown,516.0,,0.971,Unknown,,0.254,2007
2007-10-04,Willow Creek,River,Northern Pike,Unknown,572.0,,1.327,Unknown,,0.262,2007
2007-10-04,Willow Creek,River,Northern Pike,Unknown,552.0,,1.238,Unknown,,0.284,2007
2007-10-05,Willow Creek,River,Northern Pike,Unknown,623.0,,1.548,Unknown,,0.292,2007
2007-10-05,Willow Creek,River,Northern Pike,Unknown,624.0,,1.885,Unknown,,0.283,2007
2007-10-05,Willow Creek,River,Northern Pike,Unknown,574.0,,1.444,Unknown,,0.252,2007
1997-07-25,Willow Creek,River,Rainbow Trout,Unknown,335.0,,0.473,Unknown,,0.291,1997
1997-07-29,Willow Creek,River,Rainbow Trout,Unknown,137.0,,0.032,Unknown,,0.041,1997
1997-08-27,Willow Creek,River,Rainbow Trout,Unknown,145.0,,0.039,Unknown,,0.035,1997
1997-08-27,Willow Creek,River,Rainbow Trout,Unknown,190.0,,0.075,Unknown,,0.035,1997
1997-07-21,Willow Creek,River,Trout Perch,Unknown,,68.0,0.004,Unknown,,0.187,1997
1997-07-21,Willow Creek,River,Trout Perch,Unknown,,53.0,0.001,Unknown,,0.037,1997
1997-07-21,Willow Creek,River,Trout Perch,Unknown,,48.0,,Unknown,,0.025,1997
1997-07-21,Willow Creek,River,Trout Perch,Unknown,,46.0,,Unknown,,0.056,1997
1997-07-21,Willow Creek,River,Trout Perch,Unknown,,51.0,,Unknown,,0.072,1997
2003-10-10,Willow Creek,River,Trout Perch,Unknown,,84.0,,Unknown,,0.114,2003
2003-10-10,Willow Creek,River,Trout Perch,Unknown,,52.0,,Unknown,,0.063,2003
2003-10-10,Willow Creek,River,Trout Perch,Unknown,,51.0,,Unknown,,0.068,2003
2003-10-10,Willow Creek,River,Trout Perch,Unknown,,49.0,,Unknown,,0.059,2003
1997-07-24,Willow Creek,River,White Sucker,Unknown,150.0,,0.036,Unknown,,0.1,1997
1997-07-24,Willow Creek,River,White Sucker,Unknown,173.0,,0.062,Unknown,,0.069,1997
1997-07-24,Willow Creek,River,White Sucker,Unknown,175.0,,0.062,Unknown,,0.111,1997
1997-07-25,Willow Creek,River,White Sucker,Unknown,345.0,,0.527,Unknown,,0.37,1997
1997-07-25,Willow Creek,River,White Sucker,Unknown,313.0,,0.43,Unknown,,0.317,1997
1997-07-25,Willow Creek,River,White Sucker,Unknown,304.0,,0.4,Unknown,,0.083,1997
1997-07-29,Willow Creek,River,White Sucker,Unknown,373.0,,0.677,Unknown,,0.333,1997
1997-07-29,Willow Creek,River,White Sucker,Unknown,390.0,,0.787,Unknown,,0.483,1997
1997-07-30,Willow Creek,River,White Sucker,Unknown,,358.0,0.641,Unknown,,0.582,1997
1997-08-01,Willow Creek,River,White Sucker,Unknown,223.0,,0.142,Unknown,,0.139,1997
1997-08-27,Willow Creek,River,White Sucker,Unknown,355.0,,0.605,Unknown,,0.417,1997
1997-08-28,Willow Creek,River,White Sucker,Unknown,192.0,,0.085,Unknown,,0.102,1997
2003-10-06,Willow Creek,River,White Sucker,Unknown,,313.0,0.375,Unknown,,0.289,2003
2003-10-07,Willow Creek,River,White Sucker,Unknown,,216.0,0.115,Unknown,,0.098,2003
2003-10-07,Willow Creek,River,White Sucker,Unknown,,221.0,0.12,Unknown,,0.138,2003
2003-10-07,Willow Creek,River,White Sucker,Unknown,,256.0,0.23,Unknown,,0.154,2003
2003-10-07,Willow Creek,River,White Sucker,Unknown,,316.0,0.36,Unknown,,0.175,2003
2003-10-07,Willow Creek,River,White Sucker,Unknown,,373.0,0.655,Unknown,,0.414,2003
2003-10-08,Willow Creek,River,White Sucker,Unknown,,266.0,0.245,Unknown,,0.148,2003
2003-10-08,Willow Creek,River,White Sucker,Unknown,,210.0,0.07,Unknown,,0.113,2003
2003-10-08,Willow Creek,River,White Sucker,Unknown,,215.0,0.09,Unknown,,0.149,2003
2003-10-08,Willow Creek,River,White Sucker,Unknown,,232.0,0.14,Unknown,,0.145,2003
2003-10-08,Willow Creek,River,White Sucker,Unknown,,283.0,0.19,Unknown,,0.12,2003
2003-10-08,Willow Creek,River,White Sucker,Unknown,,319.0,0.365,Unknown,,0.211,2003
2003-10-08,Willow Creek,River,White Sucker,Unknown,,106.0,0.01,Unknown,,0.099,2003
2003-10-08,Willow Creek,River,White Sucker,Unknown,,92.0,,Unknown,,0.098,2003
2003-10-08,Willow Creek,River,White Sucker,Unknown,,84.0,,Unknown,,0.074,2003
2003-10-08,Willow Creek,River,White Sucker,Unknown,,124.0,0.025,Unknown,,0.073,2003
2003-10-08,Willow Creek,River,White Sucker,Unknown,,99.0,,Unknown,,0.041,2003
2003-10-08,Willow Creek,River,White Sucker,Unknown,,114.0,0.02,Unknown,,0.055,2003
2003-10-09,Willow Creek,River,White Sucker,Unknown,,320.0,0.42,Unknown,,0.133,2003
2003-10-09,Willow Creek,River,White Sucker,Unknown,,330.0,0.55,Unknown,,0.208,2003
2003-10-10,Willow Creek,River,White Sucker,Unknown,,221.0,0.15,Unknown,,0.113,2003
2003-10-10,Willow Creek,River,White Sucker,Unknown,,250.0,0.23,Unknown,,0.123,2003
2003-10-10,Willow Creek,River,White Sucker,Unknown,,152.0,0.03,Unknown,,0.098,2003
2003-10-10,Willow Creek,River,White Sucker,Unknown,,211.0,0.135,Unknown,,0.09,2003
2003-10-10,Willow Creek,River,White Sucker,Unknown,,174.0,0.055,Unknown,,0.12,2003
2003-10-10,Willow Creek,River,White Sucker,Unknown,,131.0,0.02,Unknown,,0.115,2003
2003-10-10,Willow Creek,River,White Sucker,Unknown,,157.0,0.04,Unknown,,0.093,2003
2003-10-10,Willow Creek,River,White Sucker,Unknown,,147.0,0.03,Unknown,,0.089,2003
2003-10-10,Willow Creek,River,White Sucker,Unknown,,133.0,0.015,Unknown,,0.057,2003
2003-10-10,Willow Creek,River,White Sucker,Unknown,,157.0,0.09,Unknown,,0.123,2003
2004-09-28,Willow Creek,River,White Sucker,Unknown,110.0,,0.015,Unknown,,0.151,2004
2004-09-28,Willow Creek,River,White Sucker,Unknown,130.0,,0.03,Unknown,,0.085,2004
2004-09-28,Willow Creek,River,White Sucker,Unknown,145.0,,0.02,Unknown,,0.109,2004
2004-09-28,Willow Creek,River,White Sucker,Unknown,175.0,,0.065,Unknown,,0.175,2004
2004-09-28,Willow Creek,River,White Sucker,Unknown,185.0,,0.08,Unknown,,0.083,2004
2004-09-28,Willow Creek,River,White Sucker,Unknown,200.0,,0.095,Unknown,,0.144,2004
2004-09-28,Willow Creek,River,White Sucker,Unknown,350.0,,0.56,Unknown,,0.176,2004
2004-09-28,Willow Creek,River,White Sucker,Unknown,355.0,,0.59,Unknown,,0.188,2004
2004-09-28,Willow Creek,River,White Sucker,Unknown,355.0,,0.685,Unknown,,0.177,2004
2004-09-28,Willow Creek,River,White Sucker,Unknown,360.0,,0.675,Unknown,,0.26,2004
2004-09-29,Willow Creek,River,White Sucker,Unknown,122.0,,0.02,Unknown,,0.145,2004
2004-09-29,Willow Creek,River,White Sucker,Unknown,133.0,,0.03,Unknown,,0.192,2004
2004-09-29,Willow Creek,River,White Sucker,Unknown,174.0,,0.065,Unknown,,0.137,2004
2004-09-29,Willow Creek,River,White Sucker,Unknown,189.0,,0.085,Unknown,,0.169,2004
2004-09-29,Willow Creek,River,White Sucker,Unknown,223.0,,0.05,Unknown,,0.178,2004
2004-09-29,Willow Creek,River,White Sucker,Unknown,189.0,,0.08,Unknown,,0.158,2004
2004-09-29,Willow Creek,River,White Sucker,Unknown,193.0,,0.09,Unknown,,0.139,2004
2004-09-29,Willow Creek,River,White Sucker,Unknown,203.0,,0.115,Unknown,,0.167,2004
2004-09-29,Willow Creek,River,White Sucker,Unknown,289.0,,0.33,Unknown,,0.297,2004
2004-09-29,Willow Creek,River,White Sucker,Unknown,388.0,,0.89,Unknown,,0.472,2004
2004-10-01,Willow Creek,River,White Sucker,Unknown,74.0,,0.0048,Unknown,,0.131,2004
2004-10-01,Willow Creek,River,White Sucker,Unknown,76.0,,0.0052,Unknown,,0.134,2004
2004-10-01,Willow Creek,River,White Sucker,Unknown,80.0,,0.0058,Unknown,,0.044,2004
2004-10-01,Willow Creek,River,White Sucker,Unknown,108.0,,0.01,Unknown,,0.044,2004
2004-10-01,Willow Creek,River,White Sucker,Unknown,283.0,,0.3,Unknown,,0.168,2004
2004-10-01,Willow Creek,River,White Sucker,Unknown,93.0,,0.0052,Unknown,,0.048,2004
2004-10-01,Willow Creek,River,White Sucker,Unknown,97.0,,0.005,Unknown,,0.051,2004
2004-10-01,Willow Creek,River,White Sucker,Unknown,98.0,,0.0050999999999999995,Unknown,,0.055,2004
2004-10-01,Willow Creek,River,White Sucker,Unknown,99.0,,0.01,Unknown,,0.066,2004
2004-10-01,Willow Creek,River,White Sucker,Unknown,113.0,,0.015,Unknown,,0.039,2004
2004-10-07,Willow Creek,River,White Sucker,Unknown,216.0,,0.165,Unknown,,0.121,2004
2004-10-07,Willow Creek,River,White Sucker,Unknown,76.0,,0.0046,Unknown,,0.188,2004
2004-10-07,Willow Creek,River,White Sucker,Unknown,81.0,,0.005900000000000001,Unknown,,0.153,2004
2004-10-07,Willow Creek,River,White Sucker,Unknown,106.0,,0.0154,Unknown,,0.193,2004
2004-10-07,Willow Creek,River,White Sucker,Unknown,213.0,,0.115,Unknown,,0.149,2004
2004-10-07,Willow Creek,River,White Sucker,Unknown,78.0,,0.0045,Unknown,,0.076,2004
2004-10-07,Willow Creek,River,White Sucker,Unknown,113.0,,0.01,Unknown,,0.052,2004
2004-10-07,Willow Creek,River,White Sucker,Unknown,114.0,,0.015,Unknown,,0.135,2004
2004-10-07,Willow Creek,River,White Sucker,Unknown,135.0,,0.02,Unknown,,0.157,2004
2004-10-07,Willow Creek,River,White Sucker,Unknown,307.0,,0.385,Unknown,,0.154,2004
2005-09-28,Willow Creek,River,White Sucker,Unknown,,412.0,0.901,Unknown,,0.25,2005
2005-09-28,Willow Creek,River,White Sucker,Unknown,,322.0,0.447,Unknown,,0.198,2005
2005-09-28,Willow Creek,River,White Sucker,Unknown,,443.0,,Unknown,,0.693,2005
2005-09-28,Willow Creek,River,White Sucker,Unknown,,381.0,0.733,Unknown,,0.49,2005
2005-09-28,Willow Creek,River,White Sucker,Unknown,,259.0,0.212,Unknown,,0.172,2005
2005-09-28,Willow Creek,River,White Sucker,Unknown,,345.0,0.451,Unknown,,0.209,2005
2005-09-28,Willow Creek,River,White Sucker,Unknown,,223.0,0.221,Unknown,,0.057,2005
2005-09-28,Willow Creek,River,White Sucker,Unknown,,340.0,0.523,Unknown,,0.174,2005
2005-09-28,Willow Creek,River,White Sucker,Unknown,,376.0,0.706,Unknown,,0.31,2005
2005-09-28,Willow Creek,River,White Sucker,Unknown,,236.0,0.475,Unknown,,0.324,2005
2005-09-28,Willow Creek,River,White Sucker,Unknown,,391.0,0.771,Unknown,,0.266,2005
2005-09-28,Willow Creek,River,White Sucker,Unknown,,409.0,0.901,Unknown,,0.658,2005
2005-09-28,Willow Creek,River,White Sucker,Unknown,,308.0,0.381,Unknown,,0.201,2005
2005-09-28,Willow Creek,River,White Sucker,Unknown,,359.0,0.601,Unknown,,0.169,2005
2005-09-28,Willow Creek,River,White Sucker,Unknown,,162.0,0.052,Unknown,,0.085,2005
2005-09-28,Willow Creek,River,White Sucker,Unknown,,366.0,0.654,Unknown,,0.438,2005
2005-09-28,Willow Creek,River,White Sucker,Unknown,,343.0,0.606,Unknown,,0.24,2005
2005-09-28,Willow Creek,River,White Sucker,Unknown,,422.0,1.011,Unknown,,0.598,2005
2005-09-28,Willow Creek,River,White Sucker,Unknown,,383.0,0.737,Unknown,,0.316,2005
2005-09-28,Willow Creek,River,White Sucker,Unknown,,389.0,0.785,Unknown,,0.397,2005
2005-09-29,Willow Creek,River,White Sucker,Unknown,,139.0,,Unknown,,0.075,2005
2005-09-29,Willow Creek,River,White Sucker,Unknown,,127.0,,Unknown,,0.054,2005
2005-09-29,Willow Creek,River,White Sucker,Unknown,,258.0,,Unknown,,0.161,2005
2005-09-29,Willow Creek,River,White Sucker,Unknown,,246.0,,Unknown,,0.105,2005
2005-09-29,Willow Creek,River,White Sucker,Unknown,,145.0,,Unknown,,0.048,2005
2005-09-29,Willow Creek,River,White Sucker,Unknown,,283.0,,Unknown,,0.065,2005
2005-09-29,Willow Creek,River,White Sucker,Unknown,,361.0,,Unknown,,0.536,2005
2005-09-29,Willow Creek,River,White Sucker,Unknown,,351.0,,Unknown,,0.238,2005
2005-09-29,Willow Creek,River,White Sucker,Unknown,,381.0,,Unknown,,0.31,2005
2005-09-29,Willow Creek,River,White Sucker,Unknown,,405.0,,Unknown,,0.527,2005
2005-09-29,Willow Creek,River,White Sucker,Unknown,,351.0,,Unknown,,0.314,2005
2007-10-01,Willow Creek,River,White Sucker,Unknown,328.0,,0.463,Unknown,,0.136,2007
2007-10-01,Willow Creek,River,White Sucker,Unknown,214.0,,0.121,Unknown,,0.078,2007
2007-10-01,Willow Creek,River,White Sucker,Unknown,235.0,,0.165,Unknown,,0.118,2007
2007-10-01,Willow Creek,River,White Sucker,Unknown,258.0,,0.236,Unknown,,0.134,2007
2007-10-01,Willow Creek,River,White Sucker,Unknown,349.0,,0.577,Unknown,,0.473,2007
2007-10-01,Willow Creek,River,White Sucker,Unknown,385.0,,0.681,Unknown,,0.387,2007
2007-10-01,Willow Creek,River,White Sucker,Unknown,377.0,,0.781,Unknown,,0.353,2007
2007-10-01,Willow Creek,River,White Sucker,Unknown,105.0,,0.008,Unknown,,0.148,2007
2007-10-01,Willow Creek,River,White Sucker,Unknown,340.0,,0.503,Unknown,,0.127,2007
2007-10-01,Willow Creek,River,White Sucker,Unknown,376.0,,0.737,Unknown,,0.392,2007
2007-10-02,Willow Creek,River,White Sucker,Unknown,142.0,,0.029,Unknown,,0.084,2007
2007-10-02,Willow Creek,River,White Sucker,Unknown,159.0,,0.05,Unknown,,0.065,2007
2007-10-02,Willow Creek,River,White Sucker,Unknown,232.0,,0.168,Unknown,,0.073,2007
2007-10-02,Willow Creek,River,White Sucker,Unknown,229.0,,0.16,Unknown,,0.089,2007
2007-10-02,Willow Creek,River,White Sucker,Unknown,276.0,,0.311,Unknown,,0.098,2007
2007-10-02,Willow Creek,River,White Sucker,Unknown,316.0,,0.459,Unknown,,0.099,2007
2007-10-02,Willow Creek,River,White Sucker,Unknown,223.0,,0.265,Unknown,,0.089,2007
2007-10-02,Willow Creek,River,White Sucker,Unknown,267.0,,0.284,Unknown,,0.092,2007
2007-10-02,Willow Creek,River,White Sucker,Unknown,404.0,,0.891,Unknown,,0.304,2007
2007-10-02,Willow Creek,River,White Sucker,Unknown,398.0,,0.957,Unknown,,0.39,2007
2007-10-02,Willow Creek,River,White Sucker,Unknown,139.0,,0.033,Unknown,,0.101,2007
2007-10-03,Willow Creek,River,White Sucker,Unknown,132.0,,0.024,Unknown,,0.105,2007
2007-10-03,Willow Creek,River,White Sucker,Unknown,130.0,,0.025,Unknown,,0.07,2007
2007-10-03,Willow Creek,River,White Sucker,Unknown,124.0,,0.021,Unknown,,0.068,2007
2007-10-04,Willow Creek,River,White Sucker,Unknown,257.0,,0.201,Unknown,,0.108,2007
2007-10-04,Willow Creek,River,White Sucker,Unknown,112.0,,0.016,Unknown,,0.119,2007
2007-10-04,Willow Creek,River,White Sucker,Unknown,144.0,,0.037,Unknown,,0.079,2007
2007-10-04,Willow Creek,River,White Sucker,Unknown,123.0,,0.02,Unknown,,0.13,2007
2007-10-04,Willow Creek,River,White Sucker,Unknown,121.0,,0.02,Unknown,,0.078,2007
2007-10-04,Willow Creek,River,White Sucker,Unknown,305.0,,0.338,Unknown,,0.185,2007
2007-10-04,Willow Creek,River,White Sucker,Unknown,341.0,,0.432,Unknown,,0.197,2007
2007-10-04,Willow Creek,River,White Sucker,Unknown,265.0,,0.238,Unknown,,0.107,2007
2007-10-04,Willow Creek,River,White Sucker,Unknown,200.0,,0.104,Unknown,,0.097,2007
2007-10-04,Willow Creek,River,White Sucker,Unknown,176.0,,0.068,Unknown,,0.156,2007
2007-10-04,Willow Creek,River,White Sucker,Unknown,174.0,,0.067,Unknown,,0.204,2007
2007-10-04,Willow Creek,River,White Sucker,Unknown,163.0,,0.052,Unknown,,0.196,2007
2007-10-04,Willow Creek,River,White Sucker,Unknown,176.0,,0.063,Unknown,,0.143,2007
2007-10-04,Willow Creek,River,White Sucker,Unknown,241.0,,0.176,Unknown,,0.18,2007
2007-10-04,Willow Creek,River,White Sucker,Unknown,125.0,,0.022,Unknown,,0.085,2007
2007-10-04,Willow Creek,River,White Sucker,Unknown,282.0,,0.275,Unknown,,0.154,2007
2007-10-04,Willow Creek,River,White Sucker,Unknown,357.0,,0.584,Unknown,,0.346,2007
2012-09-12,Willow Lake (Gregoire Lake),Lake,Lake Whitefish,Male,,550.0,3.15,Unknown,,0.052,2012
2012-09-12,Willow Lake (Gregoire Lake),Lake,Lake Whitefish,Female,,470.0,1.76,Unknown,,0.035,2012
2012-09-12,Willow Lake (Gregoire Lake),Lake,Lake Whitefish,Male,,540.0,1.42,Unknown,,0.063,2012
2012-09-12,Willow Lake (Gregoire Lake),Lake,Lake Whitefish,Female,,550.0,2.64,Unknown,,0.05,2012
2012-09-12,Willow Lake (Gregoire Lake),Lake,Northern Pike,Female,,750.0,3.2,Unknown,,0.647,2012
2012-09-12,Willow Lake (Gregoire Lake),Lake,Northern Pike,Female,,760.0,3.65,Unknown,,1.014,2012
2012-09-11,Willow Lake (Gregoire Lake),Lake,Walleye,Unknown,,520.0,1.3,Unknown,,0.212,2012
2012-09-11,Willow Lake (Gregoire Lake),Lake,Walleye,Unknown,,520.0,1.34,Unknown,,0.172,2012
2012-09-11,Willow Lake (Gregoire Lake),Lake,Walleye,Unknown,,500.0,1.25,Unknown,,0.171,2012
2012-09-11,Willow Lake (Gregoire Lake),Lake,Walleye,Female,,500.0,1.13,Unknown,,0.166,2012
2012-09-11,Willow Lake (Gregoire Lake),Lake,Walleye,Female,,470.0,1.05,Unknown,,0.132,2012
2012-09-12,Willow Lake (Gregoire Lake),Lake,Walleye,Female,,470.0,1.2,Unknown,,0.15,2012
2012-09-12,Willow Lake (Gregoire Lake),Lake,Walleye,Male,,470.0,1.08,Unknown,,0.212,2012
2012-09-12,Willow Lake (Gregoire Lake),Lake,Walleye,Unknown,,470.0,1.22,Unknown,,0.137,2012
2012-09-12,Willow Lake (Gregoire Lake),Lake,Walleye,Unknown,,570.0,1.89,Unknown,,0.274,2012
2020-09-01,Winagami Lake,Lake,Lake Whitefish,Male,553.0,616.0,3.205,Mature,15.0,0.07,2020
2020-09-01,Winagami Lake,Lake,Lake Whitefish,Female,545.0,607.0,2.775,Mature,11.0,0.058,2020
2020-09-01,Winagami Lake,Lake,Lake Whitefish,Female,581.0,650.0,3.545,Mature,15.0,0.115,2020
2020-09-01,Winagami Lake,Lake,Lake Whitefish,Female,515.0,583.0,2.56,Mature,13.0,0.075,2020
2020-09-01,Winagami Lake,Lake,Lake Whitefish,Female,566.0,639.0,3.14,Mature,14.0,0.066,2020
2020-09-01,Winagami Lake,Lake,Lake Whitefish,Male,554.0,613.0,2.645,Mature,14.0,0.055,2020
2020-09-01,Winagami Lake,Lake,Lake Whitefish,Female,545.0,613.0,2.91,Mature,,0.082,2020
2020-09-01,Winagami Lake,Lake,Lake Whitefish,Male,543.0,605.0,2.7,Mature,14.0,0.072,2020
2020-09-01,Winagami Lake,Lake,Lake Whitefish,Female,523.0,593.0,2.66,Mature,16.0,0.056,2020
2020-09-01,Winagami Lake,Lake,Lake Whitefish,Male,535.0,607.0,2.915,Mature,14.0,0.057,2020
2020-09-01,Winagami Lake,Lake,Lake Whitefish,Male,513.0,575.0,2.185,Mature,17.0,0.067,2020
2020-09-01,Winagami Lake,Lake,Lake Whitefish,Male,517.0,590.0,2.34,Mature,19.0,0.076,2020
2020-09-01,Winagami Lake,Lake,Lake Whitefish,Female,551.0,620.0,2.475,Mature,14.0,0.047,2020
2020-09-01,Winagami Lake,Lake,Lake Whitefish,Male,570.0,645.0,2.895,Mature,13.0,0.074,2020
2020-09-01,Winagami Lake,Lake,Lake Whitefish,Male,555.0,625.0,3.01,Mature,14.0,0.033,2020
2020-09-01,Winagami Lake,Lake,Lake Whitefish,Male,543.0,605.0,2.67,Mature,13.0,0.076,2020
2020-09-01,Winagami Lake,Lake,Lake Whitefish,Male,520.0,581.0,2.15,Mature,10.0,0.086,2020
2010-09-17,Winagami Lake,Lake,Northern Pike,Male,527.0,560.0,1.15,Mature,4.0,0.13,2010
2010-09-17,Winagami Lake,Lake,Northern Pike,Female,,619.0,1.33,Unknown,,0.139,2010
2010-09-17,Winagami Lake,Lake,Northern Pike,Female,543.0,577.0,1.09,Mature,3.0,0.138,2010
2010-09-17,Winagami Lake,Lake,Northern Pike,Female,598.0,631.0,1.53,Mature,4.0,0.096,2010
2010-09-17,Winagami Lake,Lake,Northern Pike,Female,634.0,668.0,2.035,Mature,6.0,0.106,2010
2010-09-17,Winagami Lake,Lake,Northern Pike,Male,,627.0,1.615,Unknown,,0.109,2010
2010-09-17,Winagami Lake,Lake,Northern Pike,Female,595.0,625.0,1.5,Mature,5.0,0.168,2010
2010-09-17,Winagami Lake,Lake,Northern Pike,Female,,690.0,2.07,Unknown,,0.13,2010
2010-09-17,Winagami Lake,Lake,Northern Pike,Female,625.0,659.0,1.675,Mature,6.0,0.107,2010
2010-09-17,Winagami Lake,Lake,Northern Pike,Female,,663.0,1.565,Unknown,,0.119,2010
2010-09-17,Winagami Lake,Lake,Northern Pike,Female,549.0,581.0,1.305,Mature,4.0,0.098,2010
2020-09-01,Winagami Lake,Lake,Northern Pike,Male,561.0,600.0,1.25,Mature,7.0,0.153,2020
2020-09-01,Winagami Lake,Lake,Northern Pike,Female,549.0,581.0,1.025,Mature,6.0,0.112,2020
2020-09-01,Winagami Lake,Lake,Northern Pike,Female,560.0,600.0,1.26,Mature,5.0,0.187,2020
2020-09-01,Winagami Lake,Lake,Northern Pike,Male,450.0,477.0,0.64,Mature,4.0,0.056,2020
2020-09-01,Winagami Lake,Lake,Northern Pike,Male,538.0,580.0,1.165,Mature,6.0,0.187,2020
2020-09-01,Winagami Lake,Lake,Northern Pike,Female,597.0,637.0,1.315,Mature,7.0,0.245,2020
2020-09-01,Winagami Lake,Lake,Northern Pike,Female,435.0,464.0,0.505,Mature,4.0,0.059,2020
2020-09-01,Winagami Lake,Lake,Northern Pike,Female,540.0,577.0,1.05,Mature,5.0,0.152,2020
2020-09-01,Winagami Lake,Lake,Northern Pike,Male,485.0,516.0,0.895,Mature,4.0,0.043,2020
2020-09-01,Winagami Lake,Lake,Northern Pike,Male,546.0,583.0,1.17,Mature,6.0,0.223,2020
2020-09-01,Winagami Lake,Lake,Northern Pike,Female,510.0,541.0,1.005,Mature,4.0,0.056,2020
2020-09-01,Winagami Lake,Lake,Northern Pike,Female,580.0,624.0,1.26,Mature,9.0,0.205,2020
2020-09-01,Winagami Lake,Lake,Northern Pike,Female,520.0,551.0,0.93,Mature,4.0,0.043,2020
2020-09-01,Winagami Lake,Lake,Northern Pike,Male,422.0,449.0,0.515,Mature,3.0,0.034,2020
2020-09-01,Winagami Lake,Lake,Northern Pike,Female,570.0,602.0,1.145,Mature,7.0,0.155,2020
2020-09-01,Winagami Lake,Lake,Northern Pike,Male,565.0,603.0,1.37,Mature,7.0,0.134,2020
2020-09-01,Winagami Lake,Lake,Northern Pike,Male,471.0,503.0,0.695,Mature,4.0,0.059,2020
2020-09-01,Winagami Lake,Lake,Northern Pike,Male,435.0,461.0,0.57,Mature,4.0,0.05,2020
2020-09-01,Winagami Lake,Lake,Northern Pike,Female,487.0,517.0,0.875,Mature,4.0,0.035,2020
2010-09-17,Winagami Lake,Lake,Walleye,Male,600.0,625.0,2.76,Mature,13.0,0.217,2010
2010-09-17,Winagami Lake,Lake,Walleye,Female,483.0,507.0,1.45,Immature,4.0,0.089,2010
2010-09-17,Winagami Lake,Lake,Walleye,Male,,564.0,1.875,Unknown,,0.211,2010
2010-09-17,Winagami Lake,Lake,Walleye,Male,,531.0,1.615,Unknown,,0.151,2010
2010-09-17,Winagami Lake,Lake,Walleye,Female,575.0,603.0,2.445,Mature,6.0,0.173,2010
2010-09-17,Winagami Lake,Lake,Walleye,Male,590.0,620.0,2.465,Mature,13.0,0.282,2010
2010-09-17,Winagami Lake,Lake,Walleye,Female,464.0,489.0,1.185,Immature,4.0,0.103,2010
2010-09-17,Winagami Lake,Lake,Walleye,Female,,605.0,2.38,Unknown,,0.255,2010
2010-09-17,Winagami Lake,Lake,Walleye,Female,,609.0,2.125,Unknown,,0.169,2010
2010-09-17,Winagami Lake,Lake,Walleye,Male,591.0,624.0,2.4,Mature,12.0,0.231,2010
2020-09-01,Winagami Lake,Lake,Walleye,Male,430.0,453.0,0.875,Mature,5.0,0.142,2020
2020-09-01,Winagami Lake,Lake,Walleye,Male,427.0,444.0,0.915,Mature,4.0,0.088,2020
2020-09-01,Winagami Lake,Lake,Walleye,Female,505.0,533.0,1.34,Mature,7.0,0.186,2020
2020-09-01,Winagami Lake,Lake,Walleye,Female,567.0,609.0,1.805,Mature,12.0,0.49,2020
2020-09-01,Winagami Lake,Lake,Walleye,Male,539.0,560.0,1.77,Mature,12.0,0.368,2020
2020-09-01,Winagami Lake,Lake,Walleye,Female,480.0,510.0,1.355,Mature,7.0,0.197,2020
2020-09-01,Winagami Lake,Lake,Walleye,Male,535.0,561.0,1.52,Mature,12.0,0.323,2020
2020-09-01,Winagami Lake,Lake,Walleye,Male,440.0,464.0,0.975,Mature,7.0,0.202,2020
2020-09-01,Winagami Lake,Lake,Walleye,Male,531.0,557.0,1.58,Mature,12.0,0.37,2020
2020-09-01,Winagami Lake,Lake,Walleye,Male,461.0,480.0,1.17,Mature,7.0,0.198,2020
2020-09-01,Winagami Lake,Lake,Walleye,Male,525.0,550.0,1.72,Mature,12.0,0.438,2020
2020-09-01,Winagami Lake,Lake,Walleye,Male,526.0,548.0,1.428,Mature,,0.463,2020
2020-09-01,Winagami Lake,Lake,Walleye,Male,503.0,530.0,1.455,Mature,7.0,0.205,2020
2020-09-01,Winagami Lake,Lake,Walleye,Male,460.0,491.0,1.165,Mature,7.0,0.167,2020
2020-09-01,Winagami Lake,Lake,Walleye,Male,484.0,510.0,1.17,Mature,12.0,0.428,2020
2020-09-01,Winagami Lake,Lake,Walleye,Female,512.0,533.0,1.46,Mature,7.0,0.187,2020
2020-09-01,Winagami Lake,Lake,Walleye,Female,539.0,565.0,1.705,Mature,12.0,0.327,2020
2020-09-01,Winagami Lake,Lake,Walleye,Male,472.0,494.0,1.15,Mature,7.0,0.209,2020
2020-09-01,Winagami Lake,Lake,Walleye,Male,542.0,570.0,1.55,Mature,12.0,0.395,2020
2020-09-01,Winagami Lake,Lake,Walleye,Male,495.0,516.0,1.32,Mature,7.0,0.16,2020
2020-09-01,Winagami Lake,Lake,Walleye,Male,491.0,514.0,1.25,Mature,7.0,0.187,2020
2012-08-24,Wizard Lake,Lake,Northern Pike,Male,,524.0,0.82,Unknown,,0.24,2012
2012-08-24,Wizard Lake,Lake,Northern Pike,Female,,497.0,0.74,Unknown,,0.241,2012
2012-08-24,Wizard Lake,Lake,Northern Pike,Female,,500.0,0.74,Unknown,,0.123,2012
2012-08-24,Wizard Lake,Lake,Northern Pike,Male,,558.0,1.1,Unknown,,0.179,2012
2012-08-24,Wizard Lake,Lake,Northern Pike,Female,,550.0,0.82,Unknown,,0.308,2012
2012-08-24,Wizard Lake,Lake,Northern Pike,Male,,443.0,0.55,Unknown,,0.108,2012
2012-08-24,Wizard Lake,Lake,Northern Pike,Female,,493.0,0.73,Unknown,,0.096,2012
2012-09-17,Wizard Lake,Lake,Northern Pike,Unknown,,440.0,0.63,Unknown,,0.227,2012
2012-09-17,Wizard Lake,Lake,Northern Pike,Unknown,,440.0,0.678,Unknown,,0.127,2012
2012-09-17,Wizard Lake,Lake,Northern Pike,Unknown,,540.0,1.12,Unknown,,0.223,2012
2012-09-17,Wizard Lake,Lake,Northern Pike,Unknown,,520.0,0.96,Unknown,,0.354,2012
2012-09-17,Wizard Lake,Lake,Northern Pike,Unknown,,490.0,0.88,Unknown,,0.143,2012
2012-09-17,Wizard Lake,Lake,Northern Pike,Female,,530.0,1.18,Unknown,,0.213,2012
2012-09-17,Wizard Lake,Lake,Northern Pike,Unknown,,530.0,1.1,Unknown,,0.228,2012
2012-09-17,Wizard Lake,Lake,Northern Pike,Unknown,,400.0,0.57,Unknown,,0.099,2012
2011-09-21,Wolf Lake,Lake,Lake Whitefish,Female,491.0,543.0,1.925,Mature,,0.063,2011
2011-09-21,Wolf Lake,Lake,Lake Whitefish,Female,450.0,511.0,1.65,Mature,,0.095,2011
2011-09-21,Wolf Lake,Lake,Lake Whitefish,Male,468.0,521.0,1.775,Mature,,0.052,2011
2011-09-21,Wolf Lake,Lake,Lake Whitefish,Female,451.0,499.0,1.625,Mature,,0.095,2011
2011-09-21,Wolf Lake,Lake,Lake Whitefish,Female,478.0,528.0,1.875,Mature,,0.114,2011
2011-09-21,Wolf Lake,Lake,Lake Whitefish,Male,429.0,494.0,1.4,Mature,,0.235,2011
2011-09-21,Wolf Lake,Lake,Lake Whitefish,Female,484.0,537.0,1.85,Mature,,0.101,2011
2011-09-21,Wolf Lake,Lake,Lake Whitefish,Unknown,,,1.6,Mature,,0.122,2011
2011-09-21,Wolf Lake,Lake,Lake Whitefish,Unknown,,,1.825,Mature,,0.106,2011
2011-09-22,Wolf Lake,Lake,Lake Whitefish,Female,460.0,522.0,1.7,Mature,,0.092,2011
2011-09-21,Wolf Lake,Lake,Northern Pike,Female,629.0,657.0,1.65,Mature,6.0,0.407,2011
2011-09-21,Wolf Lake,Lake,Northern Pike,Female,575.0,614.0,1.475,Immature,6.0,0.215,2011
2011-09-21,Wolf Lake,Lake,Northern Pike,Unknown,,,1.175,Mature,,0.336,2011
2011-09-21,Wolf Lake,Lake,Northern Pike,Male,540.0,581.0,1.175,Mature,3.0,0.166,2011
2011-09-21,Wolf Lake,Lake,Northern Pike,Male,466.0,495.0,0.75,Mature,2.0,0.122,2011
2011-09-21,Wolf Lake,Lake,Northern Pike,Female,537.0,570.0,1.15,Mature,3.0,0.418,2011
2011-09-21,Wolf Lake,Lake,Northern Pike,Female,552.0,589.0,1.1,Mature,5.0,0.467,2011
2011-09-22,Wolf Lake,Lake,Northern Pike,Male,516.0,550.0,0.925,Mature,4.0,0.315,2011
2011-09-22,Wolf Lake,Lake,Northern Pike,Female,603.0,641.0,1.625,Mature,6.0,0.496,2011
2011-09-22,Wolf Lake,Lake,Northern Pike,Female,573.0,607.0,1.55,Mature,5.0,0.444,2011
2018-09-25,Wolf Lake,Lake,Northern Pike,Female,965.0,1010.0,6.35,Mature,15.0,1.761,2018
2018-09-25,Wolf Lake,Lake,Northern Pike,Male,735.0,775.0,3.195,Mature,10.0,0.939,2018
2018-09-26,Wolf Lake,Lake,Northern Pike,Female,620.0,659.0,2.08,Mature,4.0,0.38,2018
2011-09-21,Wolf Lake,Lake,Walleye,Male,455.0,482.0,1.15,Mature,14.0,0.63,2011
2011-09-21,Wolf Lake,Lake,Walleye,Male,427.0,453.0,0.8,Mature,13.0,0.629,2011
2011-09-21,Wolf Lake,Lake,Walleye,Female,494.0,523.0,1.275,Mature,14.0,0.702,2011
2011-09-21,Wolf Lake,Lake,Walleye,Female,550.0,583.0,1.725,Mature,12.0,0.687,2011
2011-09-21,Wolf Lake,Lake,Walleye,Male,392.0,419.0,0.675,Mature,9.0,0.429,2011
2011-09-21,Wolf Lake,Lake,Walleye,Male,424.0,451.0,0.75,Mature,13.0,0.726,2011
2011-09-21,Wolf Lake,Lake,Walleye,Unknown,,,0.925,Mature,,0.714,2011
2011-09-21,Wolf Lake,Lake,Walleye,Unknown,,,0.925,Mature,,0.442,2011
2011-09-21,Wolf Lake,Lake,Walleye,Unknown,,,0.925,Mature,,0.579,2011
2011-09-21,Wolf Lake,Lake,Walleye,Female,369.0,404.0,0.575,Immature,5.0,0.255,2011
2018-09-25,Wolf Lake,Lake,Walleye,Male,425.0,452.0,0.849,Mature,8.0,0.581,2018
2018-09-25,Wolf Lake,Lake,Walleye,Female,435.0,460.0,1.005,Mature,7.0,0.441,2018
2018-09-25,Wolf Lake,Lake,Walleye,Female,455.0,484.0,0.95,Mature,8.0,0.5,2018
2018-09-25,Wolf Lake,Lake,Walleye,Male,487.0,516.0,1.175,Mature,20.0,0.788,2018
2018-09-25,Wolf Lake,Lake,Walleye,Female,445.0,472.0,0.94,Mature,8.0,0.632,2018
2018-09-25,Wolf Lake,Lake,Walleye,Female,590.0,625.0,1.47,Mature,16.0,1.828,2018
2018-09-25,Wolf Lake,Lake,Walleye,Male,523.0,552.0,1.455,Mature,21.0,0.944,2018
2018-09-25,Wolf Lake,Lake,Walleye,Female,325.0,344.0,0.324,Immature,3.0,0.393,2018
2018-09-25,Wolf Lake,Lake,Walleye,Male,465.0,493.0,1.085,Mature,19.0,0.69,2018
2018-09-25,Wolf Lake,Lake,Walleye,Female,489.0,518.0,1.375,Mature,10.0,0.614,2018
2018-09-25,Wolf Lake,Lake,Walleye,Female,480.0,509.0,1.225,Mature,12.0,0.765,2018
2018-09-25,Wolf Lake,Lake,Walleye,Male,465.0,488.0,1.15,Mature,19.0,0.704,2018
2018-09-26,Wolf Lake,Lake,Walleye,Male,371.0,396.0,0.575,Mature,4.0,0.363,2018
2018-09-26,Wolf Lake,Lake,Walleye,Male,400.0,425.0,0.628,Mature,6.0,0.397,2018
2018-09-26,Wolf Lake,Lake,Walleye,Female,329.0,350.0,0.353,Immature,5.0,0.377,2018
2018-09-26,Wolf Lake,Lake,Walleye,Male,340.0,360.0,0.404,Immature,4.0,0.304,2018
